fee_id,loan_id,fee_type,amount,charged_date,waived_by
1,386,Service Charge,15143.41,2025-07-05,
2,967,Processing Fee,41188.74,2024-07-13,
3,700,Late Payment Fee,34784.6,2022-11-07,
4,598,Prepayment Penalty,48008.72,2024-07-06,
5,301,Service Charge,31023.74,2020-02-08,
6,486,Late Payment Fee,6515.32,2025-06-20,
7,87,Service Charge,6420.54,2025-07-15,
8,369,Prepayment Penalty,29719.96,2024-02-19,emp469
9,543,Processing Fee,49756.76,2018-05-27,emp378
10,316,Prepayment Penalty,18052.79,2020-01-06,
11,381,Prepayment Penalty,11830.57,2025-08-11,
12,554,Service Charge,25599.54,2018-06-05,
13,151,Processing Fee,40429.29,2020-07-01,
14,1000,Prepayment Penalty,42597.35,2018-07-31,
15,535,Prepayment Penalty,35751.48,2023-05-15,
16,896,Late Payment Fee,39882.72,2025-06-08,
17,137,Service Charge,33303.0,2024-09-16,
18,806,Service Charge,36037.16,2022-01-17,
19,163,Late Payment Fee,47082.53,2020-01-25,
20,139,Prepayment Penalty,44224.9,2019-01-05,
21,368,Service Charge,7281.35,2024-12-27,
22,727,Late Payment Fee,8437.84,2024-11-19,
23,647,Processing Fee,6888.67,2019-09-03,
24,566,Late Payment Fee,32739.23,2025-04-09,
25,39,Prepayment Penalty,4023.3,2023-10-19,
26,340,Prepayment Penalty,34798.01,2023-06-05,
27,524,Service Charge,24030.74,2018-04-05,
28,960,Late Payment Fee,33092.59,2024-08-21,
29,571,Service Charge,24055.48,2022-12-16,emp404
30,240,Late Payment Fee,32279.88,2018-07-18,
31,126,Late Payment Fee,37408.23,2018-06-12,
32,218,Late Payment Fee,24342.18,2018-02-15,
33,822,Late Payment Fee,48759.94,2022-11-25,
34,655,Prepayment Penalty,39936.04,2020-09-17,
35,552,Processing Fee,47970.06,2022-01-16,
36,458,Prepayment Penalty,41665.37,2022-03-01,
37,383,Processing Fee,7198.11,2023-09-27,
38,267,Service Charge,30448.1,2019-07-23,
39,374,Processing Fee,23817.82,2020-10-04,
40,91,Processing Fee,27478.04,2021-05-18,
41,646,Late Payment Fee,44329.42,2020-03-08,
42,368,Late Payment Fee,18566.18,2021-09-13,
43,742,Service Charge,9876.55,2023-01-14,
44,788,Service Charge,40825.08,2018-03-06,emp428
45,871,Late Payment Fee,211.62,2019-12-12,
46,869,Service Charge,28435.91,2020-10-07,
47,425,Prepayment Penalty,40133.61,2022-12-31,
48,879,Processing Fee,2230.59,2018-04-01,
49,762,Processing Fee,35191.53,2025-01-29,
50,230,Late Payment Fee,8194.5,2025-06-21,
51,364,Service Charge,11266.81,2023-07-17,
52,266,Service Charge,10467.36,2022-10-27,
53,344,Prepayment Penalty,1977.12,2019-07-18,
54,722,Service Charge,44124.84,2019-12-07,
55,989,Late Payment Fee,12619.87,2024-07-19,
56,942,Late Payment Fee,8467.54,2020-07-18,
57,652,Prepayment Penalty,7241.14,2024-01-11,
58,224,Prepayment Penalty,36201.92,2018-07-22,
59,603,Prepayment Penalty,34920.49,2023-02-22,
60,595,Processing Fee,303.32,2019-01-27,
61,32,Prepayment Penalty,3579.73,2018-09-02,
62,544,Processing Fee,20670.78,2022-02-26,
63,881,Service Charge,28793.26,2025-05-30,
64,749,Processing Fee,38708.56,2025-03-20,
65,641,Late Payment Fee,3192.17,2024-12-02,
66,234,Service Charge,11956.02,2019-09-10,
67,655,Service Charge,548.47,2018-11-24,
68,990,Late Payment Fee,35857.52,2025-08-28,
69,15,Processing Fee,36389.91,2022-09-04,
70,540,Prepayment Penalty,6195.83,2025-01-07,
71,674,Prepayment Penalty,39724.88,2024-07-11,
72,875,Late Payment Fee,13476.7,2024-12-22,
73,705,Service Charge,30293.96,2019-11-30,
74,942,Prepayment Penalty,10137.45,2023-12-04,
75,577,Prepayment Penalty,25496.54,2019-02-28,
76,432,Prepayment Penalty,28550.1,2024-11-15,
77,56,Processing Fee,16079.09,2023-01-02,
78,992,Late Payment Fee,36997.4,2024-12-06,
79,146,Late Payment Fee,42033.29,2019-01-06,
80,913,Late Payment Fee,7813.53,2022-01-28,emp163
81,405,Processing Fee,24269.26,2024-01-08,
82,450,Late Payment Fee,30321.71,2020-01-29,
83,445,Processing Fee,27888.79,2022-10-20,emp133
84,235,Processing Fee,20580.31,2018-07-16,
85,185,Service Charge,41450.49,2021-04-26,
86,11,Late Payment Fee,15673.79,2019-02-01,
87,428,Processing Fee,33275.5,2024-12-01,
88,206,Prepayment Penalty,23919.67,2024-12-28,
89,388,Service Charge,1200.03,2023-03-23,
90,279,Late Payment Fee,2261.63,2024-02-05,
91,434,Prepayment Penalty,36078.86,2023-07-15,
92,429,Late Payment Fee,18253.84,2024-08-28,
93,256,Processing Fee,35157.13,2018-11-08,
94,133,Prepayment Penalty,30259.6,2019-04-28,
95,674,Service Charge,12645.08,2020-03-22,
96,483,Processing Fee,32348.53,2025-04-07,
97,42,Late Payment Fee,45273.23,2018-09-25,
98,886,Late Payment Fee,36195.5,2024-12-18,
99,178,Late Payment Fee,13809.89,2023-11-03,
100,302,Processing Fee,44484.89,2023-08-02,
101,204,Late Payment Fee,13323.01,2018-11-24,
102,902,Late Payment Fee,42388.49,2019-08-20,
103,773,Late Payment Fee,25542.36,2021-02-05,
104,911,Processing Fee,7096.69,2019-04-06,
105,216,Late Payment Fee,7677.21,2022-09-29,
106,883,Late Payment Fee,29355.3,2020-01-09,
107,577,Processing Fee,49345.53,2022-08-10,
108,513,Processing Fee,19485.13,2020-05-23,
109,525,Service Charge,39514.55,2018-09-16,
110,596,Prepayment Penalty,20235.96,2020-08-24,
111,530,Processing Fee,16215.55,2020-09-29,
112,9,Prepayment Penalty,19594.24,2018-04-29,
113,304,Prepayment Penalty,10086.01,2021-07-18,
114,982,Processing Fee,27422.46,2024-01-06,
115,637,Late Payment Fee,43038.9,2023-02-25,
116,224,Service Charge,29793.47,2020-11-21,
117,584,Service Charge,49793.36,2025-05-04,
118,250,Late Payment Fee,45511.58,2025-03-26,
119,643,Late Payment Fee,49263.66,2020-03-18,
120,336,Processing Fee,19722.2,2023-11-26,
121,885,Service Charge,12237.63,2023-10-21,
122,165,Service Charge,45104.94,2023-08-06,
123,680,Late Payment Fee,23719.56,2024-02-05,emp805
124,387,Service Charge,37717.43,2024-03-10,
125,658,Prepayment Penalty,40547.66,2024-02-19,
126,386,Late Payment Fee,19973.27,2023-08-12,
127,324,Processing Fee,7456.88,2018-08-05,
128,106,Late Payment Fee,21111.6,2022-06-08,
129,988,Late Payment Fee,39979.95,2023-07-28,emp716
130,345,Service Charge,17926.14,2021-10-11,
131,280,Processing Fee,41863.06,2019-12-22,
132,716,Prepayment Penalty,3891.74,2021-06-07,
133,623,Service Charge,6335.12,2025-02-26,
134,175,Late Payment Fee,40053.87,2023-10-10,
135,87,Processing Fee,48742.19,2025-07-12,
136,26,Service Charge,1833.45,2021-05-24,
137,751,Late Payment Fee,33456.19,2019-02-21,
138,977,Service Charge,25251.35,2018-05-24,
139,541,Processing Fee,1812.73,2022-06-14,
140,931,Service Charge,17890.68,2024-06-29,
141,147,Prepayment Penalty,9600.36,2021-01-22,
142,427,Service Charge,41980.46,2019-10-12,
143,428,Late Payment Fee,34545.19,2021-07-19,
144,878,Service Charge,17916.73,2023-08-06,
145,50,Service Charge,2267.87,2018-12-18,
146,23,Late Payment Fee,21451.39,2021-05-20,
147,447,Prepayment Penalty,22968.9,2023-07-18,
148,125,Late Payment Fee,2477.14,2024-06-29,
149,412,Late Payment Fee,22032.41,2021-10-30,
150,370,Prepayment Penalty,31178.69,2021-05-02,
151,107,Late Payment Fee,42590.38,2022-04-14,
152,95,Processing Fee,20073.59,2022-01-07,
153,184,Late Payment Fee,49126.07,2020-07-19,
154,573,Prepayment Penalty,8427.68,2024-06-10,
155,550,Prepayment Penalty,31915.03,2020-04-03,
156,760,Prepayment Penalty,17064.63,2020-10-19,
157,465,Late Payment Fee,23962.84,2019-02-09,
158,799,Service Charge,26054.95,2022-04-03,
159,24,Prepayment Penalty,3712.72,2020-04-21,
160,586,Service Charge,23851.36,2023-03-24,
161,568,Service Charge,15042.63,2025-02-12,emp600
162,931,Service Charge,12381.14,2020-05-19,
163,106,Late Payment Fee,47493.06,2022-07-30,
164,417,Late Payment Fee,32374.65,2024-02-03,
165,385,Prepayment Penalty,22867.75,2019-09-30,
166,7,Prepayment Penalty,47784.03,2020-12-24,
167,6,Service Charge,18590.83,2018-03-08,
168,324,Processing Fee,6290.47,2022-08-04,emp374
169,765,Processing Fee,13953.36,2023-05-22,
170,457,Processing Fee,45765.95,2019-06-28,
171,748,Late Payment Fee,27839.02,2020-08-29,
172,411,Service Charge,21748.97,2019-09-13,
173,356,Late Payment Fee,37888.45,2024-12-08,
174,671,Processing Fee,31032.42,2021-03-08,
175,509,Prepayment Penalty,40096.54,2019-01-30,
176,433,Prepayment Penalty,14208.29,2021-02-11,
177,635,Prepayment Penalty,6037.72,2021-10-09,
178,674,Prepayment Penalty,808.54,2024-03-29,
179,373,Late Payment Fee,43170.49,2019-03-11,emp427
180,35,Prepayment Penalty,31404.13,2018-04-11,
181,736,Service Charge,37958.44,2022-02-09,
182,33,Prepayment Penalty,31869.7,2021-02-24,emp159
183,283,Late Payment Fee,37046.23,2019-08-03,
184,252,Late Payment Fee,47852.41,2024-10-30,
185,247,Processing Fee,6076.33,2024-02-26,
186,554,Prepayment Penalty,43728.53,2021-12-11,
187,465,Service Charge,5430.51,2019-12-14,
188,19,Processing Fee,46430.86,2022-10-02,
189,752,Prepayment Penalty,13397.73,2025-09-01,
190,396,Processing Fee,41185.63,2024-05-22,
191,264,Late Payment Fee,37848.82,2022-04-18,
192,862,Service Charge,26847.33,2023-02-15,
193,909,Processing Fee,41982.69,2024-04-17,
194,1000,Late Payment Fee,38931.59,2022-10-26,
195,326,Late Payment Fee,7836.44,2021-07-08,
196,552,Service Charge,42322.55,2018-09-12,
197,179,Service Charge,5209.89,2023-03-24,
198,401,Processing Fee,30158.58,2021-05-04,
199,156,Late Payment Fee,29915.12,2025-05-13,
200,981,Service Charge,5403.83,2022-02-12,
201,455,Processing Fee,41458.76,2018-11-14,
202,996,Late Payment Fee,41962.23,2025-07-07,
203,267,Prepayment Penalty,12414.49,2021-04-05,
204,410,Service Charge,26839.09,2024-01-08,
205,754,Service Charge,44349.38,2023-02-20,
206,2,Prepayment Penalty,48506.04,2020-08-05,
207,943,Service Charge,39005.83,2022-05-18,
208,218,Prepayment Penalty,947.66,2025-08-14,
209,724,Prepayment Penalty,19664.15,2019-05-10,
210,266,Late Payment Fee,7008.09,2022-09-21,
211,940,Processing Fee,24084.5,2025-07-16,
212,372,Processing Fee,14709.87,2024-03-17,
213,521,Service Charge,1211.85,2024-02-01,
214,600,Processing Fee,30616.27,2018-02-10,
215,58,Late Payment Fee,18985.03,2024-07-15,
216,14,Processing Fee,30134.95,2018-05-04,
217,239,Service Charge,28092.07,2024-03-30,
218,1,Late Payment Fee,30077.94,2022-10-01,
219,464,Prepayment Penalty,41808.14,2018-09-26,
220,960,Prepayment Penalty,8882.53,2024-09-02,
221,195,Service Charge,15788.95,2025-08-01,
222,969,Late Payment Fee,33295.63,2019-12-04,
223,929,Prepayment Penalty,33543.37,2024-08-11,
224,850,Late Payment Fee,30706.03,2023-04-14,
225,153,Service Charge,24569.55,2024-08-28,
226,523,Late Payment Fee,577.58,2025-03-21,
227,282,Service Charge,10323.85,2019-10-19,
228,202,Late Payment Fee,8510.1,2020-06-04,
229,38,Processing Fee,42215.93,2020-06-13,
230,394,Late Payment Fee,6917.04,2023-03-25,
231,253,Service Charge,21060.79,2018-09-19,
232,295,Late Payment Fee,20591.03,2021-03-04,
233,336,Prepayment Penalty,6978.07,2023-01-08,
234,154,Late Payment Fee,17931.71,2020-05-07,
235,948,Service Charge,14696.85,2021-06-15,
236,400,Processing Fee,15015.61,2023-11-23,
237,402,Late Payment Fee,47427.76,2023-06-25,emp948
238,567,Processing Fee,5410.23,2023-04-18,
239,60,Prepayment Penalty,49487.34,2022-05-27,
240,41,Prepayment Penalty,18175.25,2018-04-20,emp203
241,413,Service Charge,39052.21,2021-05-08,
242,483,Prepayment Penalty,5587.75,2020-10-30,
243,84,Processing Fee,15955.9,2020-09-30,
244,812,Processing Fee,9644.35,2019-02-15,
245,727,Service Charge,44575.51,2024-08-18,
246,718,Late Payment Fee,39403.84,2024-11-08,
247,736,Processing Fee,22119.07,2024-01-29,
248,912,Service Charge,30519.03,2025-01-16,
249,695,Late Payment Fee,25761.5,2025-07-29,
250,121,Prepayment Penalty,21737.52,2024-08-03,
251,818,Processing Fee,46872.35,2020-07-19,
252,891,Late Payment Fee,13155.88,2023-11-22,
253,420,Service Charge,21158.23,2018-12-10,
254,122,Service Charge,32626.85,2018-08-02,
255,346,Processing Fee,11931.99,2018-05-21,
256,897,Processing Fee,47822.12,2023-08-06,
257,416,Processing Fee,47608.18,2019-01-31,
258,876,Service Charge,1181.36,2023-03-16,
259,21,Late Payment Fee,15130.18,2025-05-12,
260,35,Late Payment Fee,19833.76,2020-02-22,
261,308,Prepayment Penalty,39554.27,2022-03-17,
262,679,Service Charge,2257.87,2023-01-08,
263,446,Late Payment Fee,4772.77,2024-02-22,
264,756,Late Payment Fee,47126.01,2024-02-04,
265,762,Service Charge,28565.24,2018-02-25,emp520
266,579,Prepayment Penalty,3159.91,2018-09-28,
267,132,Service Charge,24220.25,2019-05-05,
268,80,Service Charge,14852.73,2018-04-13,
269,293,Late Payment Fee,26878.88,2023-02-12,
270,648,Prepayment Penalty,22162.44,2019-04-09,
271,785,Processing Fee,6333.23,2022-04-23,
272,946,Late Payment Fee,22059.64,2019-01-11,
273,425,Processing Fee,17259.18,2018-05-31,
274,526,Service Charge,20099.27,2018-12-06,
275,306,Processing Fee,2985.29,2020-09-19,
276,655,Service Charge,10584.01,2024-06-09,
277,651,Prepayment Penalty,15564.82,2019-06-16,
278,444,Service Charge,48669.41,2023-08-15,emp370
279,795,Processing Fee,46932.13,2022-05-05,
280,455,Service Charge,12434.96,2022-12-18,
281,554,Processing Fee,19568.16,2020-09-11,
282,392,Late Payment Fee,13127.36,2018-11-01,
283,773,Late Payment Fee,30695.48,2019-03-02,
284,95,Service Charge,37195.75,2019-11-22,
285,552,Service Charge,39969.55,2021-02-15,
286,96,Processing Fee,48645.52,2019-01-24,
287,883,Late Payment Fee,26938.17,2019-11-21,
288,266,Service Charge,15602.03,2023-04-02,emp677
289,944,Service Charge,45671.95,2020-05-07,
290,158,Service Charge,29508.63,2022-01-08,
291,909,Service Charge,9695.13,2021-02-05,
292,221,Late Payment Fee,8775.23,2023-03-26,
293,667,Processing Fee,40870.13,2021-09-15,
294,31,Service Charge,36576.01,2018-08-04,
295,705,Processing Fee,20325.95,2023-03-05,
296,955,Late Payment Fee,20153.03,2020-09-28,
297,756,Processing Fee,23256.39,2023-10-03,
298,325,Late Payment Fee,14503.96,2020-05-19,
299,489,Service Charge,3662.72,2021-03-24,
300,7,Service Charge,21003.36,2022-12-26,
301,327,Prepayment Penalty,9849.79,2023-06-25,
302,40,Processing Fee,26062.74,2019-02-03,
303,92,Late Payment Fee,40589.09,2018-02-05,emp194
304,37,Prepayment Penalty,39997.29,2019-01-31,
305,661,Late Payment Fee,18910.15,2019-09-02,
306,809,Late Payment Fee,38218.71,2022-05-06,
307,787,Processing Fee,18353.38,2024-08-28,
308,417,Service Charge,46295.04,2020-04-05,
309,732,Service Charge,1945.66,2024-04-26,
310,657,Service Charge,23094.61,2021-11-27,
311,775,Processing Fee,39068.72,2020-05-03,
312,321,Processing Fee,5357.28,2020-07-21,
313,6,Processing Fee,39400.47,2019-04-22,
314,827,Service Charge,30763.59,2021-02-21,
315,985,Service Charge,34317.3,2019-09-11,
316,887,Late Payment Fee,43219.79,2022-02-27,
317,718,Service Charge,46301.96,2022-05-08,
318,382,Late Payment Fee,17163.34,2019-01-20,
319,888,Processing Fee,1316.86,2019-02-05,
320,359,Late Payment Fee,44547.44,2024-03-08,
321,413,Late Payment Fee,40379.48,2023-06-04,
322,269,Prepayment Penalty,36186.82,2023-05-24,
323,685,Service Charge,8732.43,2021-04-30,
324,634,Service Charge,33069.91,2025-04-05,
325,454,Prepayment Penalty,44527.3,2024-05-19,
326,31,Processing Fee,22495.61,2024-05-18,
327,710,Prepayment Penalty,16362.47,2024-04-04,
328,767,Processing Fee,17479.25,2024-12-16,
329,776,Prepayment Penalty,12315.8,2021-10-08,
330,650,Prepayment Penalty,22233.79,2025-01-27,
331,27,Service Charge,15288.06,2022-05-07,
332,905,Service Charge,32266.01,2023-10-03,
333,698,Processing Fee,27787.83,2025-01-16,
334,250,Late Payment Fee,32032.78,2020-05-06,
335,327,Processing Fee,47991.91,2025-05-09,
336,92,Processing Fee,6441.14,2023-03-19,
337,525,Processing Fee,19235.99,2022-09-19,
338,640,Service Charge,8758.65,2018-04-12,
339,682,Prepayment Penalty,444.18,2024-06-15,
340,750,Late Payment Fee,7399.44,2025-03-21,emp474
341,412,Service Charge,48853.11,2020-04-26,
342,544,Late Payment Fee,18663.1,2024-09-19,emp792
343,654,Prepayment Penalty,4680.65,2024-12-21,
344,732,Prepayment Penalty,39668.51,2019-01-19,
345,578,Processing Fee,1173.11,2025-04-04,emp512
346,34,Late Payment Fee,47583.66,2024-08-11,
347,858,Prepayment Penalty,16707.44,2018-03-15,
348,66,Processing Fee,26646.82,2023-02-14,
349,879,Late Payment Fee,15910.6,2021-01-15,
350,189,Processing Fee,25667.43,2025-03-08,
351,130,Processing Fee,22758.07,2021-04-14,
352,998,Prepayment Penalty,2509.73,2021-12-19,
353,916,Late Payment Fee,23806.2,2023-09-14,
354,92,Prepayment Penalty,49865.43,2018-08-06,
355,449,Late Payment Fee,42744.31,2020-09-22,
356,513,Service Charge,18693.7,2023-07-10,
357,604,Prepayment Penalty,13410.17,2020-11-08,
358,1,Service Charge,8327.23,2020-01-09,
359,89,Late Payment Fee,22014.28,2022-08-01,
360,850,Processing Fee,18933.83,2023-05-13,
361,164,Prepayment Penalty,23583.96,2023-11-14,
362,884,Service Charge,5317.96,2024-12-31,
363,747,Prepayment Penalty,25374.15,2018-06-27,
364,540,Prepayment Penalty,25605.84,2024-09-07,
365,824,Prepayment Penalty,44408.62,2019-09-25,
366,125,Service Charge,14503.96,2019-05-22,
367,485,Processing Fee,23810.01,2019-11-29,
368,390,Prepayment Penalty,41932.85,2023-12-29,
369,141,Service Charge,24334.16,2021-11-26,
370,345,Processing Fee,13238.89,2022-01-18,
371,518,Late Payment Fee,3352.31,2020-03-30,
372,609,Service Charge,11517.92,2019-02-26,
373,895,Late Payment Fee,5386.4,2025-04-03,
374,703,Late Payment Fee,2431.49,2025-06-15,
375,949,Prepayment Penalty,38327.05,2022-02-18,
376,214,Late Payment Fee,33465.21,2024-04-19,
377,619,Processing Fee,24693.41,2019-12-12,
378,85,Prepayment Penalty,31237.34,2021-09-06,
379,388,Prepayment Penalty,5149.93,2023-01-26,
380,888,Late Payment Fee,15080.82,2025-07-19,emp468
381,530,Prepayment Penalty,5491.98,2020-10-06,
382,800,Late Payment Fee,13750.65,2023-04-12,
383,681,Service Charge,40989.3,2018-06-24,
384,305,Service Charge,43172.26,2024-01-19,
385,648,Processing Fee,584.2,2022-10-24,emp9
386,967,Service Charge,11999.89,2022-03-22,
387,284,Prepayment Penalty,4218.53,2022-10-21,
388,523,Prepayment Penalty,30150.14,2020-03-01,
389,32,Service Charge,27747.77,2024-10-12,
390,255,Service Charge,3665.23,2023-04-29,emp535
391,30,Late Payment Fee,43237.9,2020-02-18,
392,784,Processing Fee,14054.08,2019-04-05,
393,933,Prepayment Penalty,31613.77,2022-11-03,
394,797,Prepayment Penalty,26415.84,2018-11-28,
395,452,Prepayment Penalty,13739.67,2025-03-22,
396,21,Service Charge,43914.68,2021-05-07,
397,1,Service Charge,1747.44,2018-09-08,
398,904,Processing Fee,47861.4,2018-09-14,
399,156,Prepayment Penalty,46990.66,2022-06-24,
400,977,Processing Fee,6168.61,2024-10-07,emp393
401,905,Processing Fee,37523.07,2024-10-20,emp56
402,168,Late Payment Fee,7568.46,2022-08-02,
403,866,Prepayment Penalty,11247.11,2021-02-23,
404,317,Service Charge,1883.94,2025-01-05,
405,35,Prepayment Penalty,29633.23,2021-04-17,
406,660,Service Charge,42384.23,2019-08-03,
407,171,Processing Fee,47944.56,2025-01-03,
408,335,Late Payment Fee,1395.6,2022-08-21,
409,975,Late Payment Fee,17247.93,2020-06-04,
410,431,Processing Fee,46190.63,2023-09-19,
411,837,Late Payment Fee,34462.08,2023-04-09,emp803
412,465,Prepayment Penalty,15371.04,2018-12-16,
413,938,Prepayment Penalty,7691.61,2021-03-18,
414,745,Service Charge,33994.1,2023-10-20,
415,642,Service Charge,24044.44,2018-11-21,
416,772,Late Payment Fee,21121.19,2019-02-05,
417,330,Prepayment Penalty,27703.21,2019-12-01,
418,652,Prepayment Penalty,26788.23,2018-09-20,
419,265,Processing Fee,47064.41,2021-09-07,
420,941,Processing Fee,31781.23,2021-10-05,
421,15,Processing Fee,14170.06,2018-03-08,
422,497,Late Payment Fee,32080.61,2023-02-19,
423,969,Processing Fee,5250.11,2019-11-29,
424,431,Processing Fee,11509.25,2023-11-07,
425,626,Service Charge,16534.01,2018-05-27,
426,438,Processing Fee,33066.34,2024-12-16,
427,741,Service Charge,41145.75,2021-05-02,
428,356,Late Payment Fee,16312.73,2019-07-17,
429,243,Prepayment Penalty,785.16,2021-05-16,
430,853,Prepayment Penalty,17939.18,2024-07-25,
431,332,Service Charge,47982.78,2018-01-15,
432,13,Service Charge,28034.72,2019-09-30,
433,531,Late Payment Fee,40902.44,2025-03-25,
434,314,Prepayment Penalty,9534.46,2018-02-17,
435,623,Prepayment Penalty,49915.88,2019-07-15,
436,348,Processing Fee,49985.8,2023-08-14,
437,575,Service Charge,12268.48,2024-07-29,
438,35,Late Payment Fee,40090.06,2020-07-09,
439,756,Prepayment Penalty,14461.81,2020-06-16,
440,265,Prepayment Penalty,707.5,2021-10-21,
441,298,Service Charge,9609.21,2024-02-17,
442,160,Late Payment Fee,32405.57,2021-01-17,emp124
443,35,Service Charge,45166.68,2023-06-11,
444,313,Late Payment Fee,49389.61,2019-08-14,
445,542,Late Payment Fee,28019.31,2022-12-11,
446,532,Prepayment Penalty,18881.07,2018-06-30,
447,568,Processing Fee,2364.26,2021-12-29,
448,237,Processing Fee,15409.22,2024-07-13,
449,596,Late Payment Fee,10247.32,2025-01-12,
450,761,Late Payment Fee,13324.31,2023-08-28,
451,230,Prepayment Penalty,39371.86,2025-05-01,
452,538,Service Charge,37485.76,2023-08-21,
453,662,Processing Fee,5378.0,2025-03-05,
454,382,Prepayment Penalty,18116.16,2023-02-24,
455,545,Prepayment Penalty,46958.48,2023-11-25,emp50
456,309,Service Charge,4910.44,2021-09-27,
457,474,Processing Fee,48584.5,2022-12-06,
458,830,Processing Fee,32715.99,2018-04-10,
459,2,Processing Fee,12345.14,2025-05-26,
460,675,Prepayment Penalty,16296.61,2019-02-06,
461,177,Prepayment Penalty,11170.88,2021-02-18,
462,817,Prepayment Penalty,43908.96,2023-08-29,
463,918,Late Payment Fee,21265.39,2018-06-03,
464,43,Late Payment Fee,30423.42,2021-05-25,
465,717,Service Charge,32304.79,2024-02-08,
466,517,Processing Fee,14855.52,2022-07-12,
467,477,Late Payment Fee,41988.45,2023-04-08,
468,215,Prepayment Penalty,39037.47,2019-05-28,
469,691,Late Payment Fee,34297.62,2020-10-01,
470,445,Prepayment Penalty,21175.37,2024-01-17,
471,770,Service Charge,39065.91,2024-02-13,
472,295,Late Payment Fee,4441.71,2020-03-03,
473,138,Late Payment Fee,1552.4,2019-12-21,
474,725,Processing Fee,23234.43,2019-10-19,
475,292,Late Payment Fee,16860.18,2023-09-20,
476,394,Late Payment Fee,42831.01,2019-06-07,
477,501,Service Charge,47787.6,2020-10-03,
478,785,Service Charge,6928.89,2018-08-02,
479,339,Processing Fee,8225.94,2018-08-15,
480,852,Processing Fee,17715.18,2024-04-09,
481,728,Service Charge,17459.29,2020-03-13,
482,463,Late Payment Fee,18714.64,2024-10-26,
483,902,Prepayment Penalty,45546.25,2024-05-16,
484,715,Late Payment Fee,21351.73,2023-04-17,
485,376,Service Charge,4434.54,2024-02-07,
486,907,Late Payment Fee,46656.18,2023-09-09,
487,57,Late Payment Fee,3483.95,2020-06-10,
488,667,Processing Fee,10881.79,2024-06-27,
489,175,Late Payment Fee,7833.17,2020-06-05,
490,517,Prepayment Penalty,41568.08,2021-02-21,
491,694,Service Charge,16480.65,2019-10-20,
492,431,Processing Fee,48250.35,2023-01-21,
493,430,Prepayment Penalty,474.18,2023-01-05,
494,414,Service Charge,14502.35,2025-07-04,
495,4,Prepayment Penalty,1975.59,2023-06-27,
496,961,Service Charge,33770.36,2024-11-10,
497,241,Late Payment Fee,4492.59,2024-02-20,
498,513,Service Charge,5934.38,2023-09-13,
499,753,Processing Fee,17423.77,2019-06-06,
500,78,Processing Fee,32774.13,2022-03-25,
501,362,Prepayment Penalty,13603.71,2023-10-02,
502,913,Service Charge,19830.98,2023-07-18,
503,734,Service Charge,17170.82,2022-01-26,
504,673,Processing Fee,28483.71,2020-08-08,
505,345,Service Charge,25113.97,2025-02-09,
506,10,Service Charge,37126.02,2018-09-15,emp314
507,462,Service Charge,43056.97,2018-02-04,
508,434,Service Charge,10857.08,2019-12-02,
509,670,Late Payment Fee,49147.01,2023-08-15,
510,670,Late Payment Fee,35325.17,2022-09-22,emp584
511,663,Service Charge,38762.4,2018-04-10,
512,468,Prepayment Penalty,34613.51,2025-02-19,
513,686,Late Payment Fee,46422.82,2021-11-12,
514,103,Prepayment Penalty,19790.82,2019-01-04,emp701
515,857,Prepayment Penalty,48646.47,2018-06-08,
516,531,Prepayment Penalty,21288.7,2025-03-24,
517,666,Service Charge,12261.92,2025-05-22,
518,564,Service Charge,40984.6,2023-03-19,
519,110,Prepayment Penalty,7996.04,2020-12-23,
520,571,Late Payment Fee,31834.28,2024-03-29,
521,366,Service Charge,6123.67,2021-11-13,
522,796,Late Payment Fee,44699.99,2022-07-14,
523,242,Processing Fee,25361.5,2024-01-25,
524,267,Processing Fee,26483.74,2019-12-08,
525,790,Late Payment Fee,42432.6,2021-02-11,
526,43,Processing Fee,37747.29,2018-12-31,
527,945,Prepayment Penalty,11849.15,2025-01-31,
528,755,Processing Fee,1415.01,2023-09-19,
529,380,Service Charge,22870.87,2024-10-23,
530,197,Late Payment Fee,41688.92,2023-10-22,
531,152,Service Charge,1062.84,2021-03-17,
532,396,Prepayment Penalty,13889.93,2020-12-18,
533,849,Service Charge,30785.17,2018-04-22,
534,328,Late Payment Fee,45975.16,2022-12-20,
535,105,Prepayment Penalty,33210.75,2018-02-02,
536,690,Processing Fee,46475.69,2018-10-13,
537,876,Prepayment Penalty,43898.84,2018-01-30,
538,196,Processing Fee,31869.08,2022-08-10,
539,918,Processing Fee,49512.96,2020-07-13,
540,354,Prepayment Penalty,6225.45,2023-05-14,
541,161,Processing Fee,21496.49,2021-03-29,
542,827,Prepayment Penalty,48599.77,2021-08-05,
543,201,Service Charge,18040.58,2023-02-06,
544,485,Late Payment Fee,26751.61,2025-08-01,
545,507,Late Payment Fee,16107.49,2021-11-25,
546,440,Processing Fee,19647.16,2024-01-01,
547,848,Late Payment Fee,42548.42,2025-07-06,
548,109,Service Charge,27728.26,2019-05-27,
549,48,Late Payment Fee,24909.95,2025-08-26,
550,895,Service Charge,35801.76,2021-12-14,
551,488,Prepayment Penalty,3474.19,2025-01-22,
552,369,Late Payment Fee,40727.16,2019-12-10,
553,917,Prepayment Penalty,40802.09,2021-06-25,
554,925,Service Charge,15363.34,2023-05-30,
555,701,Processing Fee,6038.75,2019-12-06,
556,673,Processing Fee,24560.58,2023-12-25,
557,732,Late Payment Fee,16911.29,2023-11-09,
558,497,Service Charge,22431.81,2019-04-05,
559,729,Prepayment Penalty,44999.77,2021-08-15,
560,83,Service Charge,15136.45,2021-12-15,
561,184,Late Payment Fee,6261.93,2020-12-13,
562,659,Processing Fee,38161.78,2019-10-14,
563,132,Service Charge,25319.15,2019-02-26,
564,616,Prepayment Penalty,16087.35,2021-09-16,
565,556,Late Payment Fee,40228.49,2020-06-07,
566,189,Processing Fee,12980.73,2022-11-22,
567,601,Late Payment Fee,30499.76,2020-12-28,
568,123,Service Charge,46661.15,2021-04-01,
569,888,Processing Fee,670.37,2018-03-23,
570,14,Prepayment Penalty,49360.01,2019-06-02,
571,521,Late Payment Fee,28021.92,2020-06-02,
572,54,Processing Fee,33720.51,2020-01-19,
573,237,Service Charge,7744.09,2024-09-27,
574,867,Service Charge,24748.79,2019-08-06,
575,410,Prepayment Penalty,7975.47,2024-01-28,
576,502,Processing Fee,40036.59,2023-01-28,
577,741,Processing Fee,47682.77,2021-09-08,
578,416,Late Payment Fee,30481.94,2024-01-17,
579,672,Processing Fee,11108.43,2019-04-23,
580,540,Service Charge,12065.24,2022-08-02,
581,164,Late Payment Fee,48418.36,2022-08-14,
582,601,Service Charge,22121.79,2023-05-04,
583,213,Processing Fee,2655.73,2020-03-06,emp377
584,317,Service Charge,4167.98,2024-03-16,
585,562,Prepayment Penalty,42307.75,2023-11-05,
586,839,Prepayment Penalty,15933.86,2025-03-22,
587,214,Late Payment Fee,49840.12,2019-02-03,
588,909,Late Payment Fee,33583.64,2018-03-16,
589,133,Processing Fee,16399.23,2023-07-09,
590,653,Late Payment Fee,47030.48,2018-01-27,
591,215,Prepayment Penalty,45878.0,2022-03-27,
592,146,Prepayment Penalty,29521.69,2023-04-20,
593,90,Processing Fee,42968.61,2024-08-27,
594,132,Processing Fee,43517.9,2023-11-03,
595,417,Processing Fee,3272.01,2020-10-20,
596,177,Service Charge,23977.44,2025-03-13,emp382
597,484,Processing Fee,28504.93,2021-11-27,
598,444,Late Payment Fee,42626.52,2018-02-08,
599,856,Prepayment Penalty,44988.67,2022-09-20,
600,48,Late Payment Fee,7019.64,2025-07-29,
601,847,Late Payment Fee,28193.0,2024-05-03,
602,445,Prepayment Penalty,8977.47,2018-03-26,
603,209,Prepayment Penalty,46876.61,2018-10-03,
604,559,Late Payment Fee,36023.43,2025-08-31,emp453
605,684,Prepayment Penalty,24328.98,2021-10-20,
606,134,Processing Fee,42132.21,2021-01-28,
607,692,Late Payment Fee,1201.67,2024-08-25,
608,590,Processing Fee,42433.51,2021-02-19,
609,1000,Late Payment Fee,13987.91,2024-02-20,
610,657,Late Payment Fee,17691.96,2023-03-30,
611,486,Processing Fee,40278.9,2024-08-06,emp278
612,229,Service Charge,37107.48,2019-07-27,
613,958,Late Payment Fee,2578.4,2024-05-25,
614,551,Processing Fee,30785.56,2025-05-13,
615,815,Processing Fee,23241.59,2021-03-07,
616,982,Prepayment Penalty,6712.61,2018-03-21,
617,550,Prepayment Penalty,24082.1,2022-08-07,
618,245,Service Charge,3283.26,2022-03-06,
619,367,Late Payment Fee,49124.7,2018-09-10,
620,870,Processing Fee,3597.87,2022-06-03,
621,411,Service Charge,44359.48,2022-01-26,emp270
622,452,Late Payment Fee,12217.0,2021-02-26,
623,701,Prepayment Penalty,19710.48,2022-09-11,
624,637,Service Charge,31668.26,2021-10-06,
625,8,Late Payment Fee,12093.01,2018-03-20,
626,518,Processing Fee,35176.9,2019-02-23,
627,138,Prepayment Penalty,39785.95,2022-07-21,
628,640,Prepayment Penalty,1776.04,2018-06-01,
629,855,Service Charge,43849.11,2023-08-15,
630,623,Late Payment Fee,41481.72,2024-12-23,
631,922,Late Payment Fee,44369.26,2019-06-26,
632,178,Processing Fee,30442.66,2025-02-11,
633,497,Prepayment Penalty,11858.93,2020-11-10,
634,254,Prepayment Penalty,3562.06,2020-09-29,
635,39,Prepayment Penalty,5971.15,2020-07-04,
636,456,Prepayment Penalty,32304.81,2018-09-10,
637,629,Prepayment Penalty,43504.73,2018-07-14,
638,657,Processing Fee,27491.14,2025-07-28,emp902
639,671,Late Payment Fee,13422.21,2018-12-26,emp873
640,392,Prepayment Penalty,38250.76,2019-11-06,
641,995,Prepayment Penalty,40548.14,2019-06-24,emp656
642,899,Service Charge,8997.62,2023-03-09,
643,470,Processing Fee,9687.57,2021-11-05,
644,410,Service Charge,27900.73,2022-09-11,
645,765,Processing Fee,13256.15,2020-06-26,
646,955,Late Payment Fee,42199.54,2018-12-08,
647,323,Processing Fee,44151.28,2023-10-03,
648,489,Processing Fee,3072.33,2019-09-30,
649,948,Late Payment Fee,27940.49,2022-06-04,emp770
650,934,Late Payment Fee,11866.26,2021-04-08,
651,982,Processing Fee,8668.74,2018-05-17,
652,74,Prepayment Penalty,1339.81,2024-06-07,
653,153,Late Payment Fee,22983.8,2024-09-11,
654,893,Prepayment Penalty,46340.83,2022-09-11,
655,153,Late Payment Fee,45745.26,2020-06-27,
656,54,Processing Fee,7728.73,2020-04-14,
657,712,Service Charge,8234.51,2019-08-03,
658,42,Prepayment Penalty,41983.31,2019-06-19,
659,495,Service Charge,37144.65,2022-07-18,emp411
660,820,Late Payment Fee,12607.04,2022-11-15,
661,652,Late Payment Fee,29636.14,2019-12-18,
662,600,Processing Fee,41387.09,2021-01-03,
663,48,Late Payment Fee,918.66,2025-02-18,
664,793,Prepayment Penalty,36114.83,2024-12-20,
665,565,Late Payment Fee,41030.69,2024-12-08,
666,886,Service Charge,10771.55,2023-11-24,
667,923,Prepayment Penalty,14550.04,2020-07-13,
668,54,Processing Fee,37371.36,2022-04-25,
669,772,Processing Fee,45705.26,2024-01-06,
670,300,Late Payment Fee,7215.35,2018-02-08,
671,960,Service Charge,47829.06,2020-07-17,
672,270,Late Payment Fee,38065.54,2023-12-19,
673,182,Prepayment Penalty,30474.08,2022-05-19,
674,324,Service Charge,16922.87,2020-09-01,
675,572,Service Charge,13695.8,2020-06-08,
676,139,Late Payment Fee,21857.61,2018-10-22,
677,856,Service Charge,9191.12,2018-05-12,
678,786,Processing Fee,29905.97,2023-03-04,
679,766,Late Payment Fee,48681.41,2025-02-18,
680,307,Service Charge,7326.37,2018-03-03,
681,797,Late Payment Fee,14083.87,2025-05-11,
682,363,Late Payment Fee,20736.98,2023-07-08,
683,664,Processing Fee,32284.95,2022-03-31,
684,255,Processing Fee,31653.62,2024-02-24,
685,719,Prepayment Penalty,11502.03,2025-06-12,
686,347,Service Charge,35902.36,2018-04-10,
687,923,Late Payment Fee,40851.92,2018-02-05,
688,899,Prepayment Penalty,38522.56,2024-04-08,
689,815,Prepayment Penalty,29289.84,2019-02-25,
690,756,Processing Fee,42216.5,2023-06-27,emp164
691,196,Processing Fee,38556.98,2020-08-10,
692,188,Processing Fee,2810.13,2025-07-08,
693,862,Processing Fee,5558.06,2024-04-09,
694,839,Late Payment Fee,5706.65,2018-01-16,
695,983,Prepayment Penalty,25633.3,2021-10-01,
696,298,Processing Fee,23327.56,2024-07-05,
697,436,Service Charge,14344.29,2018-08-15,
698,894,Prepayment Penalty,8891.59,2021-02-26,
699,609,Service Charge,46128.39,2022-02-10,
700,228,Prepayment Penalty,2564.48,2023-05-13,
701,92,Service Charge,33178.39,2019-10-13,
702,180,Processing Fee,18041.9,2025-06-04,
703,142,Late Payment Fee,23528.58,2022-03-16,
704,938,Prepayment Penalty,16535.33,2020-11-08,
705,415,Late Payment Fee,9160.32,2019-09-09,
706,946,Prepayment Penalty,20307.98,2021-07-02,
707,614,Service Charge,25582.46,2019-09-22,
708,25,Processing Fee,825.97,2021-04-10,
709,101,Processing Fee,48162.62,2022-11-13,
710,618,Prepayment Penalty,36394.12,2022-10-31,
711,47,Service Charge,35984.17,2018-02-15,
712,112,Late Payment Fee,46291.64,2018-05-09,
713,832,Processing Fee,18612.29,2019-12-18,
714,794,Service Charge,25043.11,2018-11-03,
715,981,Processing Fee,37532.15,2020-10-22,
716,702,Processing Fee,18178.65,2025-05-19,
717,752,Late Payment Fee,28400.79,2024-06-14,emp229
718,594,Processing Fee,35938.91,2025-05-21,
719,844,Prepayment Penalty,7560.11,2023-06-02,
720,310,Processing Fee,26138.79,2019-02-24,
721,742,Late Payment Fee,19455.48,2020-03-25,
722,146,Service Charge,11773.69,2021-04-10,
723,590,Processing Fee,23210.73,2025-07-09,
724,720,Service Charge,28288.31,2019-09-15,
725,899,Service Charge,13390.78,2018-04-26,
726,328,Service Charge,38975.05,2022-04-30,
727,144,Processing Fee,27733.58,2022-12-22,emp882
728,795,Late Payment Fee,21520.91,2022-09-23,emp44
729,305,Prepayment Penalty,20995.69,2018-06-05,
730,993,Prepayment Penalty,30102.81,2024-07-19,
731,577,Prepayment Penalty,34248.02,2019-10-07,
732,511,Service Charge,10988.79,2020-03-22,
733,634,Service Charge,41016.92,2019-09-29,
734,816,Processing Fee,15411.3,2025-05-10,
735,166,Service Charge,8419.21,2021-08-10,
736,31,Late Payment Fee,35225.89,2021-09-02,
737,765,Service Charge,40156.97,2018-09-23,
738,200,Processing Fee,10683.63,2019-06-16,emp741
739,678,Prepayment Penalty,48853.25,2018-11-08,
740,241,Processing Fee,30361.77,2020-01-30,
741,646,Prepayment Penalty,6532.24,2024-08-04,
742,793,Late Payment Fee,5314.64,2022-01-28,
743,438,Service Charge,15150.0,2021-08-18,
744,674,Prepayment Penalty,36893.78,2018-01-13,
745,584,Service Charge,48556.65,2019-02-26,
746,1,Processing Fee,40789.16,2023-06-08,
747,345,Late Payment Fee,17791.22,2025-03-03,
748,961,Prepayment Penalty,5975.0,2021-09-13,emp544
749,335,Processing Fee,4709.82,2025-02-05,
750,551,Processing Fee,43142.01,2020-03-08,
751,356,Service Charge,23973.72,2018-09-06,
752,475,Prepayment Penalty,48147.29,2018-09-06,
753,473,Processing Fee,10366.77,2019-03-31,emp781
754,655,Late Payment Fee,45438.92,2023-02-11,
755,429,Prepayment Penalty,49013.49,2018-02-07,
756,156,Prepayment Penalty,31009.1,2024-04-02,emp360
757,730,Service Charge,21491.26,2018-09-09,
758,651,Service Charge,47653.56,2025-04-14,
759,607,Processing Fee,16585.24,2020-12-26,
760,709,Service Charge,33319.95,2024-10-25,
761,345,Late Payment Fee,44560.41,2025-08-18,
762,401,Service Charge,14012.78,2020-06-25,
763,391,Late Payment Fee,11134.26,2018-04-17,
764,7,Processing Fee,15468.05,2021-12-08,
765,175,Processing Fee,26384.47,2019-10-13,
766,4,Prepayment Penalty,25691.91,2023-09-30,
767,562,Late Payment Fee,3428.03,2021-03-31,
768,203,Prepayment Penalty,24824.31,2024-01-29,
769,847,Service Charge,13789.17,2025-05-19,
770,154,Processing Fee,43623.31,2018-10-01,
771,53,Prepayment Penalty,7475.31,2019-08-14,
772,512,Service Charge,6406.18,2022-08-18,
773,202,Late Payment Fee,822.4,2020-05-17,
774,23,Late Payment Fee,31235.59,2019-04-10,
775,140,Service Charge,30462.07,2019-09-17,
776,794,Processing Fee,5597.58,2019-04-17,emp605
777,895,Processing Fee,45029.55,2018-12-18,
778,268,Service Charge,44757.4,2020-03-19,
779,716,Late Payment Fee,16020.57,2023-06-30,
780,918,Late Payment Fee,34900.73,2024-09-09,
781,106,Late Payment Fee,12553.36,2020-02-04,emp917
782,848,Service Charge,44237.69,2018-01-08,
783,287,Late Payment Fee,45009.64,2023-09-23,
784,554,Prepayment Penalty,28685.58,2021-02-19,
785,221,Processing Fee,19671.89,2022-08-05,
786,823,Prepayment Penalty,34382.61,2020-03-26,
787,254,Prepayment Penalty,16063.36,2021-09-19,
788,903,Prepayment Penalty,19284.36,2018-11-25,
789,187,Late Payment Fee,11630.02,2021-01-25,
790,277,Late Payment Fee,41072.44,2020-10-25,
791,316,Late Payment Fee,24314.69,2018-02-16,
792,754,Late Payment Fee,30210.58,2021-12-31,
793,101,Service Charge,28506.67,2019-03-31,
794,121,Processing Fee,4048.53,2023-12-03,
795,327,Prepayment Penalty,32124.94,2024-09-12,
796,178,Late Payment Fee,38331.1,2025-02-15,
797,546,Prepayment Penalty,7211.27,2019-01-02,
798,480,Prepayment Penalty,7220.3,2022-06-11,
799,616,Processing Fee,17826.17,2022-01-04,
800,890,Service Charge,33032.18,2020-04-25,
801,222,Service Charge,15556.95,2024-09-02,
802,59,Prepayment Penalty,14177.68,2024-09-02,
803,515,Late Payment Fee,2457.42,2023-04-28,
804,662,Prepayment Penalty,25167.29,2019-08-18,
805,514,Processing Fee,44653.33,2018-10-05,
806,151,Prepayment Penalty,44079.86,2024-05-04,
807,968,Processing Fee,42264.99,2022-09-16,
808,776,Service Charge,15186.55,2018-04-17,
809,919,Processing Fee,41001.07,2018-06-03,
810,346,Prepayment Penalty,44483.5,2019-02-23,
811,574,Prepayment Penalty,17778.64,2020-04-29,
812,681,Service Charge,25347.02,2025-04-18,
813,574,Processing Fee,3799.9,2022-11-27,
814,839,Service Charge,40909.1,2021-04-21,
815,733,Late Payment Fee,6092.49,2019-12-24,
816,757,Late Payment Fee,22737.39,2024-04-11,
817,570,Processing Fee,14784.85,2023-02-20,
818,598,Late Payment Fee,8558.96,2022-10-11,
819,881,Service Charge,38105.88,2025-02-23,
820,493,Late Payment Fee,5873.9,2022-10-17,
821,957,Service Charge,31257.96,2021-12-11,
822,269,Service Charge,39819.53,2018-12-21,
823,625,Prepayment Penalty,15085.82,2018-08-19,
824,963,Service Charge,31083.88,2018-07-25,
825,2,Processing Fee,31253.32,2021-03-21,
826,246,Prepayment Penalty,10950.55,2019-04-16,
827,799,Processing Fee,45105.0,2024-07-05,
828,216,Processing Fee,26087.1,2023-10-05,
829,684,Service Charge,28814.24,2020-11-11,
830,634,Late Payment Fee,43274.3,2022-03-22,
831,732,Prepayment Penalty,11648.36,2018-10-02,
832,589,Processing Fee,2203.55,2019-04-27,
833,1,Prepayment Penalty,11791.25,2019-10-19,
834,532,Service Charge,6285.94,2025-03-17,
835,629,Prepayment Penalty,34617.72,2021-02-11,
836,539,Prepayment Penalty,1704.17,2025-08-31,
837,466,Prepayment Penalty,15708.49,2022-02-08,
838,19,Prepayment Penalty,31899.47,2022-01-27,
839,406,Prepayment Penalty,27476.18,2021-04-22,
840,509,Processing Fee,39069.15,2018-08-25,
841,574,Service Charge,28860.77,2025-07-15,
842,955,Processing Fee,28968.84,2019-01-06,
843,192,Processing Fee,5968.53,2023-06-22,emp334
844,399,Prepayment Penalty,29525.99,2019-03-13,
845,265,Prepayment Penalty,28993.83,2023-02-12,
846,204,Late Payment Fee,19628.96,2020-12-28,
847,232,Late Payment Fee,36601.71,2019-06-12,
848,364,Service Charge,31606.65,2025-02-01,
849,358,Service Charge,16571.63,2018-04-24,
850,904,Processing Fee,14330.73,2020-09-13,
851,706,Prepayment Penalty,37416.11,2021-11-30,
852,911,Service Charge,1320.05,2022-06-17,
853,845,Service Charge,2346.05,2024-06-27,
854,93,Prepayment Penalty,25354.56,2024-04-06,
855,218,Late Payment Fee,19046.33,2019-05-17,emp231
856,521,Service Charge,23837.85,2024-05-05,
857,340,Service Charge,5117.98,2025-06-15,
858,603,Late Payment Fee,20464.98,2019-08-04,
859,721,Processing Fee,26833.9,2025-02-07,
860,728,Prepayment Penalty,972.24,2023-05-26,
861,129,Service Charge,6524.92,2018-07-25,
862,78,Service Charge,19765.13,2019-07-13,
863,665,Processing Fee,39921.52,2019-09-25,
864,908,Service Charge,28620.55,2024-11-17,
865,813,Processing Fee,39858.68,2019-05-09,
866,633,Late Payment Fee,19313.09,2020-01-14,
867,786,Late Payment Fee,37797.15,2025-03-31,
868,258,Processing Fee,25390.41,2022-08-29,
869,751,Processing Fee,1653.78,2019-11-07,
870,184,Service Charge,37799.89,2023-07-04,
871,355,Service Charge,10683.15,2019-04-27,
872,61,Prepayment Penalty,29994.1,2023-11-08,
873,487,Late Payment Fee,44415.52,2024-03-12,
874,127,Service Charge,9438.35,2024-07-28,
875,316,Prepayment Penalty,34959.55,2020-09-29,
876,504,Prepayment Penalty,23439.54,2019-03-06,
877,307,Prepayment Penalty,43755.81,2025-01-06,
878,310,Service Charge,46672.28,2019-05-19,
879,90,Late Payment Fee,27721.89,2020-01-01,
880,311,Late Payment Fee,41442.96,2020-11-24,
881,150,Processing Fee,44786.32,2020-11-25,
882,70,Service Charge,18049.39,2023-02-19,
883,356,Prepayment Penalty,15789.92,2019-12-02,
884,81,Late Payment Fee,37465.36,2025-01-23,
885,476,Service Charge,48939.01,2025-05-02,emp397
886,5,Late Payment Fee,44655.79,2023-11-03,
887,726,Processing Fee,21496.59,2023-02-27,
888,794,Late Payment Fee,26522.87,2023-09-08,
889,704,Processing Fee,34289.74,2022-12-17,
890,964,Service Charge,48464.06,2024-04-06,
891,109,Service Charge,44636.91,2019-01-28,
892,611,Late Payment Fee,25342.0,2019-02-06,
893,26,Processing Fee,9056.29,2024-06-26,
894,877,Prepayment Penalty,41745.77,2021-01-06,
895,213,Service Charge,17811.95,2022-02-28,
896,183,Prepayment Penalty,33973.21,2019-04-16,emp475
897,272,Processing Fee,5872.2,2023-12-30,
898,420,Prepayment Penalty,40941.02,2018-02-07,
899,559,Processing Fee,35817.57,2019-09-29,
900,307,Prepayment Penalty,5016.99,2020-08-31,
901,304,Processing Fee,5455.41,2019-01-05,
902,647,Service Charge,1554.0,2020-04-06,
903,349,Prepayment Penalty,42005.72,2018-08-13,emp895
904,41,Service Charge,15763.96,2018-03-10,
905,897,Late Payment Fee,36539.96,2023-01-05,
906,566,Prepayment Penalty,29292.68,2022-08-08,
907,204,Processing Fee,5650.13,2023-07-19,
908,416,Processing Fee,30608.19,2020-11-05,
909,150,Prepayment Penalty,33933.31,2022-02-27,
910,615,Service Charge,37757.28,2022-07-03,
911,427,Late Payment Fee,19867.0,2018-08-27,
912,619,Late Payment Fee,28076.52,2018-03-19,
913,461,Service Charge,27838.8,2025-07-18,
914,224,Processing Fee,11935.57,2021-10-30,
915,455,Prepayment Penalty,19731.69,2018-05-19,
916,532,Service Charge,16451.61,2020-05-04,
917,287,Prepayment Penalty,38907.23,2018-11-26,emp430
918,199,Processing Fee,47048.86,2020-10-11,
919,855,Late Payment Fee,12528.07,2018-11-19,
920,730,Processing Fee,31196.0,2021-12-18,
921,592,Prepayment Penalty,17813.07,2019-03-02,
922,112,Late Payment Fee,601.5,2023-08-07,
923,858,Processing Fee,18847.09,2021-03-29,
924,85,Processing Fee,38169.99,2018-03-25,
925,474,Late Payment Fee,47561.88,2021-09-15,
926,816,Prepayment Penalty,48207.3,2019-12-08,
927,877,Service Charge,26623.43,2021-06-21,
928,926,Prepayment Penalty,5707.75,2019-10-27,
929,195,Service Charge,28108.93,2024-02-09,
930,298,Late Payment Fee,14975.37,2019-09-19,
931,942,Processing Fee,42892.65,2023-09-19,
932,390,Late Payment Fee,33117.72,2020-05-14,
933,243,Processing Fee,20554.57,2019-03-08,
934,761,Service Charge,39989.67,2019-08-08,
935,883,Service Charge,47141.11,2021-07-24,
936,181,Service Charge,49344.81,2023-10-07,
937,962,Processing Fee,26315.77,2018-06-14,
938,849,Late Payment Fee,17562.04,2023-05-19,
939,816,Late Payment Fee,2261.34,2021-11-15,
940,246,Prepayment Penalty,46577.27,2019-12-06,
941,183,Processing Fee,8924.05,2018-12-09,
942,291,Late Payment Fee,5618.09,2022-07-06,
943,948,Processing Fee,3112.9,2022-08-09,
944,77,Processing Fee,40265.65,2022-10-17,
945,883,Processing Fee,8525.47,2019-03-12,
946,364,Service Charge,39327.71,2023-07-05,
947,243,Prepayment Penalty,40625.52,2023-10-11,
948,293,Late Payment Fee,38116.64,2022-08-02,
949,519,Processing Fee,35170.06,2019-11-15,
950,48,Processing Fee,10919.65,2025-05-30,
951,479,Processing Fee,10841.91,2020-12-30,
952,846,Processing Fee,15289.54,2018-11-18,
953,482,Processing Fee,28425.83,2022-03-15,
954,126,Processing Fee,37840.52,2022-07-11,
955,352,Late Payment Fee,20276.83,2019-03-29,emp306
956,747,Prepayment Penalty,37224.24,2022-08-17,
957,831,Processing Fee,35174.43,2021-03-17,
958,273,Late Payment Fee,14823.14,2021-11-23,emp237
959,955,Processing Fee,41582.31,2021-06-06,
960,786,Service Charge,22777.68,2021-07-12,
961,720,Service Charge,8483.85,2021-07-18,
962,525,Prepayment Penalty,6365.62,2021-07-17,
963,359,Service Charge,49369.6,2021-02-22,emp4
964,659,Processing Fee,16287.26,2018-02-12,
965,627,Late Payment Fee,8710.52,2025-07-17,
966,420,Prepayment Penalty,8478.42,2023-01-20,
967,737,Service Charge,27729.45,2021-12-16,
968,380,Service Charge,22769.57,2022-11-03,
969,532,Service Charge,40620.06,2021-10-07,
970,50,Late Payment Fee,12556.83,2018-05-05,
971,668,Prepayment Penalty,47088.22,2024-09-03,
972,701,Prepayment Penalty,38787.95,2019-10-09,
973,388,Processing Fee,28681.35,2019-07-15,
974,336,Processing Fee,13520.82,2022-09-12,
975,583,Service Charge,49817.46,2020-06-15,
976,118,Processing Fee,45710.61,2020-08-14,
977,783,Processing Fee,5385.39,2025-06-08,
978,760,Processing Fee,39847.39,2020-09-27,
979,971,Late Payment Fee,12428.8,2024-01-15,
980,528,Service Charge,29640.84,2022-10-12,
981,415,Prepayment Penalty,10124.64,2021-02-03,
982,128,Service Charge,34267.25,2024-06-01,
983,832,Processing Fee,9225.35,2018-12-02,
984,261,Late Payment Fee,34974.51,2025-05-17,
985,34,Service Charge,21032.96,2018-08-15,
986,244,Prepayment Penalty,39472.23,2021-05-26,
987,261,Service Charge,36246.66,2025-06-04,
988,771,Service Charge,15194.24,2025-04-09,
989,421,Prepayment Penalty,808.72,2024-11-05,
990,975,Service Charge,10517.48,2018-06-03,
991,420,Processing Fee,43284.36,2019-01-20,
992,569,Prepayment Penalty,5217.44,2020-11-19,emp851
993,284,Prepayment Penalty,13155.56,2022-06-30,
994,591,Late Payment Fee,7129.65,2021-06-18,emp68
995,746,Service Charge,36927.93,2024-11-28,
996,497,Processing Fee,34851.67,2025-05-19,
997,506,Late Payment Fee,16370.78,2018-09-11,
998,990,Service Charge,5569.47,2020-09-23,
999,617,Late Payment Fee,45291.7,2022-12-22,
1000,40,Processing Fee,20727.31,2025-07-25,
