txn_id,account_id,txn_date,amount,txn_type,description
1,126,2019-03-14,155896.13,CREDIT,Transfer
2,461,2020-12-27,174500.83,DEBIT,Transfer
3,277,2019-04-17,176042.43,CREDIT,Fee
4,704,2019-07-13,41576.4,DEBIT,Credit Card Payment
5,434,2022-05-21,3250.28,CREDIT,Transfer
6,30,2019-05-17,46943.84,CREDIT,Fee
7,109,2023-11-10,195073.66,CREDIT,Transfer
8,58,2020-08-04,83202.17,CREDIT,Salary
9,231,2020-12-20,89848.35,CREDIT,Salary
10,789,2024-06-01,8613.33,CREDIT,Credit Card Payment
11,530,2025-08-13,98578.31,CREDIT,Fee
12,870,2018-11-25,102412.62,DEBIT,Salary
13,390,2023-04-14,23020.35,CREDIT,Loan Disbursement
14,929,2020-08-11,36742.13,CREDIT,Salary
15,717,2023-04-05,135833.63,DEBIT,Loan Disbursement
16,527,2020-03-11,174628.49,CREDIT,Salary
17,447,2019-09-08,176598.58,CREDIT,Transfer
18,837,2023-08-17,119125.32,CREDIT,Fee
19,774,2024-08-18,59862.17,DEBIT,Transfer
20,997,2022-03-20,48064.83,DEBIT,Loan Disbursement
21,812,2018-04-05,108077.45,CREDIT,Transfer
22,7,2020-04-27,19618.8,CREDIT,Transfer
23,432,2018-02-07,177882.39,CREDIT,Transfer
24,668,2019-04-06,80845.59,DEBIT,Fee
25,350,2025-03-11,11077.31,DEBIT,Fee
26,902,2019-08-07,50419.08,DEBIT,Loan Disbursement
27,202,2023-10-21,177786.29,CREDIT,Credit Card Payment
28,53,2024-11-28,7257.68,CREDIT,Transfer
29,996,2023-09-09,72534.51,DEBIT,Transfer
30,369,2019-01-22,178627.66,DEBIT,Transfer
31,497,2019-10-21,97930.44,DEBIT,Loan Disbursement
32,538,2018-11-26,56505.31,CREDIT,EMI Payment
33,198,2021-03-20,69815.24,CREDIT,Fee
34,280,2022-07-03,133040.58,DEBIT,EMI Payment
35,684,2019-03-03,81868.48,DEBIT,Transfer
36,325,2021-12-22,65923.39,DEBIT,Fee
37,6,2021-09-13,100903.57,CREDIT,Fee
38,398,2020-05-23,173321.56,CREDIT,EMI Payment
39,619,2022-05-19,55043.4,CREDIT,Salary
40,522,2021-02-19,197661.87,DEBIT,Credit Card Payment
41,811,2023-12-30,153348.29,CREDIT,Fee
42,277,2021-10-01,119411.71,DEBIT,EMI Payment
43,96,2023-12-27,194500.78,DEBIT,Credit Card Payment
44,118,2025-01-08,106179.37,DEBIT,Transfer
45,985,2023-12-08,102294.62,CREDIT,EMI Payment
46,911,2021-11-24,22593.37,DEBIT,Credit Card Payment
47,21,2024-05-20,74221.21,DEBIT,Salary
48,341,2025-07-25,3339.26,DEBIT,Transfer
49,98,2021-05-10,132473.43,CREDIT,EMI Payment
50,189,2022-02-22,22961.42,DEBIT,Loan Disbursement
51,223,2023-09-28,8300.25,CREDIT,Loan Disbursement
52,553,2023-10-09,53921.44,CREDIT,EMI Payment
53,541,2024-08-13,181484.26,CREDIT,Loan Disbursement
54,103,2019-03-24,193040.56,CREDIT,Transfer
55,477,2024-10-30,133615.49,CREDIT,Transfer
56,203,2025-08-11,78670.55,CREDIT,Loan Disbursement
57,574,2021-05-11,178954.71,CREDIT,Credit Card Payment
58,300,2018-03-13,149959.95,CREDIT,EMI Payment
59,874,2022-12-07,41054.79,CREDIT,Fee
60,35,2024-03-26,164313.92,CREDIT,Transfer
61,181,2024-01-03,88371.45,CREDIT,EMI Payment
62,549,2024-03-29,73758.22,DEBIT,Fee
63,430,2022-02-16,59317.88,DEBIT,Credit Card Payment
64,142,2018-09-01,25871.9,DEBIT,EMI Payment
65,912,2022-04-05,150510.46,DEBIT,Transfer
66,41,2018-02-19,2409.54,DEBIT,Transfer
67,678,2024-09-18,165641.35,DEBIT,Transfer
68,870,2021-12-29,110312.55,DEBIT,Salary
69,963,2022-08-30,69428.64,CREDIT,Salary
70,444,2025-06-04,39239.13,CREDIT,Salary
71,578,2023-03-16,49080.71,CREDIT,Salary
72,895,2025-05-21,142291.74,DEBIT,Transfer
73,633,2020-09-16,124715.51,DEBIT,Fee
74,710,2018-07-29,59988.92,CREDIT,Loan Disbursement
75,732,2025-05-02,24350.69,DEBIT,EMI Payment
76,599,2018-08-05,47582.16,DEBIT,Transfer
77,928,2022-02-03,84221.27,DEBIT,Credit Card Payment
78,378,2024-09-23,98683.07,CREDIT,Loan Disbursement
79,332,2019-03-10,105869.76,CREDIT,Fee
80,373,2019-03-16,167065.63,DEBIT,Loan Disbursement
81,932,2020-09-03,58362.39,CREDIT,Salary
82,158,2019-03-11,49129.28,CREDIT,Salary
83,178,2021-02-22,84198.44,CREDIT,Transfer
84,906,2020-09-01,36160.91,CREDIT,EMI Payment
85,566,2025-01-22,93467.98,CREDIT,Loan Disbursement
86,238,2025-05-11,120178.8,CREDIT,Salary
87,453,2020-08-21,152473.33,CREDIT,Fee
88,558,2021-06-04,72239.22,DEBIT,Loan Disbursement
89,564,2022-04-20,129975.91,DEBIT,Fee
90,991,2021-01-15,38996.12,CREDIT,Salary
91,425,2021-02-19,89696.7,DEBIT,Salary
92,59,2021-10-01,37574.32,DEBIT,Salary
93,851,2023-06-26,56802.38,CREDIT,EMI Payment
94,592,2024-01-31,116828.23,CREDIT,Transfer
95,6,2023-03-29,69046.82,DEBIT,EMI Payment
96,746,2020-07-01,19377.73,DEBIT,Salary
97,273,2022-07-22,25522.57,CREDIT,Loan Disbursement
98,618,2020-10-20,191586.55,DEBIT,Transfer
99,516,2020-06-16,9111.93,CREDIT,Credit Card Payment
100,750,2022-08-08,148440.49,DEBIT,Loan Disbursement
101,86,2022-04-24,174438.95,CREDIT,Credit Card Payment
102,738,2020-10-05,68721.93,DEBIT,Credit Card Payment
103,439,2020-09-05,161156.13,CREDIT,Transfer
104,794,2022-12-09,157290.6,CREDIT,Credit Card Payment
105,981,2019-05-06,100702.79,CREDIT,Credit Card Payment
106,417,2018-06-03,101603.42,DEBIT,Loan Disbursement
107,369,2020-09-15,69135.14,DEBIT,Transfer
108,980,2022-10-11,42857.31,DEBIT,Transfer
109,293,2023-02-09,92352.6,CREDIT,Credit Card Payment
110,412,2023-01-27,116160.91,CREDIT,EMI Payment
111,329,2021-11-14,184479.89,CREDIT,Credit Card Payment
112,346,2020-06-13,39011.32,DEBIT,Loan Disbursement
113,508,2021-11-24,121839.53,DEBIT,Credit Card Payment
114,320,2024-02-16,171250.15,DEBIT,Fee
115,616,2022-12-23,178206.6,DEBIT,EMI Payment
116,184,2018-06-13,32072.46,DEBIT,Loan Disbursement
117,679,2023-11-11,122469.76,CREDIT,Credit Card Payment
118,226,2023-07-05,154695.86,CREDIT,Loan Disbursement
119,32,2019-08-18,191960.03,CREDIT,Transfer
120,495,2024-06-06,107706.09,DEBIT,Transfer
121,952,2019-09-16,180736.9,DEBIT,Transfer
122,910,2022-11-15,98692.81,CREDIT,Loan Disbursement
123,955,2024-06-11,15653.72,DEBIT,Transfer
124,404,2024-03-31,189443.11,CREDIT,Salary
125,373,2025-05-07,129543.9,DEBIT,Salary
126,4,2018-10-16,127045.16,DEBIT,Credit Card Payment
127,153,2022-01-15,125818.1,DEBIT,Loan Disbursement
128,20,2021-07-13,168704.01,DEBIT,Transfer
129,341,2023-10-24,112680.06,CREDIT,Transfer
130,104,2025-01-29,94919.51,DEBIT,EMI Payment
131,941,2019-03-18,56322.08,DEBIT,EMI Payment
132,836,2018-07-30,121573.68,DEBIT,Credit Card Payment
133,780,2024-10-10,20430.11,DEBIT,Fee
134,419,2022-09-17,62182.43,CREDIT,Salary
135,455,2019-06-18,6175.91,CREDIT,Credit Card Payment
136,778,2019-09-18,68487.74,DEBIT,Fee
137,918,2019-09-24,142656.66,CREDIT,Transfer
138,328,2025-05-01,123219.43,CREDIT,EMI Payment
139,118,2021-10-13,93850.14,DEBIT,Loan Disbursement
140,53,2025-02-27,61027.58,DEBIT,Transfer
141,54,2021-04-05,152151.32,DEBIT,Credit Card Payment
142,349,2018-04-09,121631.46,DEBIT,EMI Payment
143,714,2019-03-20,77084.06,CREDIT,Salary
144,467,2023-04-17,186522.44,DEBIT,Transfer
145,451,2023-07-03,16700.34,DEBIT,Loan Disbursement
146,617,2020-08-27,6551.39,CREDIT,Fee
147,124,2025-02-18,91164.2,DEBIT,Loan Disbursement
148,262,2022-02-19,175236.6,CREDIT,Credit Card Payment
149,886,2025-03-21,96323.16,CREDIT,EMI Payment
150,63,2020-04-09,78111.59,DEBIT,EMI Payment
151,834,2020-09-29,162811.19,CREDIT,Salary
152,341,2024-03-23,156097.26,CREDIT,Credit Card Payment
153,45,2019-04-13,46167.91,CREDIT,EMI Payment
154,287,2024-03-14,95473.08,DEBIT,EMI Payment
155,134,2023-07-13,54498.36,CREDIT,Loan Disbursement
156,149,2021-05-17,140681.53,DEBIT,EMI Payment
157,604,2023-11-15,174173.08,CREDIT,Salary
158,26,2021-06-03,185099.96,CREDIT,Fee
159,313,2021-01-05,106027.41,CREDIT,Salary
160,627,2020-01-05,182077.12,DEBIT,EMI Payment
161,461,2025-01-23,100569.04,CREDIT,Transfer
162,775,2019-10-03,151576.44,CREDIT,Credit Card Payment
163,626,2025-01-14,122664.72,DEBIT,EMI Payment
164,278,2025-08-20,195207.91,DEBIT,Loan Disbursement
165,187,2024-07-16,176917.96,CREDIT,Loan Disbursement
166,193,2018-02-01,155817.39,DEBIT,Credit Card Payment
167,32,2022-07-28,37564.37,DEBIT,Credit Card Payment
168,670,2024-08-16,137611.23,DEBIT,Fee
169,329,2024-06-14,68394.67,DEBIT,Loan Disbursement
170,821,2022-03-30,21973.64,CREDIT,EMI Payment
171,791,2021-08-29,54449.67,DEBIT,Salary
172,831,2022-07-16,173165.23,CREDIT,Loan Disbursement
173,218,2020-01-23,71299.43,DEBIT,Loan Disbursement
174,550,2022-06-26,194669.15,DEBIT,Salary
175,166,2018-10-26,1477.75,CREDIT,Loan Disbursement
176,477,2023-01-29,48935.06,DEBIT,Transfer
177,982,2020-05-12,125703.01,CREDIT,EMI Payment
178,874,2025-01-28,88928.87,CREDIT,Loan Disbursement
179,363,2023-05-08,169896.17,CREDIT,Fee
180,106,2019-03-04,11645.61,CREDIT,Loan Disbursement
181,752,2019-08-17,134554.94,DEBIT,Loan Disbursement
182,461,2025-07-10,43782.12,DEBIT,EMI Payment
183,691,2020-03-11,189587.66,CREDIT,Fee
184,764,2019-09-30,148479.25,CREDIT,Loan Disbursement
185,41,2020-11-09,144579.41,DEBIT,Loan Disbursement
186,454,2024-02-16,54655.39,DEBIT,Credit Card Payment
187,949,2022-03-31,28800.8,DEBIT,Salary
188,210,2018-09-18,27124.98,DEBIT,Salary
189,111,2020-07-28,163019.77,CREDIT,Fee
190,353,2020-10-01,89119.9,CREDIT,Transfer
191,879,2023-01-15,106857.03,CREDIT,EMI Payment
192,967,2022-12-04,178244.51,CREDIT,EMI Payment
193,250,2021-12-02,74314.17,DEBIT,Transfer
194,625,2025-05-24,36911.46,DEBIT,Fee
195,726,2021-09-04,6984.6,CREDIT,EMI Payment
196,654,2021-05-28,60814.7,DEBIT,Loan Disbursement
197,707,2024-04-23,193702.69,DEBIT,EMI Payment
198,161,2023-07-29,84281.95,CREDIT,Credit Card Payment
199,631,2021-08-06,87499.76,DEBIT,Salary
200,280,2025-04-18,26887.84,CREDIT,Fee
201,799,2018-08-07,55154.38,DEBIT,Loan Disbursement
202,104,2020-02-20,20698.06,CREDIT,Transfer
203,985,2020-11-14,193465.3,DEBIT,Fee
204,76,2018-11-06,38886.76,DEBIT,Loan Disbursement
205,506,2023-03-24,131803.37,DEBIT,Salary
206,975,2019-11-09,125939.49,DEBIT,Loan Disbursement
207,685,2024-11-26,124622.34,CREDIT,Salary
208,79,2019-04-11,14689.98,CREDIT,Transfer
209,343,2018-04-29,72406.98,DEBIT,Transfer
210,954,2024-08-01,45777.21,CREDIT,Transfer
211,160,2019-02-19,2341.73,CREDIT,Credit Card Payment
212,42,2023-09-04,185204.19,DEBIT,Transfer
213,854,2024-03-15,185738.82,DEBIT,Loan Disbursement
214,345,2022-07-27,48686.13,DEBIT,Credit Card Payment
215,653,2020-09-03,89008.9,CREDIT,Salary
216,38,2024-06-05,42038.97,CREDIT,Fee
217,221,2020-07-31,111573.61,CREDIT,Fee
218,53,2019-09-25,30813.79,DEBIT,Loan Disbursement
219,683,2019-09-24,139889.31,CREDIT,Fee
220,567,2025-06-19,36535.9,DEBIT,Fee
221,961,2018-10-26,168303.1,DEBIT,Credit Card Payment
222,27,2025-05-16,15888.91,CREDIT,EMI Payment
223,363,2021-07-18,18130.23,CREDIT,EMI Payment
224,736,2025-08-11,109165.23,CREDIT,Transfer
225,255,2020-07-10,124361.49,CREDIT,EMI Payment
226,955,2021-03-17,86403.3,CREDIT,Fee
227,891,2020-10-26,28367.86,CREDIT,Salary
228,776,2019-03-08,164172.81,DEBIT,EMI Payment
229,371,2024-12-02,19952.12,DEBIT,Fee
230,245,2024-02-28,40112.24,CREDIT,EMI Payment
231,410,2023-05-03,178400.17,DEBIT,Fee
232,167,2023-10-21,3598.61,DEBIT,Fee
233,20,2021-10-30,27356.96,DEBIT,Credit Card Payment
234,320,2018-02-10,112296.19,DEBIT,Fee
235,849,2022-12-21,189758.24,CREDIT,Salary
236,38,2019-08-11,88937.83,DEBIT,Transfer
237,620,2024-01-05,184867.37,DEBIT,Credit Card Payment
238,509,2024-02-11,23953.17,CREDIT,Fee
239,288,2024-12-11,9924.3,DEBIT,Transfer
240,198,2023-09-19,184099.95,DEBIT,Fee
241,341,2020-02-27,128907.26,DEBIT,Fee
242,221,2018-07-23,89287.95,DEBIT,EMI Payment
243,477,2021-12-26,167730.97,CREDIT,Salary
244,813,2024-03-30,173131.15,CREDIT,EMI Payment
245,77,2020-07-06,49923.34,DEBIT,Salary
246,460,2024-05-18,31474.49,DEBIT,Loan Disbursement
247,985,2022-07-14,197795.43,CREDIT,EMI Payment
248,995,2019-11-04,27076.58,DEBIT,Loan Disbursement
249,385,2025-04-17,164187.33,DEBIT,Credit Card Payment
250,201,2025-07-10,183970.6,CREDIT,Fee
251,422,2024-05-04,20535.24,DEBIT,Fee
252,891,2024-05-18,78631.41,CREDIT,Salary
253,187,2021-03-25,197758.96,DEBIT,Credit Card Payment
254,636,2024-04-15,51739.08,DEBIT,Transfer
255,443,2023-02-21,137943.93,DEBIT,Transfer
256,678,2021-06-29,90467.96,DEBIT,Fee
257,381,2022-05-06,114461.25,DEBIT,Transfer
258,372,2025-02-27,85212.54,CREDIT,Credit Card Payment
259,20,2024-08-30,158316.65,CREDIT,Transfer
260,84,2021-08-29,63847.45,DEBIT,Credit Card Payment
261,301,2018-08-30,163116.91,CREDIT,Credit Card Payment
262,739,2021-12-23,130104.2,CREDIT,Fee
263,980,2021-02-28,135726.85,CREDIT,Transfer
264,362,2024-05-21,67997.41,DEBIT,Salary
265,307,2024-09-25,73299.08,CREDIT,Credit Card Payment
266,703,2019-10-13,112283.3,DEBIT,Salary
267,754,2021-08-22,124158.32,DEBIT,Salary
268,333,2019-07-26,76850.49,CREDIT,Fee
269,606,2023-03-03,91642.36,CREDIT,Transfer
270,509,2022-05-17,91092.1,CREDIT,Salary
271,312,2024-02-26,18529.64,DEBIT,Fee
272,952,2024-08-17,74606.12,DEBIT,Salary
273,333,2025-07-10,171896.76,CREDIT,Salary
274,406,2021-10-09,12634.95,DEBIT,EMI Payment
275,825,2018-04-13,35954.21,CREDIT,Credit Card Payment
276,638,2018-04-22,70131.5,DEBIT,EMI Payment
277,443,2020-04-11,118570.78,DEBIT,EMI Payment
278,572,2021-08-26,146264.74,CREDIT,Loan Disbursement
279,661,2020-05-15,75535.4,DEBIT,Fee
280,699,2022-06-16,73970.53,CREDIT,Transfer
281,859,2018-08-11,21815.33,CREDIT,Fee
282,51,2023-04-23,106368.98,CREDIT,Credit Card Payment
283,108,2019-03-15,194012.52,DEBIT,Loan Disbursement
284,247,2025-06-07,149853.52,DEBIT,Salary
285,406,2023-04-03,71422.9,DEBIT,Fee
286,709,2022-01-20,4136.3,CREDIT,EMI Payment
287,632,2023-01-01,131535.52,CREDIT,Loan Disbursement
288,557,2024-02-15,95226.43,CREDIT,EMI Payment
289,667,2019-12-14,196024.38,DEBIT,Loan Disbursement
290,257,2019-09-10,130367.31,CREDIT,Salary
291,380,2022-06-08,93713.79,CREDIT,Transfer
292,978,2019-08-08,129423.13,DEBIT,Credit Card Payment
293,212,2018-06-10,65466.64,DEBIT,Loan Disbursement
294,554,2020-04-14,113193.63,DEBIT,EMI Payment
295,891,2018-07-02,4394.92,DEBIT,Credit Card Payment
296,332,2025-08-07,176995.53,DEBIT,Transfer
297,504,2018-08-05,55870.38,DEBIT,Fee
298,260,2019-06-28,124780.5,DEBIT,EMI Payment
299,152,2018-11-08,71523.0,DEBIT,Fee
300,926,2025-03-08,107419.92,CREDIT,Fee
301,217,2018-07-29,126153.23,DEBIT,EMI Payment
302,754,2024-12-09,166341.28,DEBIT,Salary
303,496,2020-05-11,56439.78,DEBIT,Fee
304,495,2021-09-21,107124.96,CREDIT,Credit Card Payment
305,58,2025-07-10,118282.35,DEBIT,Transfer
306,606,2020-06-18,88243.67,DEBIT,Transfer
307,160,2023-07-08,176573.86,DEBIT,Loan Disbursement
308,196,2018-11-07,76110.02,DEBIT,Salary
309,299,2020-07-27,195424.25,DEBIT,Transfer
310,298,2022-06-30,87164.31,CREDIT,Credit Card Payment
311,110,2022-12-28,161256.37,CREDIT,Fee
312,156,2020-08-27,11155.4,DEBIT,Transfer
313,1000,2019-09-28,180967.75,CREDIT,EMI Payment
314,706,2020-01-19,8846.14,DEBIT,EMI Payment
315,923,2022-01-03,96028.04,CREDIT,EMI Payment
316,419,2019-12-27,62551.5,DEBIT,Transfer
317,229,2019-04-30,63321.85,CREDIT,Credit Card Payment
318,144,2024-05-20,42979.88,CREDIT,Salary
319,501,2024-09-22,76609.98,DEBIT,Salary
320,876,2021-05-10,69857.18,CREDIT,Credit Card Payment
321,887,2024-02-20,71482.44,CREDIT,EMI Payment
322,952,2021-04-02,148429.59,DEBIT,Fee
323,574,2018-08-06,137578.61,CREDIT,Loan Disbursement
324,929,2022-06-25,47314.05,DEBIT,EMI Payment
325,473,2023-03-07,3676.41,CREDIT,Loan Disbursement
326,222,2023-10-02,197351.3,CREDIT,Credit Card Payment
327,15,2021-05-25,162417.66,DEBIT,EMI Payment
328,327,2024-01-04,66656.91,CREDIT,Salary
329,927,2018-08-02,24525.56,CREDIT,Salary
330,471,2023-05-15,7711.52,DEBIT,Fee
331,925,2019-08-28,199580.66,DEBIT,Loan Disbursement
332,197,2020-06-17,43005.8,DEBIT,Fee
333,374,2023-01-23,39040.9,CREDIT,Transfer
334,313,2022-05-17,5752.01,CREDIT,Credit Card Payment
335,526,2024-01-01,137535.75,DEBIT,Loan Disbursement
336,190,2024-08-14,77966.81,CREDIT,EMI Payment
337,513,2024-11-18,52471.92,CREDIT,Fee
338,601,2023-05-16,9884.63,CREDIT,Fee
339,639,2018-02-13,109185.5,CREDIT,EMI Payment
340,672,2020-02-08,106910.88,CREDIT,Credit Card Payment
341,386,2024-10-22,95388.24,DEBIT,Salary
342,459,2024-04-16,45785.43,DEBIT,Credit Card Payment
343,354,2021-11-25,112021.97,CREDIT,Credit Card Payment
344,211,2021-09-05,59899.27,DEBIT,Credit Card Payment
345,353,2019-08-28,27804.95,DEBIT,Loan Disbursement
346,930,2020-07-06,143699.76,DEBIT,Transfer
347,570,2022-10-04,12335.87,CREDIT,EMI Payment
348,921,2021-10-22,79625.16,CREDIT,Transfer
349,603,2022-12-02,138293.72,DEBIT,Salary
350,291,2022-11-12,103357.43,DEBIT,Credit Card Payment
351,202,2019-06-17,196644.87,DEBIT,Loan Disbursement
352,986,2021-01-15,187512.28,DEBIT,Loan Disbursement
353,368,2018-06-13,198419.59,CREDIT,Loan Disbursement
354,948,2024-03-01,55105.4,CREDIT,Fee
355,820,2019-06-05,110744.99,DEBIT,Loan Disbursement
356,290,2021-06-26,177474.73,DEBIT,Transfer
357,852,2019-05-29,106309.44,DEBIT,Salary
358,592,2019-11-19,197463.69,DEBIT,Transfer
359,581,2023-12-07,188711.18,CREDIT,Credit Card Payment
360,93,2019-02-15,142752.64,DEBIT,Transfer
361,887,2023-12-29,66657.16,CREDIT,Transfer
362,650,2019-10-31,168687.91,DEBIT,Fee
363,704,2024-01-26,189382.82,DEBIT,Credit Card Payment
364,356,2018-03-15,164205.37,DEBIT,Credit Card Payment
365,662,2019-06-21,63853.15,DEBIT,EMI Payment
366,62,2023-12-07,1085.87,CREDIT,Salary
367,244,2024-02-19,196106.67,CREDIT,Fee
368,280,2019-03-27,34779.81,CREDIT,Salary
369,838,2024-12-08,17912.31,CREDIT,Salary
370,143,2023-11-27,9307.39,CREDIT,Transfer
371,725,2024-11-04,137084.91,DEBIT,Credit Card Payment
372,747,2021-02-26,150544.69,DEBIT,Fee
373,973,2019-10-24,195933.27,DEBIT,Transfer
374,397,2021-03-11,7051.73,DEBIT,EMI Payment
375,941,2024-02-11,77920.72,CREDIT,Transfer
376,410,2020-07-20,51067.63,DEBIT,Loan Disbursement
377,788,2021-05-26,156364.29,CREDIT,Fee
378,920,2018-05-24,126391.54,CREDIT,Loan Disbursement
379,319,2018-01-19,88411.56,CREDIT,Transfer
380,945,2023-11-12,123721.46,DEBIT,Transfer
381,9,2019-03-24,16144.81,DEBIT,EMI Payment
382,84,2021-10-06,191367.41,DEBIT,EMI Payment
383,86,2021-02-04,64075.21,CREDIT,Credit Card Payment
384,903,2020-08-06,148318.04,CREDIT,Loan Disbursement
385,138,2020-05-13,195654.25,CREDIT,Credit Card Payment
386,730,2021-08-19,39316.93,CREDIT,EMI Payment
387,36,2024-03-19,126011.02,CREDIT,EMI Payment
388,700,2023-07-31,181468.14,DEBIT,Transfer
389,610,2020-09-14,118856.94,CREDIT,Salary
390,756,2019-02-01,188953.3,CREDIT,Transfer
391,276,2018-08-10,155823.72,DEBIT,EMI Payment
392,878,2020-06-29,52061.69,DEBIT,Fee
393,742,2023-08-05,97360.32,DEBIT,EMI Payment
394,783,2022-06-17,109960.1,CREDIT,Transfer
395,925,2019-10-04,198602.42,DEBIT,Transfer
396,88,2021-07-25,52607.7,CREDIT,Transfer
397,185,2024-07-13,15960.22,DEBIT,Transfer
398,940,2023-09-14,109618.53,DEBIT,Transfer
399,890,2018-10-19,119161.5,CREDIT,Fee
400,845,2018-01-15,129957.04,CREDIT,Loan Disbursement
401,620,2019-04-13,186298.5,DEBIT,Fee
402,9,2023-01-20,59659.89,DEBIT,EMI Payment
403,974,2025-01-22,133556.93,DEBIT,Fee
404,643,2023-09-08,183104.13,CREDIT,Salary
405,840,2023-03-26,135015.27,CREDIT,Transfer
406,811,2024-05-06,23065.05,DEBIT,Loan Disbursement
407,10,2021-12-17,82183.16,DEBIT,Credit Card Payment
408,954,2025-07-02,125051.0,CREDIT,EMI Payment
409,287,2021-01-04,84311.76,CREDIT,Transfer
410,765,2021-11-04,116131.16,DEBIT,EMI Payment
411,722,2021-10-24,33086.89,CREDIT,Loan Disbursement
412,999,2019-07-14,138908.47,CREDIT,Loan Disbursement
413,157,2025-06-09,127332.58,DEBIT,EMI Payment
414,181,2025-02-22,119957.9,CREDIT,EMI Payment
415,739,2023-05-14,172839.95,CREDIT,Fee
416,507,2019-07-06,31148.36,DEBIT,Salary
417,941,2021-02-19,152027.05,CREDIT,EMI Payment
418,188,2023-03-16,103806.08,DEBIT,Loan Disbursement
419,816,2025-01-01,43829.75,DEBIT,Salary
420,448,2024-11-09,132263.18,DEBIT,Loan Disbursement
421,543,2021-07-19,30106.19,DEBIT,Fee
422,984,2019-11-17,54541.9,CREDIT,Loan Disbursement
423,579,2023-08-27,93926.96,DEBIT,Salary
424,779,2018-06-26,150989.51,DEBIT,Transfer
425,436,2020-11-15,87268.64,CREDIT,Salary
426,848,2022-08-02,58891.76,CREDIT,Credit Card Payment
427,241,2023-01-29,1943.81,DEBIT,Salary
428,346,2022-02-06,13183.52,CREDIT,Loan Disbursement
429,800,2019-03-29,197647.96,DEBIT,Loan Disbursement
430,482,2023-10-11,167488.14,CREDIT,Credit Card Payment
431,157,2020-08-31,164197.52,DEBIT,Fee
432,392,2019-10-14,78749.61,CREDIT,Transfer
433,88,2018-12-10,175120.12,DEBIT,EMI Payment
434,785,2019-11-04,46680.52,CREDIT,Loan Disbursement
435,193,2022-12-02,104882.36,CREDIT,Salary
436,898,2023-01-27,12172.22,CREDIT,Credit Card Payment
437,900,2019-05-23,134872.27,DEBIT,Credit Card Payment
438,571,2024-03-17,191106.36,DEBIT,Transfer
439,52,2020-09-30,49741.16,CREDIT,EMI Payment
440,102,2022-10-03,61165.16,DEBIT,Transfer
441,412,2020-11-11,179962.14,CREDIT,Fee
442,38,2021-08-11,109778.54,CREDIT,EMI Payment
443,904,2018-08-15,96594.05,CREDIT,Credit Card Payment
444,298,2022-09-09,8207.98,CREDIT,Transfer
445,629,2021-11-24,102814.67,CREDIT,Loan Disbursement
446,304,2018-09-16,153899.84,CREDIT,EMI Payment
447,970,2024-06-03,96506.76,CREDIT,Salary
448,935,2020-05-17,163101.25,CREDIT,Salary
449,379,2019-02-02,157175.07,DEBIT,Transfer
450,86,2021-06-26,147062.9,DEBIT,Transfer
451,995,2019-04-12,1895.92,DEBIT,Loan Disbursement
452,243,2019-08-29,80387.01,CREDIT,Salary
453,291,2020-01-31,52321.13,CREDIT,Credit Card Payment
454,153,2020-11-21,143424.27,CREDIT,Transfer
455,953,2021-10-05,21042.23,DEBIT,EMI Payment
456,560,2021-05-02,19109.04,CREDIT,Loan Disbursement
457,31,2024-09-28,96211.75,CREDIT,Credit Card Payment
458,405,2018-04-17,137911.46,DEBIT,Loan Disbursement
459,708,2021-01-08,147725.79,CREDIT,Salary
460,902,2019-02-12,44600.03,CREDIT,Transfer
461,420,2020-09-05,88257.15,DEBIT,Salary
462,788,2025-06-24,125341.01,CREDIT,Transfer
463,780,2020-12-17,34514.83,CREDIT,Transfer
464,367,2019-06-20,34788.48,DEBIT,EMI Payment
465,240,2018-02-04,127395.41,DEBIT,EMI Payment
466,238,2018-09-02,188555.5,CREDIT,Loan Disbursement
467,927,2022-12-06,108488.71,DEBIT,Fee
468,201,2021-06-11,148245.14,DEBIT,Credit Card Payment
469,978,2020-04-02,146753.09,DEBIT,Fee
470,689,2021-07-19,29230.23,DEBIT,Fee
471,760,2025-04-26,134304.35,CREDIT,Loan Disbursement
472,742,2019-01-05,124384.62,CREDIT,Fee
473,453,2020-10-08,93350.79,DEBIT,Fee
474,15,2022-10-22,33158.21,CREDIT,Fee
475,504,2019-10-18,57234.1,DEBIT,Loan Disbursement
476,271,2019-04-26,166797.33,DEBIT,EMI Payment
477,629,2022-03-19,182744.77,CREDIT,Transfer
478,800,2022-08-06,8842.1,DEBIT,Transfer
479,612,2024-06-15,50801.66,CREDIT,Transfer
480,376,2018-12-27,173386.06,DEBIT,Transfer
481,436,2024-02-16,91953.41,DEBIT,Transfer
482,851,2024-10-19,59326.33,DEBIT,Salary
483,529,2024-10-17,133700.12,CREDIT,Credit Card Payment
484,858,2020-08-19,57133.18,CREDIT,Credit Card Payment
485,95,2022-04-15,174819.67,DEBIT,Loan Disbursement
486,715,2018-05-05,128276.81,CREDIT,Salary
487,627,2020-03-28,105882.42,CREDIT,Transfer
488,373,2022-03-30,38334.78,DEBIT,EMI Payment
489,766,2022-06-23,150942.03,DEBIT,Transfer
490,583,2025-06-27,103915.88,CREDIT,Salary
491,600,2022-08-09,182330.34,CREDIT,EMI Payment
492,98,2020-12-15,25965.58,CREDIT,Salary
493,679,2019-12-29,181792.4,CREDIT,Loan Disbursement
494,905,2018-02-12,54762.97,DEBIT,Loan Disbursement
495,648,2021-04-17,98.03,DEBIT,EMI Payment
496,776,2018-12-30,168994.99,CREDIT,EMI Payment
497,328,2024-07-30,75665.44,DEBIT,Fee
498,882,2024-06-09,155511.85,DEBIT,Fee
499,101,2019-05-23,42329.0,CREDIT,Credit Card Payment
500,360,2020-09-09,8745.49,CREDIT,Fee
501,939,2020-06-06,42833.1,DEBIT,Transfer
502,499,2022-01-30,95245.03,DEBIT,Credit Card Payment
503,505,2022-05-02,20363.64,DEBIT,Fee
504,369,2019-04-08,187371.89,DEBIT,Credit Card Payment
505,610,2019-10-18,62227.22,CREDIT,Salary
506,62,2024-06-15,81950.78,CREDIT,Salary
507,850,2021-01-19,16984.08,CREDIT,Credit Card Payment
508,247,2022-08-19,81390.12,CREDIT,Salary
509,420,2022-04-30,165648.88,CREDIT,Salary
510,867,2019-11-24,151370.25,CREDIT,Salary
511,718,2023-01-22,54596.02,CREDIT,Credit Card Payment
512,809,2023-08-31,129110.64,CREDIT,Loan Disbursement
513,458,2023-02-21,44291.6,CREDIT,Salary
514,81,2018-05-08,81203.87,CREDIT,EMI Payment
515,7,2023-12-16,66705.24,DEBIT,EMI Payment
516,495,2018-06-29,77790.81,CREDIT,Loan Disbursement
517,336,2022-02-13,70525.37,DEBIT,Salary
518,228,2019-06-06,32443.4,CREDIT,Fee
519,443,2021-09-26,8561.9,CREDIT,Salary
520,490,2025-02-12,166327.52,CREDIT,Credit Card Payment
521,706,2021-12-24,83503.17,DEBIT,Transfer
522,742,2018-06-01,56205.57,DEBIT,Transfer
523,791,2024-03-07,54921.95,CREDIT,Loan Disbursement
524,646,2020-05-10,70720.35,CREDIT,Salary
525,48,2021-02-15,171932.63,DEBIT,Credit Card Payment
526,841,2019-05-23,63173.41,CREDIT,Credit Card Payment
527,561,2021-06-20,44292.65,DEBIT,Loan Disbursement
528,445,2023-09-07,144860.92,DEBIT,Transfer
529,495,2025-01-18,51362.04,CREDIT,Salary
530,154,2023-01-23,102509.27,CREDIT,Salary
531,471,2021-06-15,66497.99,DEBIT,Salary
532,642,2023-10-24,66434.21,CREDIT,Salary
533,383,2020-12-09,7505.14,CREDIT,Loan Disbursement
534,359,2025-03-06,144645.38,DEBIT,Transfer
535,136,2021-11-08,61221.97,CREDIT,Credit Card Payment
536,894,2019-11-24,14553.83,DEBIT,Salary
537,969,2023-05-11,95097.63,CREDIT,Transfer
538,862,2021-03-12,40659.55,CREDIT,Transfer
539,874,2022-02-18,165873.47,DEBIT,Credit Card Payment
540,561,2020-11-26,88479.99,DEBIT,Salary
541,349,2021-05-04,99989.28,DEBIT,Loan Disbursement
542,821,2020-12-28,130423.61,CREDIT,Salary
543,252,2023-08-11,156414.51,DEBIT,Transfer
544,130,2020-03-27,85426.31,DEBIT,Credit Card Payment
545,661,2024-04-20,54381.42,CREDIT,Credit Card Payment
546,208,2023-05-03,132411.99,CREDIT,Loan Disbursement
547,646,2019-01-06,94976.07,CREDIT,Fee
548,371,2023-05-25,196066.6,CREDIT,EMI Payment
549,150,2024-03-19,38607.9,CREDIT,EMI Payment
550,534,2019-03-25,61710.74,CREDIT,Credit Card Payment
551,799,2018-08-08,26209.01,DEBIT,Credit Card Payment
552,975,2020-09-22,137450.97,CREDIT,EMI Payment
553,419,2020-01-07,96714.06,DEBIT,Fee
554,159,2024-06-29,69119.71,CREDIT,Credit Card Payment
555,856,2021-04-20,25308.77,CREDIT,EMI Payment
556,440,2023-02-24,51614.73,DEBIT,EMI Payment
557,870,2018-07-29,103904.0,DEBIT,Credit Card Payment
558,830,2018-04-15,96854.98,CREDIT,Fee
559,779,2025-04-27,43622.66,CREDIT,Fee
560,27,2018-11-21,142207.19,CREDIT,Loan Disbursement
561,944,2018-02-28,152113.71,DEBIT,Salary
562,202,2022-09-16,1605.85,CREDIT,Fee
563,530,2019-04-01,69946.73,DEBIT,Credit Card Payment
564,367,2023-11-18,55404.94,DEBIT,Loan Disbursement
565,735,2021-12-24,158029.13,CREDIT,Transfer
566,862,2018-10-11,160083.29,CREDIT,Salary
567,630,2024-10-08,131184.91,DEBIT,EMI Payment
568,373,2022-03-04,37242.74,CREDIT,EMI Payment
569,247,2021-09-21,103394.68,DEBIT,EMI Payment
570,412,2023-09-08,164616.2,CREDIT,EMI Payment
571,860,2024-01-13,65561.92,CREDIT,Loan Disbursement
572,276,2024-03-22,76226.22,CREDIT,Salary
573,49,2018-11-18,81167.0,CREDIT,EMI Payment
574,638,2018-08-28,240.67,DEBIT,Credit Card Payment
575,785,2019-11-06,20856.71,CREDIT,Transfer
576,397,2018-06-12,98070.26,CREDIT,Salary
577,188,2022-02-15,83844.66,DEBIT,Salary
578,980,2020-12-19,176944.5,CREDIT,Fee
579,130,2019-04-06,52837.77,CREDIT,EMI Payment
580,275,2024-06-19,118482.19,CREDIT,Credit Card Payment
581,300,2019-05-31,21163.03,DEBIT,Salary
582,674,2019-05-02,64111.96,CREDIT,EMI Payment
583,127,2020-01-22,107574.71,DEBIT,Salary
584,819,2022-02-06,126774.29,CREDIT,Fee
585,491,2022-03-20,71366.37,DEBIT,Transfer
586,833,2020-01-13,189684.52,DEBIT,EMI Payment
587,775,2019-09-27,163984.67,DEBIT,EMI Payment
588,325,2020-12-31,138974.35,DEBIT,Loan Disbursement
589,585,2021-08-17,94388.39,CREDIT,Loan Disbursement
590,843,2024-06-29,35512.46,DEBIT,Credit Card Payment
591,109,2023-11-07,184165.1,DEBIT,EMI Payment
592,532,2024-04-17,134546.64,CREDIT,Transfer
593,127,2022-12-29,7984.43,DEBIT,EMI Payment
594,276,2021-07-12,108615.93,CREDIT,EMI Payment
595,302,2025-07-05,45293.05,DEBIT,Fee
596,135,2018-08-02,109806.57,DEBIT,Credit Card Payment
597,673,2022-10-25,17603.24,CREDIT,Transfer
598,418,2019-12-02,176423.48,DEBIT,Credit Card Payment
599,855,2021-08-05,121796.1,DEBIT,Salary
600,802,2022-08-30,178656.27,DEBIT,EMI Payment
601,335,2018-05-10,169961.64,DEBIT,Fee
602,674,2019-09-16,115868.38,DEBIT,Loan Disbursement
603,603,2020-07-24,192804.82,DEBIT,Salary
604,594,2022-11-19,33176.47,DEBIT,Credit Card Payment
605,703,2025-01-09,23926.51,DEBIT,Credit Card Payment
606,934,2020-02-14,111005.12,DEBIT,Fee
607,587,2025-05-07,90285.84,CREDIT,Transfer
608,301,2023-03-17,197931.48,DEBIT,Loan Disbursement
609,584,2019-12-03,98779.55,DEBIT,Fee
610,966,2018-09-18,24531.27,CREDIT,Salary
611,737,2023-05-15,77234.84,CREDIT,Loan Disbursement
612,760,2025-01-07,138744.08,DEBIT,Loan Disbursement
613,754,2018-01-10,177888.43,DEBIT,Salary
614,930,2024-03-29,89367.06,CREDIT,Transfer
615,655,2021-03-14,8531.31,CREDIT,Salary
616,448,2023-04-04,145945.66,DEBIT,Loan Disbursement
617,887,2025-01-21,133460.26,DEBIT,Salary
618,367,2022-10-10,8863.47,CREDIT,Salary
619,958,2025-06-30,183570.43,DEBIT,EMI Payment
620,157,2024-01-15,163984.09,DEBIT,Loan Disbursement
621,906,2024-04-02,125013.78,CREDIT,Loan Disbursement
622,794,2025-01-16,47352.95,CREDIT,Loan Disbursement
623,689,2020-06-28,53834.16,DEBIT,Salary
624,971,2020-04-08,30353.62,CREDIT,EMI Payment
625,27,2023-04-29,198489.18,CREDIT,Salary
626,568,2023-08-13,160595.25,DEBIT,Credit Card Payment
627,281,2025-03-08,37071.38,DEBIT,Transfer
628,615,2023-11-26,43010.49,DEBIT,Credit Card Payment
629,793,2022-08-18,152044.12,CREDIT,Transfer
630,603,2021-09-07,126487.53,CREDIT,Transfer
631,627,2023-07-03,125611.59,CREDIT,Credit Card Payment
632,678,2022-06-16,68089.79,DEBIT,Fee
633,257,2022-08-21,149349.76,CREDIT,Credit Card Payment
634,87,2025-03-11,6575.02,DEBIT,EMI Payment
635,640,2024-07-15,10696.39,CREDIT,Fee
636,785,2025-01-09,127706.17,DEBIT,Transfer
637,510,2021-12-14,20858.45,DEBIT,Salary
638,973,2018-08-12,199822.63,DEBIT,EMI Payment
639,20,2018-02-21,124315.4,DEBIT,Credit Card Payment
640,651,2023-10-13,128537.95,CREDIT,EMI Payment
641,663,2020-12-30,61254.18,CREDIT,Credit Card Payment
642,584,2022-02-02,145695.4,DEBIT,Salary
643,119,2023-01-23,92194.91,DEBIT,Salary
644,197,2021-07-18,54648.47,CREDIT,Loan Disbursement
645,930,2020-07-04,144313.47,DEBIT,Transfer
646,754,2019-01-19,38074.28,DEBIT,Salary
647,936,2020-01-07,174145.46,DEBIT,Credit Card Payment
648,283,2018-01-29,5149.31,CREDIT,Transfer
649,673,2022-12-31,70215.36,DEBIT,Transfer
650,864,2018-09-07,78532.53,DEBIT,Fee
651,789,2021-02-03,39330.32,DEBIT,Fee
652,199,2023-10-17,97082.06,CREDIT,EMI Payment
653,489,2024-02-16,87894.87,CREDIT,Fee
654,168,2019-01-25,109961.51,CREDIT,Fee
655,470,2020-11-19,66571.19,DEBIT,Transfer
656,755,2024-08-06,23779.02,DEBIT,Fee
657,108,2023-06-04,48167.95,DEBIT,Credit Card Payment
658,769,2023-07-12,58302.4,CREDIT,Salary
659,594,2024-10-02,14067.69,CREDIT,Salary
660,368,2018-01-05,134814.55,DEBIT,Salary
661,971,2023-05-27,21577.88,CREDIT,EMI Payment
662,654,2018-06-11,152852.66,CREDIT,Loan Disbursement
663,622,2020-01-02,72843.24,DEBIT,Salary
664,563,2020-07-22,166032.31,CREDIT,Transfer
665,963,2022-08-25,34764.97,CREDIT,Transfer
666,630,2024-11-02,120866.26,CREDIT,EMI Payment
667,558,2020-11-17,170642.44,CREDIT,Fee
668,525,2019-07-23,82904.65,CREDIT,Salary
669,696,2020-06-06,34091.28,DEBIT,Salary
670,930,2024-08-11,158752.71,CREDIT,Credit Card Payment
671,53,2025-08-20,175903.4,CREDIT,Loan Disbursement
672,602,2019-02-03,83251.65,CREDIT,Credit Card Payment
673,975,2020-12-01,67244.35,DEBIT,EMI Payment
674,656,2019-03-28,3808.53,DEBIT,Transfer
675,714,2024-09-25,173476.57,CREDIT,Transfer
676,545,2020-08-15,24478.42,CREDIT,Salary
677,766,2022-01-01,29823.71,DEBIT,Salary
678,208,2020-10-30,51143.18,CREDIT,Transfer
679,654,2021-01-26,61253.87,CREDIT,Credit Card Payment
680,308,2020-05-11,102059.76,CREDIT,Fee
681,919,2021-12-24,71822.09,DEBIT,Credit Card Payment
682,797,2018-05-28,66519.96,DEBIT,Credit Card Payment
683,643,2021-07-27,111352.06,DEBIT,Loan Disbursement
684,324,2019-08-13,80149.89,DEBIT,Loan Disbursement
685,25,2023-04-30,32925.66,CREDIT,Salary
686,832,2025-07-01,49939.95,DEBIT,Salary
687,628,2019-02-07,131063.61,CREDIT,Transfer
688,528,2021-05-05,54821.45,CREDIT,Loan Disbursement
689,882,2023-06-26,151151.88,CREDIT,Credit Card Payment
690,68,2021-05-10,110683.53,CREDIT,Transfer
691,101,2018-07-27,193006.24,DEBIT,EMI Payment
692,240,2025-03-07,46042.09,CREDIT,Transfer
693,864,2022-07-31,198658.32,CREDIT,Salary
694,10,2019-06-24,8532.07,CREDIT,Fee
695,869,2021-04-16,89136.32,DEBIT,Credit Card Payment
696,542,2018-05-27,4685.67,CREDIT,Credit Card Payment
697,978,2023-04-29,52863.26,CREDIT,Credit Card Payment
698,93,2023-03-26,8323.64,DEBIT,EMI Payment
699,738,2020-09-14,178250.47,DEBIT,Fee
700,416,2022-11-25,31280.04,CREDIT,Transfer
701,854,2024-08-29,92245.04,CREDIT,Loan Disbursement
702,523,2025-03-06,153835.14,CREDIT,Loan Disbursement
703,650,2019-01-16,193480.3,DEBIT,Loan Disbursement
704,64,2020-10-02,86003.65,CREDIT,Transfer
705,83,2024-10-07,43095.74,DEBIT,Credit Card Payment
706,124,2019-09-26,93130.28,CREDIT,Salary
707,953,2024-07-25,154428.19,DEBIT,Loan Disbursement
708,817,2022-07-26,63461.1,CREDIT,Loan Disbursement
709,649,2023-12-05,111919.58,DEBIT,Loan Disbursement
710,138,2020-04-01,55999.68,CREDIT,Loan Disbursement
711,44,2022-04-26,174976.96,CREDIT,Loan Disbursement
712,752,2025-07-29,28969.38,DEBIT,Fee
713,607,2018-12-18,2866.05,DEBIT,EMI Payment
714,293,2025-06-23,168504.12,DEBIT,Loan Disbursement
715,302,2023-02-01,124154.44,DEBIT,Transfer
716,73,2024-02-02,63668.97,CREDIT,Salary
717,168,2018-03-22,104962.13,CREDIT,Salary
718,969,2018-10-07,82096.72,CREDIT,Loan Disbursement
719,507,2018-03-05,175987.4,DEBIT,Loan Disbursement
720,258,2019-05-08,104800.36,DEBIT,EMI Payment
721,628,2025-08-29,135718.33,DEBIT,EMI Payment
722,97,2023-04-27,132584.69,CREDIT,Transfer
723,488,2020-06-09,2132.35,DEBIT,Credit Card Payment
724,72,2019-01-21,19106.38,CREDIT,Transfer
725,985,2021-04-21,134371.12,CREDIT,Credit Card Payment
726,339,2022-08-14,94582.49,DEBIT,Transfer
727,902,2022-08-11,51907.41,CREDIT,Fee
728,634,2022-05-19,23674.17,DEBIT,Credit Card Payment
729,54,2021-01-13,37201.04,CREDIT,Salary
730,428,2020-05-09,43565.24,CREDIT,Salary
731,442,2022-06-21,49627.99,CREDIT,EMI Payment
732,614,2020-05-04,44061.85,DEBIT,EMI Payment
733,412,2018-11-08,99070.26,DEBIT,Loan Disbursement
734,656,2023-12-23,116205.99,CREDIT,Loan Disbursement
735,556,2023-06-28,61643.13,DEBIT,Transfer
736,349,2020-04-03,24158.94,CREDIT,Loan Disbursement
737,783,2018-09-16,99512.85,DEBIT,Transfer
738,772,2019-03-15,159978.92,DEBIT,Loan Disbursement
739,927,2024-04-17,171394.09,DEBIT,Credit Card Payment
740,25,2021-03-07,86484.24,DEBIT,Credit Card Payment
741,19,2018-08-09,23035.66,DEBIT,Transfer
742,81,2020-03-28,49901.69,CREDIT,Transfer
743,652,2021-01-03,93184.7,CREDIT,Fee
744,143,2019-03-27,173389.23,CREDIT,Salary
745,347,2023-04-04,92375.82,DEBIT,Salary
746,361,2023-03-08,57653.79,CREDIT,Loan Disbursement
747,336,2025-03-14,21611.19,CREDIT,Fee
748,264,2024-09-18,47945.66,CREDIT,Salary
749,992,2022-04-23,160211.98,DEBIT,Credit Card Payment
750,381,2019-07-29,113255.27,DEBIT,Fee
751,664,2019-10-29,61768.25,CREDIT,Loan Disbursement
752,672,2023-07-02,173438.17,CREDIT,Salary
753,317,2024-11-11,34308.65,CREDIT,Salary
754,804,2019-10-29,148584.62,DEBIT,Loan Disbursement
755,902,2025-07-02,169765.27,CREDIT,Fee
756,407,2024-05-15,6545.91,DEBIT,EMI Payment
757,853,2025-01-28,86758.28,CREDIT,Salary
758,264,2021-01-22,145876.89,DEBIT,Transfer
759,441,2025-04-25,124674.64,DEBIT,Credit Card Payment
760,840,2019-01-20,176432.1,DEBIT,Fee
761,396,2018-07-06,81550.35,CREDIT,Salary
762,771,2019-01-07,34834.44,CREDIT,Salary
763,147,2021-05-12,39219.81,CREDIT,Salary
764,16,2024-11-14,101250.57,CREDIT,Credit Card Payment
765,658,2022-02-03,139473.04,CREDIT,EMI Payment
766,320,2020-06-19,80003.58,DEBIT,Fee
767,13,2020-01-02,112447.75,DEBIT,EMI Payment
768,681,2020-08-16,76734.54,DEBIT,Fee
769,474,2025-01-01,114664.33,DEBIT,Salary
770,286,2025-07-07,172976.04,DEBIT,Transfer
771,771,2022-03-02,89852.45,DEBIT,Loan Disbursement
772,168,2023-10-25,108849.65,CREDIT,Loan Disbursement
773,770,2018-07-14,178084.53,CREDIT,EMI Payment
774,985,2025-01-08,144427.49,DEBIT,Transfer
775,43,2025-05-31,113438.19,CREDIT,EMI Payment
776,879,2023-03-22,176025.88,DEBIT,Loan Disbursement
777,552,2023-02-04,116402.56,DEBIT,EMI Payment
778,960,2024-12-12,103050.87,DEBIT,EMI Payment
779,347,2022-08-14,116575.28,CREDIT,Credit Card Payment
780,720,2023-05-24,60561.97,DEBIT,EMI Payment
781,594,2023-08-21,55470.75,CREDIT,Loan Disbursement
782,324,2020-05-10,97275.94,DEBIT,Transfer
783,222,2024-05-16,47899.56,CREDIT,EMI Payment
784,313,2018-01-03,49099.74,DEBIT,Salary
785,486,2025-06-21,39910.12,DEBIT,Fee
786,82,2021-11-02,184778.52,DEBIT,Salary
787,249,2025-04-09,105693.45,DEBIT,Loan Disbursement
788,611,2018-07-02,10202.43,CREDIT,Transfer
789,537,2025-01-19,207.62,CREDIT,EMI Payment
790,555,2020-07-23,179922.96,CREDIT,Loan Disbursement
791,50,2021-04-06,98572.12,DEBIT,Credit Card Payment
792,91,2022-09-25,190496.59,CREDIT,EMI Payment
793,418,2022-03-03,32630.9,CREDIT,Transfer
794,199,2020-07-22,170509.53,DEBIT,Fee
795,327,2023-01-11,182166.91,DEBIT,Loan Disbursement
796,852,2024-01-19,32250.67,DEBIT,Loan Disbursement
797,176,2020-07-03,99145.52,DEBIT,EMI Payment
798,32,2020-12-03,186056.16,CREDIT,Loan Disbursement
799,995,2021-09-12,41742.81,CREDIT,Transfer
800,649,2022-02-23,20361.82,DEBIT,Fee
801,948,2024-01-10,94539.45,DEBIT,Credit Card Payment
802,116,2020-09-12,123278.45,CREDIT,EMI Payment
803,695,2025-08-08,104401.84,DEBIT,Loan Disbursement
804,217,2020-03-13,84786.65,DEBIT,Transfer
805,996,2025-03-03,144988.65,CREDIT,EMI Payment
806,762,2018-01-05,120882.55,DEBIT,Fee
807,911,2025-04-05,36109.03,CREDIT,Fee
808,175,2021-07-04,135849.02,DEBIT,Fee
809,551,2024-01-01,51516.5,DEBIT,Fee
810,337,2024-04-12,70689.88,CREDIT,Transfer
811,672,2022-10-24,12799.08,DEBIT,Credit Card Payment
812,478,2019-09-13,83099.77,DEBIT,EMI Payment
813,516,2025-08-24,174963.78,DEBIT,Fee
814,726,2018-11-23,65041.75,DEBIT,Loan Disbursement
815,308,2020-07-21,114932.68,CREDIT,Loan Disbursement
816,85,2018-01-11,85770.79,DEBIT,Credit Card Payment
817,529,2024-01-19,75755.64,DEBIT,EMI Payment
818,535,2025-02-08,27643.73,DEBIT,Loan Disbursement
819,365,2025-07-05,159513.3,CREDIT,EMI Payment
820,844,2019-03-09,167707.92,CREDIT,Salary
821,912,2021-12-27,35670.22,CREDIT,Credit Card Payment
822,23,2021-10-11,181988.87,DEBIT,Fee
823,649,2021-12-21,28822.46,CREDIT,Loan Disbursement
824,828,2020-08-12,13568.94,DEBIT,Fee
825,348,2023-02-08,58427.49,CREDIT,Fee
826,839,2021-04-07,137085.06,DEBIT,Fee
827,952,2020-02-03,53821.51,CREDIT,Credit Card Payment
828,823,2019-05-01,58828.71,CREDIT,Loan Disbursement
829,446,2018-02-27,48034.9,CREDIT,Salary
830,923,2021-01-27,85938.73,DEBIT,Transfer
831,823,2021-09-23,150298.72,CREDIT,EMI Payment
832,807,2023-08-15,5346.94,DEBIT,Transfer
833,202,2018-02-02,67971.06,DEBIT,EMI Payment
834,283,2018-09-08,129963.03,DEBIT,Fee
835,465,2021-03-15,105181.06,DEBIT,Salary
836,91,2021-05-25,63700.12,DEBIT,EMI Payment
837,228,2024-08-23,66016.3,CREDIT,Loan Disbursement
838,657,2023-02-07,53961.84,DEBIT,Salary
839,426,2023-03-16,177359.99,CREDIT,Transfer
840,196,2019-01-17,37021.64,DEBIT,Credit Card Payment
841,367,2020-03-21,147843.49,DEBIT,Credit Card Payment
842,808,2019-09-23,148206.48,CREDIT,Transfer
843,772,2024-05-26,176214.68,DEBIT,EMI Payment
844,71,2021-07-11,89206.85,CREDIT,Credit Card Payment
845,239,2019-02-10,51733.32,DEBIT,Credit Card Payment
846,346,2022-02-04,189225.92,DEBIT,Transfer
847,426,2023-09-05,52125.59,CREDIT,EMI Payment
848,568,2024-05-15,143531.19,DEBIT,Loan Disbursement
849,395,2024-08-21,141085.73,CREDIT,Transfer
850,756,2021-07-08,154652.89,DEBIT,Transfer
851,855,2019-06-07,10136.96,CREDIT,Transfer
852,972,2025-02-26,152806.38,DEBIT,EMI Payment
853,784,2023-09-11,90102.68,DEBIT,Loan Disbursement
854,391,2022-11-07,94413.7,CREDIT,Loan Disbursement
855,647,2024-02-04,145306.64,CREDIT,Fee
856,103,2021-01-28,159559.08,DEBIT,Transfer
857,329,2018-11-28,119572.94,CREDIT,Fee
858,408,2022-01-17,23987.77,CREDIT,Salary
859,878,2020-05-19,65730.54,CREDIT,Fee
860,539,2022-08-05,5750.35,DEBIT,Transfer
861,279,2021-06-24,117564.84,DEBIT,Loan Disbursement
862,88,2019-05-18,162153.91,DEBIT,Credit Card Payment
863,898,2023-12-16,125984.66,CREDIT,Credit Card Payment
864,495,2018-01-25,4356.01,DEBIT,Transfer
865,573,2019-09-08,17314.09,CREDIT,Transfer
866,60,2019-09-15,191070.83,DEBIT,Loan Disbursement
867,32,2022-12-06,76347.57,DEBIT,Transfer
868,414,2021-01-13,52615.88,CREDIT,Loan Disbursement
869,601,2025-08-15,183893.24,CREDIT,Credit Card Payment
870,871,2023-02-16,96368.8,CREDIT,Loan Disbursement
871,53,2019-08-05,15884.02,DEBIT,Salary
872,902,2019-11-27,3584.1,CREDIT,Loan Disbursement
873,530,2020-04-12,33801.14,DEBIT,Transfer
874,434,2020-03-10,53010.35,CREDIT,Loan Disbursement
875,795,2019-10-29,20271.46,DEBIT,Fee
876,653,2021-07-02,18967.46,DEBIT,Salary
877,260,2021-05-28,103078.84,CREDIT,Fee
878,69,2020-09-27,199460.79,DEBIT,Loan Disbursement
879,820,2022-05-31,104233.97,DEBIT,Transfer
880,388,2018-12-30,86023.16,CREDIT,Loan Disbursement
881,870,2023-08-23,54851.3,CREDIT,Transfer
882,523,2024-12-19,154506.69,CREDIT,Credit Card Payment
883,43,2025-04-22,142801.73,DEBIT,Loan Disbursement
884,579,2024-02-15,13534.74,DEBIT,Transfer
885,116,2019-08-04,42703.17,DEBIT,Fee
886,225,2024-08-27,92399.2,DEBIT,Salary
887,28,2023-11-27,83598.64,CREDIT,Credit Card Payment
888,499,2023-11-18,6614.9,CREDIT,EMI Payment
889,214,2019-10-29,147313.64,DEBIT,EMI Payment
890,106,2020-01-01,159223.58,DEBIT,Credit Card Payment
891,106,2025-06-27,152238.84,DEBIT,Fee
892,612,2023-12-15,41464.66,DEBIT,Fee
893,681,2019-05-08,185468.62,CREDIT,Transfer
894,20,2024-03-15,111121.81,CREDIT,Transfer
895,334,2020-11-21,30661.64,CREDIT,Salary
896,886,2019-08-28,154983.9,CREDIT,Fee
897,197,2018-12-22,73589.98,CREDIT,Salary
898,864,2019-06-21,71486.92,DEBIT,Salary
899,416,2021-08-17,178453.98,CREDIT,EMI Payment
900,689,2020-11-30,53332.33,DEBIT,EMI Payment
901,58,2024-07-15,105532.03,DEBIT,Transfer
902,120,2024-03-12,177242.63,DEBIT,Loan Disbursement
903,550,2018-07-21,130161.22,CREDIT,Salary
904,924,2024-12-08,197627.45,DEBIT,Salary
905,965,2022-11-03,100438.02,CREDIT,Loan Disbursement
906,142,2024-05-31,48897.94,DEBIT,Salary
907,23,2023-01-31,178838.9,CREDIT,Fee
908,806,2019-09-06,10664.97,CREDIT,EMI Payment
909,365,2023-01-06,53106.87,DEBIT,Credit Card Payment
910,840,2021-02-10,127753.15,CREDIT,Fee
911,203,2025-05-07,159412.64,DEBIT,Credit Card Payment
912,405,2023-10-02,8043.19,CREDIT,Loan Disbursement
913,26,2023-06-25,4558.36,DEBIT,Credit Card Payment
914,449,2019-07-07,152258.79,DEBIT,Salary
915,111,2023-08-23,172464.49,CREDIT,EMI Payment
916,537,2019-04-23,58190.28,CREDIT,Transfer
917,930,2023-07-17,2596.84,CREDIT,Loan Disbursement
918,765,2024-03-08,138352.34,DEBIT,Transfer
919,300,2021-03-02,18820.47,CREDIT,Fee
920,770,2020-12-08,113037.98,DEBIT,Loan Disbursement
921,641,2024-08-22,173708.52,DEBIT,Credit Card Payment
922,43,2024-09-21,83217.67,DEBIT,Transfer
923,389,2021-08-13,51923.12,CREDIT,Salary
924,865,2018-03-28,130149.05,CREDIT,Fee
925,249,2022-02-15,9028.45,CREDIT,Loan Disbursement
926,671,2020-06-14,55370.09,DEBIT,EMI Payment
927,597,2025-08-26,194691.27,CREDIT,Loan Disbursement
928,576,2024-07-13,99253.58,CREDIT,Transfer
929,27,2024-11-18,618.38,CREDIT,Fee
930,117,2023-01-21,6725.8,CREDIT,EMI Payment
931,746,2023-10-11,7589.34,CREDIT,EMI Payment
932,837,2020-09-23,168961.48,DEBIT,Transfer
933,16,2024-10-28,22869.88,CREDIT,Loan Disbursement
934,524,2024-03-19,37704.71,DEBIT,EMI Payment
935,830,2021-11-29,169278.64,DEBIT,Credit Card Payment
936,510,2018-10-17,124957.53,DEBIT,Transfer
937,818,2025-04-16,67890.9,DEBIT,Fee
938,563,2020-01-20,15961.32,CREDIT,Fee
939,624,2018-08-02,107172.22,DEBIT,Salary
940,204,2024-02-07,98954.14,DEBIT,EMI Payment
941,694,2022-01-26,168085.36,DEBIT,Fee
942,157,2020-03-11,135835.51,DEBIT,Fee
943,457,2024-11-14,71292.52,CREDIT,Transfer
944,209,2022-12-12,99608.23,CREDIT,Credit Card Payment
945,581,2021-09-25,94728.59,CREDIT,Loan Disbursement
946,459,2024-07-13,38166.2,DEBIT,Fee
947,839,2018-01-22,159752.76,DEBIT,Loan Disbursement
948,714,2019-07-31,117853.49,CREDIT,Salary
949,131,2020-11-12,161327.76,CREDIT,Loan Disbursement
950,78,2019-08-23,25580.05,DEBIT,Transfer
951,8,2020-11-09,170981.97,DEBIT,Transfer
952,369,2019-04-11,22905.99,DEBIT,Loan Disbursement
953,597,2022-06-04,161274.42,CREDIT,Credit Card Payment
954,532,2023-05-13,107007.64,CREDIT,Transfer
955,956,2022-01-23,77770.65,DEBIT,Credit Card Payment
956,221,2019-12-15,144535.28,DEBIT,EMI Payment
957,219,2024-07-25,27264.57,DEBIT,Credit Card Payment
958,881,2023-07-03,155709.51,DEBIT,Loan Disbursement
959,264,2025-08-19,37941.5,CREDIT,Fee
960,456,2021-02-28,52198.25,CREDIT,Loan Disbursement
961,612,2021-09-24,163132.04,CREDIT,Loan Disbursement
962,690,2023-01-21,120937.3,DEBIT,Credit Card Payment
963,836,2022-08-03,56334.16,CREDIT,Loan Disbursement
964,849,2018-08-09,139507.46,DEBIT,Transfer
965,691,2021-09-11,185936.31,DEBIT,EMI Payment
966,148,2022-11-21,193648.17,DEBIT,EMI Payment
967,358,2019-12-09,158860.69,DEBIT,Credit Card Payment
968,95,2022-10-23,120582.54,DEBIT,Loan Disbursement
969,926,2020-11-15,33129.65,DEBIT,Transfer
970,570,2023-06-03,114845.55,DEBIT,EMI Payment
971,340,2023-06-08,103413.95,DEBIT,Salary
972,105,2020-03-24,105996.66,DEBIT,Salary
973,727,2020-02-14,177591.24,CREDIT,Credit Card Payment
974,137,2024-10-08,133988.48,CREDIT,EMI Payment
975,25,2020-04-16,148980.87,DEBIT,EMI Payment
976,27,2024-10-31,72967.04,CREDIT,Loan Disbursement
977,831,2018-05-01,171244.14,DEBIT,Loan Disbursement
978,650,2019-08-04,23040.45,DEBIT,Loan Disbursement
979,852,2019-07-14,187177.77,CREDIT,Salary
980,433,2025-06-07,159650.48,DEBIT,Fee
981,479,2022-10-25,46832.37,DEBIT,Salary
982,941,2023-04-04,77936.18,CREDIT,Fee
983,719,2024-11-24,58582.05,CREDIT,Credit Card Payment
984,137,2019-09-16,147781.42,CREDIT,Credit Card Payment
985,886,2021-11-13,157054.02,DEBIT,EMI Payment
986,641,2020-08-04,196553.37,DEBIT,Salary
987,386,2021-03-19,112679.32,DEBIT,Transfer
988,565,2025-04-10,61466.47,DEBIT,Salary
989,118,2024-04-04,12220.34,DEBIT,Transfer
990,963,2019-04-14,188199.11,CREDIT,Credit Card Payment
991,768,2018-10-09,191984.15,CREDIT,EMI Payment
992,335,2022-05-12,135682.51,DEBIT,Transfer
993,890,2025-01-08,129597.09,DEBIT,Credit Card Payment
994,926,2024-10-02,33432.45,DEBIT,Salary
995,125,2025-04-22,85105.37,DEBIT,Loan Disbursement
996,459,2023-03-29,41709.12,CREDIT,Credit Card Payment
997,220,2021-01-01,143410.77,CREDIT,Salary
998,494,2018-07-07,29292.77,DEBIT,EMI Payment
999,579,2020-10-19,66544.49,DEBIT,Transfer
1000,485,2020-09-20,30948.96,DEBIT,Transfer
