account_id,customer_id,branch_id,account_type,opened_date,balance
1,382,164,CURRENT,2022-10-23,325289.37
2,677,813,SAVINGS,2018-08-21,1006428.67
3,562,198,SALARY,2022-04-07,890107.31
4,312,241,LOAN_COLLATERAL,2025-05-01,542026.53
5,59,978,LOAN_COLLATERAL,2020-07-28,1990116.97
6,179,961,LOAN_COLLATERAL,2023-05-15,1740732.11
7,204,611,LOAN_COLLATERAL,2015-07-11,1543176.59
8,90,119,LOAN_COLLATERAL,2023-09-15,318314.71
9,333,328,SALARY,2024-05-12,363153.93
10,457,722,CURRENT,2019-07-05,80753.67
11,85,456,LOAN_COLLATERAL,2020-12-17,1175122.13
12,993,244,SAVINGS,2017-11-09,1816951.9
13,368,822,SAVINGS,2022-12-04,1518464.62
14,483,121,SALARY,2015-10-04,1598545.36
15,870,864,LOAN_COLLATERAL,2024-04-09,1802182.9
16,183,624,CURRENT,2019-02-16,1914556.68
17,337,983,LOAN_COLLATERAL,2022-05-30,1461674.8
18,611,901,CURRENT,2015-07-05,651969.97
19,813,362,SALARY,2019-12-20,642350.34
20,508,614,SAVINGS,2016-03-14,1361238.85
21,805,460,CURRENT,2015-03-17,1417282.39
22,777,340,SALARY,2019-08-14,1943131.75
23,453,896,LOAN_COLLATERAL,2018-08-24,1534108.59
24,700,107,SAVINGS,2019-05-13,1124.69
25,584,914,LOAN_COLLATERAL,2020-12-13,1140880.28
26,934,972,SAVINGS,2023-12-13,1513025.29
27,900,357,CURRENT,2017-01-13,232571.42
28,211,207,SALARY,2022-12-15,1043375.81
29,796,385,SAVINGS,2015-02-01,1830826.57
30,201,279,SALARY,2019-11-08,1361517.44
31,73,134,CURRENT,2015-01-29,1373718.23
32,943,508,LOAN_COLLATERAL,2019-05-19,1805007.71
33,759,120,CURRENT,2023-03-12,1674203.08
34,619,774,SALARY,2021-06-22,1767713.72
35,866,609,CURRENT,2020-03-25,210265.09
36,929,952,LOAN_COLLATERAL,2022-10-21,787894.56
37,50,935,CURRENT,2017-05-15,1041741.22
38,498,767,LOAN_COLLATERAL,2024-11-23,1657458.78
39,526,375,SALARY,2020-09-30,1303922.25
40,560,792,LOAN_COLLATERAL,2023-09-14,469704.14
41,590,479,SALARY,2022-10-24,485425.46
42,729,932,SAVINGS,2022-03-27,8145.67
43,243,509,LOAN_COLLATERAL,2021-11-25,1164784.88
44,627,871,LOAN_COLLATERAL,2023-10-08,553386.04
45,474,701,LOAN_COLLATERAL,2024-10-01,1599941.79
46,284,113,SAVINGS,2020-01-25,805983.98
47,928,849,CURRENT,2023-05-05,852086.46
48,395,656,LOAN_COLLATERAL,2018-03-12,1308384.3
49,305,788,SALARY,2024-04-24,709312.93
50,582,112,SALARY,2015-05-07,1873365.52
51,752,266,CURRENT,2018-10-28,1159478.15
52,942,528,CURRENT,2025-04-30,1222447.81
53,338,978,SAVINGS,2020-03-07,1624749.92
54,721,802,SALARY,2019-01-30,1012563.12
55,322,462,CURRENT,2025-05-04,1343862.18
56,338,427,SAVINGS,2019-03-30,953902.68
57,317,844,CURRENT,2018-06-09,1354381.0
58,501,862,CURRENT,2015-08-21,1992157.39
59,668,687,SAVINGS,2024-01-16,1373416.6
60,478,477,SALARY,2016-01-20,1760322.85
61,703,653,CURRENT,2018-07-19,1315177.87
62,658,642,SAVINGS,2020-07-07,1015722.13
63,224,398,CURRENT,2016-08-31,381494.72
64,733,729,LOAN_COLLATERAL,2018-03-03,27308.08
65,926,194,SALARY,2021-07-10,1175737.2
66,349,134,LOAN_COLLATERAL,2022-08-25,1531655.07
67,746,192,CURRENT,2015-12-23,1529958.61
68,986,142,SALARY,2018-07-14,391134.88
69,470,244,LOAN_COLLATERAL,2022-10-15,1341943.51
70,339,829,SAVINGS,2018-03-12,1246137.88
71,160,269,SAVINGS,2017-02-10,279308.2
72,132,252,LOAN_COLLATERAL,2020-05-28,974597.72
73,300,435,LOAN_COLLATERAL,2024-12-08,66759.65
74,249,728,LOAN_COLLATERAL,2018-07-09,736288.9
75,712,463,SAVINGS,2025-03-29,1963914.68
76,38,42,SALARY,2016-04-10,940527.01
77,76,200,SALARY,2018-06-20,530937.91
78,956,812,LOAN_COLLATERAL,2021-04-27,548189.46
79,482,819,SALARY,2016-03-31,1531942.65
80,111,565,CURRENT,2025-05-25,1325343.92
81,96,980,CURRENT,2020-05-10,1354001.61
82,774,805,SAVINGS,2024-06-13,836951.93
83,31,449,SALARY,2016-02-28,1812253.46
84,173,891,CURRENT,2025-03-01,1956849.08
85,665,243,SAVINGS,2019-02-02,772406.58
86,291,430,LOAN_COLLATERAL,2017-10-14,1342393.34
87,960,263,LOAN_COLLATERAL,2019-02-23,647684.06
88,963,349,LOAN_COLLATERAL,2015-07-29,252138.48
89,418,218,LOAN_COLLATERAL,2019-10-22,13233.91
90,511,499,LOAN_COLLATERAL,2025-05-08,1587171.04
91,238,662,CURRENT,2020-06-22,819885.06
92,197,591,SAVINGS,2017-12-12,1356748.38
93,421,37,SAVINGS,2020-10-29,355886.44
94,760,845,CURRENT,2019-06-28,1131130.27
95,739,677,CURRENT,2025-08-19,1919781.71
96,912,952,SAVINGS,2017-01-22,1893891.99
97,189,154,SAVINGS,2021-04-30,888245.23
98,972,346,SAVINGS,2019-06-29,208366.86
99,792,621,SAVINGS,2019-11-04,1286629.97
100,938,474,SAVINGS,2025-04-16,1442604.23
101,980,349,SAVINGS,2016-12-08,77345.71
102,213,599,CURRENT,2017-11-01,618677.43
103,34,469,SALARY,2021-09-20,951246.6
104,168,935,SAVINGS,2019-04-16,364643.05
105,76,565,CURRENT,2022-09-10,475341.39
106,703,838,CURRENT,2021-08-06,1469383.47
107,876,860,SAVINGS,2023-04-22,1192537.47
108,592,942,SALARY,2023-10-13,1297596.28
109,151,116,SAVINGS,2024-07-14,674350.03
110,26,492,SAVINGS,2016-10-15,346672.65
111,428,44,SAVINGS,2025-01-25,1118451.21
112,906,149,CURRENT,2022-04-26,926602.06
113,767,287,CURRENT,2020-02-03,1558807.61
114,324,293,LOAN_COLLATERAL,2020-07-04,1470676.28
115,549,911,SALARY,2023-11-07,333029.92
116,561,956,CURRENT,2015-09-12,800458.7
117,155,163,SAVINGS,2015-11-21,1961701.47
118,172,432,SAVINGS,2025-02-09,582272.53
119,426,721,SALARY,2019-02-06,1006538.86
120,332,141,LOAN_COLLATERAL,2020-07-04,816703.75
121,865,582,SALARY,2024-03-06,1385220.79
122,20,663,SALARY,2024-12-08,1660629.78
123,272,451,CURRENT,2022-10-16,1255254.36
124,939,837,LOAN_COLLATERAL,2016-12-25,723574.33
125,223,464,SALARY,2022-10-17,501216.85
126,507,561,LOAN_COLLATERAL,2015-02-27,883037.67
127,830,714,LOAN_COLLATERAL,2019-09-03,636160.8
128,480,470,SAVINGS,2019-11-13,172821.21
129,927,630,SALARY,2025-05-01,306306.36
130,314,159,SALARY,2020-11-09,122593.44
131,614,140,CURRENT,2025-01-08,802107.42
132,737,73,SALARY,2017-11-19,239052.72
133,28,2,LOAN_COLLATERAL,2017-03-13,1731373.47
134,77,661,SALARY,2015-05-17,669377.74
135,747,735,SALARY,2021-02-01,1030622.1
136,814,207,SAVINGS,2022-09-27,1678659.95
137,657,412,SALARY,2018-06-05,1998913.89
138,993,891,LOAN_COLLATERAL,2022-02-17,128208.03
139,478,597,CURRENT,2025-01-24,246421.37
140,179,780,LOAN_COLLATERAL,2016-06-30,1113288.79
141,370,244,LOAN_COLLATERAL,2022-07-16,1371345.87
142,86,859,SALARY,2023-11-18,36011.5
143,591,619,SAVINGS,2021-12-01,1112733.79
144,268,570,SAVINGS,2020-11-09,879984.16
145,954,720,SAVINGS,2020-04-14,2349.36
146,527,799,SALARY,2020-06-13,1744445.2
147,106,376,CURRENT,2015-06-11,959076.84
148,665,106,SAVINGS,2020-04-14,1654020.45
149,60,292,CURRENT,2017-07-10,849297.64
150,562,593,LOAN_COLLATERAL,2023-03-18,885269.16
151,389,464,CURRENT,2022-04-08,1824023.79
152,423,86,SAVINGS,2018-09-03,1948891.12
153,94,36,SAVINGS,2015-07-29,1352571.17
154,53,835,SAVINGS,2020-07-26,1110534.71
155,371,29,CURRENT,2015-02-18,744448.01
156,153,357,LOAN_COLLATERAL,2021-05-04,947110.71
157,703,781,CURRENT,2022-11-20,1365355.46
158,180,34,SAVINGS,2015-02-18,1979514.49
159,177,635,SALARY,2019-02-01,1808934.3
160,810,618,SALARY,2018-01-06,1296844.46
161,691,710,LOAN_COLLATERAL,2022-03-06,460136.32
162,614,433,LOAN_COLLATERAL,2021-09-03,1734136.25
163,463,767,LOAN_COLLATERAL,2017-11-08,1662833.12
164,172,355,CURRENT,2019-04-21,1326213.22
165,697,631,LOAN_COLLATERAL,2022-07-03,1296892.33
166,58,289,SAVINGS,2019-07-15,568426.89
167,358,798,CURRENT,2019-12-11,583441.45
168,964,813,LOAN_COLLATERAL,2016-01-16,1800913.18
169,193,245,SALARY,2025-07-06,1561953.38
170,628,786,CURRENT,2024-09-26,888277.11
171,434,816,SALARY,2023-04-26,1146857.39
172,803,704,SALARY,2019-04-03,1067146.41
173,762,693,SALARY,2023-08-09,1834466.8
174,858,543,LOAN_COLLATERAL,2018-11-07,992809.01
175,91,828,SALARY,2018-05-18,1197423.36
176,48,820,LOAN_COLLATERAL,2020-11-03,596549.33
177,741,401,SAVINGS,2018-01-31,545740.32
178,627,36,SAVINGS,2017-05-16,1912005.17
179,817,346,SALARY,2016-12-01,566482.93
180,47,691,LOAN_COLLATERAL,2019-12-25,510983.59
181,339,28,SALARY,2017-05-06,365314.7
182,383,784,CURRENT,2018-07-23,290714.26
183,452,755,SAVINGS,2016-02-03,1802724.41
184,93,709,SAVINGS,2025-03-20,1402269.09
185,381,820,SAVINGS,2020-12-28,500570.62
186,694,435,LOAN_COLLATERAL,2021-09-09,444745.0
187,170,79,CURRENT,2019-01-02,1653505.59
188,422,121,CURRENT,2015-08-03,1637468.51
189,465,741,CURRENT,2022-04-19,549996.54
190,960,872,SAVINGS,2024-11-03,1518719.15
191,906,160,CURRENT,2022-05-13,1716852.13
192,272,159,LOAN_COLLATERAL,2021-11-28,1935611.28
193,508,679,CURRENT,2015-02-05,669892.95
194,340,304,CURRENT,2024-03-23,1148892.65
195,891,906,SALARY,2025-05-02,1583369.71
196,886,105,CURRENT,2015-09-21,1707730.33
197,824,289,SALARY,2022-08-29,510769.58
198,747,553,LOAN_COLLATERAL,2020-01-05,610094.2
199,6,302,CURRENT,2021-07-19,495813.22
200,467,982,SAVINGS,2020-05-27,1442116.39
201,941,259,SALARY,2023-11-28,1759158.03
202,83,269,SALARY,2015-11-18,916022.41
203,512,345,SAVINGS,2024-01-26,542847.65
204,820,148,CURRENT,2019-10-02,892028.46
205,966,860,SALARY,2021-12-13,1838965.77
206,531,665,SALARY,2021-08-12,1986301.59
207,538,473,SALARY,2018-09-16,586388.12
208,338,526,LOAN_COLLATERAL,2024-11-27,903838.17
209,302,990,SAVINGS,2017-08-23,555269.84
210,119,941,CURRENT,2023-02-05,1871240.15
211,709,219,SALARY,2024-12-26,1833878.44
212,708,337,SALARY,2017-01-15,1390758.97
213,341,680,SAVINGS,2022-10-31,1162853.69
214,258,386,CURRENT,2020-10-14,1205621.23
215,114,157,LOAN_COLLATERAL,2024-06-08,1954907.93
216,294,807,LOAN_COLLATERAL,2020-05-14,1208085.64
217,433,737,LOAN_COLLATERAL,2019-07-26,237656.89
218,909,72,LOAN_COLLATERAL,2019-08-05,1108768.82
219,412,140,CURRENT,2022-11-12,1843191.66
220,889,918,SAVINGS,2025-07-24,1622779.91
221,29,674,SALARY,2018-10-05,1226578.24
222,531,31,LOAN_COLLATERAL,2017-08-08,204276.21
223,36,135,CURRENT,2020-01-16,1271331.28
224,307,248,CURRENT,2015-08-05,426359.65
225,451,984,CURRENT,2024-01-25,1769903.9
226,667,733,SALARY,2015-10-04,1073791.42
227,651,665,CURRENT,2018-03-10,596502.97
228,894,896,LOAN_COLLATERAL,2019-09-10,376106.04
229,65,819,SAVINGS,2016-06-16,1251086.67
230,215,557,SAVINGS,2020-07-06,1089061.57
231,191,571,SALARY,2021-01-19,1516592.28
232,49,928,SALARY,2019-09-01,155148.53
233,714,904,LOAN_COLLATERAL,2018-11-21,1245165.79
234,523,340,SALARY,2019-03-23,463293.59
235,444,334,LOAN_COLLATERAL,2015-11-24,1045770.67
236,30,170,CURRENT,2018-10-18,279019.65
237,961,176,SALARY,2019-11-08,1167999.37
238,934,948,LOAN_COLLATERAL,2024-05-09,1904571.47
239,280,400,LOAN_COLLATERAL,2016-12-20,1073713.74
240,912,161,LOAN_COLLATERAL,2020-01-14,1766856.66
241,337,158,SAVINGS,2017-09-20,158484.93
242,226,860,CURRENT,2024-02-19,1233787.59
243,569,888,SALARY,2016-01-09,1585338.77
244,773,886,CURRENT,2017-05-08,1491584.3
245,940,18,CURRENT,2024-09-23,865181.55
246,391,536,SALARY,2018-04-15,253552.03
247,454,952,SALARY,2021-02-10,778397.92
248,438,968,LOAN_COLLATERAL,2017-02-01,942396.51
249,542,474,SALARY,2015-04-30,1444750.46
250,154,7,SALARY,2020-01-13,1122076.26
251,852,276,SALARY,2015-11-24,1913176.0
252,8,417,CURRENT,2022-06-20,1073887.95
253,844,228,LOAN_COLLATERAL,2022-02-25,1266590.67
254,833,891,LOAN_COLLATERAL,2020-05-21,485435.74
255,913,436,CURRENT,2017-03-01,1908079.63
256,133,880,SALARY,2020-08-08,1288633.34
257,786,38,SAVINGS,2017-11-09,661183.32
258,348,544,LOAN_COLLATERAL,2022-11-30,1168022.51
259,224,63,CURRENT,2023-09-14,924564.35
260,764,652,CURRENT,2016-11-28,1101501.71
261,836,947,SALARY,2025-05-07,1823199.53
262,320,727,CURRENT,2023-11-05,509147.5
263,782,745,CURRENT,2018-09-18,684365.92
264,298,931,SALARY,2020-11-04,1207262.38
265,809,718,CURRENT,2021-06-28,1591527.59
266,914,938,SALARY,2022-04-13,77355.03
267,107,107,SALARY,2020-05-06,1942131.97
268,551,875,SAVINGS,2019-01-13,1577429.94
269,432,653,LOAN_COLLATERAL,2019-06-26,1738890.05
270,472,239,SALARY,2024-06-08,1573541.61
271,895,352,SALARY,2021-10-29,20318.41
272,988,989,LOAN_COLLATERAL,2020-10-10,1342406.41
273,920,271,SALARY,2020-08-07,1492221.67
274,213,192,CURRENT,2021-12-29,1696281.48
275,988,707,CURRENT,2018-03-06,1088726.05
276,339,361,SALARY,2025-04-18,1378943.57
277,30,11,SALARY,2024-12-29,323361.77
278,694,630,LOAN_COLLATERAL,2025-07-17,625571.48
279,861,608,LOAN_COLLATERAL,2016-10-15,843491.62
280,33,500,SALARY,2015-04-09,1272360.09
281,609,331,CURRENT,2015-08-31,170286.51
282,967,736,SAVINGS,2017-07-12,1718909.26
283,251,590,SAVINGS,2022-10-12,234656.5
284,739,969,SALARY,2016-01-09,1734290.3
285,385,148,CURRENT,2017-10-11,711707.42
286,563,640,SAVINGS,2018-08-05,1782185.05
287,562,794,SAVINGS,2015-06-06,1081676.24
288,18,970,SAVINGS,2019-02-08,1637218.97
289,212,469,LOAN_COLLATERAL,2024-05-24,1616232.86
290,334,414,SALARY,2015-03-28,258600.83
291,672,461,SALARY,2016-11-09,1022987.54
292,472,73,LOAN_COLLATERAL,2025-05-20,761943.21
293,623,442,LOAN_COLLATERAL,2020-03-10,1393675.18
294,596,684,LOAN_COLLATERAL,2018-12-18,1921428.73
295,349,582,LOAN_COLLATERAL,2021-11-10,1140084.73
296,1000,377,SAVINGS,2024-12-28,685206.61
297,919,665,CURRENT,2022-09-20,1258387.41
298,138,577,SAVINGS,2019-12-20,229465.86
299,527,374,LOAN_COLLATERAL,2025-01-24,148613.34
300,230,640,LOAN_COLLATERAL,2025-07-25,320907.35
301,321,135,LOAN_COLLATERAL,2016-08-10,1618010.22
302,64,966,SALARY,2025-01-10,1337470.08
303,543,661,CURRENT,2023-09-09,1518614.9
304,404,666,LOAN_COLLATERAL,2016-01-30,1747332.42
305,625,645,CURRENT,2016-01-15,598738.83
306,930,384,SALARY,2018-04-24,1421065.08
307,328,153,SAVINGS,2024-01-06,409018.96
308,809,827,CURRENT,2020-04-23,1261350.12
309,784,638,LOAN_COLLATERAL,2020-03-12,404962.38
310,526,749,CURRENT,2018-05-14,1902142.84
311,194,843,LOAN_COLLATERAL,2022-08-30,1716486.09
312,177,741,SAVINGS,2023-10-24,337062.7
313,292,900,LOAN_COLLATERAL,2015-02-09,1473569.22
314,178,597,CURRENT,2023-09-01,873016.0
315,297,660,SAVINGS,2021-06-16,501028.99
316,181,817,SAVINGS,2024-03-23,1103354.65
317,40,371,CURRENT,2018-12-19,956390.4
318,325,597,SAVINGS,2022-12-07,53819.32
319,948,837,SALARY,2021-10-25,1826196.32
320,91,140,CURRENT,2025-02-20,307726.55
321,310,417,SAVINGS,2015-12-20,1107376.34
322,609,90,SAVINGS,2017-04-15,1599832.42
323,759,987,CURRENT,2017-12-09,1602089.32
324,728,376,SALARY,2015-10-09,404257.23
325,616,786,SALARY,2022-10-05,351801.27
326,473,438,SALARY,2015-12-24,371278.98
327,245,298,CURRENT,2016-04-20,1536006.56
328,155,27,CURRENT,2021-12-11,172624.79
329,713,725,CURRENT,2020-08-20,167166.01
330,230,41,SAVINGS,2018-04-02,1184126.05
331,313,574,SAVINGS,2016-10-28,1236138.13
332,974,617,SAVINGS,2021-03-27,1090071.45
333,541,729,SAVINGS,2021-06-27,759692.29
334,423,310,LOAN_COLLATERAL,2016-10-08,376511.81
335,845,587,SAVINGS,2022-08-01,1151429.35
336,605,37,CURRENT,2015-10-15,1341402.3
337,197,329,SALARY,2021-04-19,1454120.11
338,713,212,SAVINGS,2019-12-17,1918201.99
339,240,779,SALARY,2024-11-17,1725155.21
340,409,501,SAVINGS,2018-05-15,1947598.47
341,729,902,SAVINGS,2025-03-21,968506.25
342,12,879,CURRENT,2022-09-30,1095711.65
343,577,95,SAVINGS,2024-12-15,1012355.29
344,782,491,LOAN_COLLATERAL,2015-05-27,642118.88
345,888,31,SAVINGS,2017-09-06,1444353.93
346,801,163,SAVINGS,2023-07-25,1774708.4
347,255,279,LOAN_COLLATERAL,2021-08-23,735759.68
348,29,982,SALARY,2015-11-10,512203.59
349,532,487,SALARY,2018-11-13,116062.76
350,733,508,SALARY,2018-11-21,1502258.4
351,158,367,SALARY,2016-09-14,452187.3
352,846,387,CURRENT,2016-04-26,788747.88
353,856,201,SALARY,2022-03-16,1007657.02
354,79,96,SAVINGS,2018-07-16,1541086.43
355,707,774,SALARY,2024-06-30,1942088.9
356,978,193,SALARY,2024-08-22,1542972.27
357,62,435,SALARY,2024-10-02,923313.2
358,14,354,LOAN_COLLATERAL,2019-07-08,1827994.74
359,884,858,SALARY,2019-06-15,1372837.72
360,252,882,CURRENT,2023-08-03,495637.18
361,707,473,SAVINGS,2015-04-30,986304.54
362,761,698,LOAN_COLLATERAL,2020-11-11,1637584.4
363,801,28,SALARY,2024-09-19,1826143.0
364,281,672,SAVINGS,2021-04-10,841712.39
365,256,187,CURRENT,2018-05-06,430985.15
366,32,819,SALARY,2018-10-14,1779104.72
367,797,503,LOAN_COLLATERAL,2018-03-14,1763369.93
368,555,711,CURRENT,2021-12-27,1750543.14
369,176,250,SALARY,2018-10-04,1199557.33
370,6,861,SALARY,2017-02-02,284281.28
371,872,911,LOAN_COLLATERAL,2025-03-30,1083478.55
372,710,145,LOAN_COLLATERAL,2021-03-04,1891101.13
373,761,281,LOAN_COLLATERAL,2018-07-19,1997872.32
374,116,217,SAVINGS,2025-01-10,1152216.63
375,431,801,SAVINGS,2017-05-29,1838675.82
376,532,883,CURRENT,2023-09-23,1501982.02
377,439,508,CURRENT,2021-02-21,1420869.36
378,201,406,CURRENT,2016-08-18,1905694.99
379,545,18,SAVINGS,2017-11-23,1389713.93
380,422,262,SALARY,2019-01-31,1037763.66
381,424,432,LOAN_COLLATERAL,2020-10-19,861455.18
382,492,967,LOAN_COLLATERAL,2016-02-07,785789.66
383,503,786,SAVINGS,2016-06-17,77182.25
384,234,109,SALARY,2018-09-25,690414.38
385,173,589,SALARY,2020-05-23,799271.7
386,125,267,LOAN_COLLATERAL,2020-10-03,603819.31
387,526,106,SAVINGS,2023-05-28,1552505.68
388,260,819,SAVINGS,2019-02-23,878824.76
389,558,116,LOAN_COLLATERAL,2022-12-23,428351.77
390,389,914,SAVINGS,2015-10-25,828142.68
391,391,122,SAVINGS,2018-06-11,773420.93
392,32,881,CURRENT,2024-11-03,750104.22
393,92,529,CURRENT,2019-06-26,1497031.46
394,23,802,LOAN_COLLATERAL,2018-10-31,679570.36
395,646,277,SALARY,2018-12-07,1819533.8
396,180,760,SALARY,2020-08-13,1939553.29
397,389,519,LOAN_COLLATERAL,2025-05-16,1698587.1
398,798,995,CURRENT,2020-08-09,904154.05
399,274,827,SAVINGS,2017-03-23,580135.61
400,819,693,LOAN_COLLATERAL,2022-02-01,1371971.22
401,288,347,LOAN_COLLATERAL,2022-07-26,820542.85
402,435,30,SAVINGS,2017-08-03,1984952.45
403,872,89,SAVINGS,2021-09-27,1910562.1
404,659,141,CURRENT,2020-07-26,1550872.63
405,980,226,SALARY,2023-12-21,1174089.9
406,929,274,CURRENT,2022-09-29,197969.33
407,878,745,SALARY,2023-05-05,1744573.74
408,213,400,CURRENT,2020-12-31,735301.01
409,805,896,SAVINGS,2025-07-26,1161859.61
410,858,696,SALARY,2015-03-29,1959680.58
411,600,199,LOAN_COLLATERAL,2015-05-01,1561784.9
412,620,588,SAVINGS,2019-07-23,1365936.35
413,929,370,SAVINGS,2021-02-04,227003.93
414,194,422,LOAN_COLLATERAL,2024-08-07,1783179.2
415,793,970,SAVINGS,2017-09-12,550189.06
416,541,644,LOAN_COLLATERAL,2021-04-20,544020.37
417,893,764,SALARY,2024-02-12,926796.17
418,16,708,SALARY,2016-12-08,1620941.84
419,951,585,LOAN_COLLATERAL,2022-12-28,1321532.88
420,344,898,SAVINGS,2018-06-02,1622602.09
421,609,978,LOAN_COLLATERAL,2017-11-10,570167.65
422,767,397,SALARY,2021-06-17,658606.18
423,142,856,SAVINGS,2023-04-27,1503146.21
424,488,863,LOAN_COLLATERAL,2024-06-22,870246.46
425,487,352,CURRENT,2020-08-12,15504.82
426,13,115,SALARY,2025-06-07,1484971.85
427,910,954,SAVINGS,2022-04-09,1985650.26
428,210,278,LOAN_COLLATERAL,2020-03-03,1159916.59
429,802,292,LOAN_COLLATERAL,2021-07-24,368249.17
430,321,691,SAVINGS,2024-02-25,818598.61
431,218,565,CURRENT,2024-03-26,324612.39
432,286,932,SALARY,2023-01-21,182192.78
433,979,700,SAVINGS,2015-08-06,180994.86
434,14,477,SAVINGS,2016-05-28,1366176.17
435,638,291,LOAN_COLLATERAL,2020-01-11,810071.41
436,77,756,CURRENT,2015-06-17,1712869.81
437,895,797,LOAN_COLLATERAL,2021-04-10,563683.32
438,716,944,LOAN_COLLATERAL,2016-12-12,1251026.64
439,913,653,CURRENT,2018-07-07,1427266.02
440,793,154,CURRENT,2022-03-06,426534.88
441,174,691,SALARY,2022-12-30,718400.09
442,416,675,SALARY,2021-06-08,1987092.88
443,128,676,CURRENT,2015-07-17,1836607.95
444,425,907,LOAN_COLLATERAL,2019-03-30,547837.71
445,468,974,SALARY,2016-01-28,1655877.44
446,350,531,CURRENT,2024-11-27,1457519.72
447,67,856,SALARY,2015-06-03,1350271.55
448,535,810,LOAN_COLLATERAL,2015-10-26,1864719.94
449,959,3,SALARY,2023-02-28,1153715.48
450,119,427,SAVINGS,2015-11-08,601393.53
451,411,264,LOAN_COLLATERAL,2019-04-13,1425127.98
452,84,992,SAVINGS,2021-07-14,1712517.3
453,247,62,SALARY,2019-01-27,1600488.83
454,177,750,LOAN_COLLATERAL,2024-10-16,1836625.34
455,218,983,LOAN_COLLATERAL,2022-12-19,369449.34
456,509,739,SALARY,2018-04-12,1119135.72
457,859,995,SALARY,2020-02-21,9463.73
458,481,574,SAVINGS,2022-02-03,294063.2
459,249,177,LOAN_COLLATERAL,2025-06-12,189613.58
460,89,769,SAVINGS,2021-03-05,1937824.42
461,774,170,SALARY,2020-06-01,1143502.5
462,600,62,SALARY,2022-06-20,811732.54
463,746,20,CURRENT,2021-01-25,860755.48
464,933,737,CURRENT,2021-02-27,1985501.64
465,849,585,LOAN_COLLATERAL,2020-02-25,126354.63
466,315,413,CURRENT,2016-03-20,1537071.92
467,2,850,SAVINGS,2017-02-12,1365731.19
468,763,484,SAVINGS,2024-04-30,1514025.71
469,608,864,SAVINGS,2020-01-05,93286.3
470,252,500,SAVINGS,2020-12-01,1263027.3
471,770,751,SALARY,2025-04-22,1427188.57
472,783,446,CURRENT,2016-11-03,73168.91
473,820,861,SAVINGS,2021-05-26,1927804.93
474,912,528,CURRENT,2018-01-23,1009214.09
475,609,159,SALARY,2020-07-07,1445072.7
476,554,451,SALARY,2025-06-22,1368229.42
477,631,420,LOAN_COLLATERAL,2015-08-31,1704844.26
478,818,294,LOAN_COLLATERAL,2024-02-09,680627.62
479,325,453,CURRENT,2019-10-16,941782.15
480,370,694,LOAN_COLLATERAL,2016-01-03,1546828.26
481,523,165,SAVINGS,2020-01-04,1995871.31
482,278,511,SALARY,2021-06-23,700049.95
483,880,942,SAVINGS,2017-03-04,614662.56
484,784,136,CURRENT,2015-09-07,371805.23
485,999,184,SALARY,2021-11-09,1983390.81
486,232,60,CURRENT,2016-05-27,1690313.34
487,399,680,LOAN_COLLATERAL,2018-11-15,343660.99
488,949,381,SALARY,2017-07-01,483044.18
489,627,933,SAVINGS,2020-03-05,1506971.5
490,840,265,SAVINGS,2023-03-20,762194.58
491,344,89,SALARY,2020-10-10,685659.14
492,663,153,LOAN_COLLATERAL,2020-03-19,799424.14
493,491,377,SAVINGS,2016-05-27,685196.02
494,572,205,SALARY,2023-07-11,1265753.86
495,608,26,SAVINGS,2023-01-28,1597106.92
496,861,859,CURRENT,2019-06-25,1446659.4
497,786,418,CURRENT,2017-03-06,272006.01
498,445,237,CURRENT,2017-11-22,259036.95
499,546,967,LOAN_COLLATERAL,2022-10-26,800493.67
500,792,970,CURRENT,2020-03-21,279625.7
501,806,853,CURRENT,2020-07-29,1348338.82
502,191,346,CURRENT,2016-02-22,70690.1
503,830,235,SALARY,2024-03-31,1533645.61
504,716,732,SAVINGS,2015-01-29,1086436.57
505,599,320,CURRENT,2022-05-06,415232.62
506,959,918,SAVINGS,2017-04-17,1486127.19
507,12,274,CURRENT,2017-02-21,466443.13
508,780,202,SAVINGS,2022-02-02,1253489.68
509,909,831,CURRENT,2020-12-24,561861.52
510,409,650,SAVINGS,2016-06-07,720094.74
511,499,913,SAVINGS,2018-01-08,929480.02
512,451,104,LOAN_COLLATERAL,2023-06-11,1870495.4
513,694,117,SALARY,2025-08-25,841932.98
514,675,395,SAVINGS,2025-01-08,1954486.96
515,643,396,LOAN_COLLATERAL,2019-02-22,1688301.17
516,366,315,LOAN_COLLATERAL,2023-03-01,1663997.53
517,148,99,LOAN_COLLATERAL,2020-06-27,1331375.59
518,553,811,CURRENT,2020-03-13,1241448.11
519,162,446,LOAN_COLLATERAL,2015-05-04,646417.67
520,731,149,SALARY,2017-03-22,1295385.93
521,992,617,SALARY,2020-11-09,1058638.91
522,632,210,LOAN_COLLATERAL,2023-02-20,1923106.94
523,539,570,CURRENT,2022-02-16,1605577.76
524,39,227,SALARY,2021-11-18,1820356.83
525,480,936,CURRENT,2022-08-07,422453.78
526,711,382,SAVINGS,2017-09-01,329961.7
527,609,523,LOAN_COLLATERAL,2023-06-30,1163308.28
528,691,431,LOAN_COLLATERAL,2023-12-13,725610.4
529,83,698,SAVINGS,2016-06-07,663243.61
530,406,447,SALARY,2024-10-31,1823018.98
531,665,537,SALARY,2022-02-25,1342188.83
532,38,413,SALARY,2017-07-03,1980933.98
533,507,428,SALARY,2016-01-19,1741665.03
534,849,582,SALARY,2017-10-07,284651.79
535,598,367,SAVINGS,2024-12-26,1461426.32
536,237,541,LOAN_COLLATERAL,2017-01-28,620839.09
537,878,481,SALARY,2016-11-22,305407.9
538,334,361,SALARY,2017-09-18,1815088.64
539,453,303,CURRENT,2021-06-04,1353328.75
540,425,234,LOAN_COLLATERAL,2021-11-24,673633.77
541,611,296,SAVINGS,2017-04-03,1112662.9
542,357,329,LOAN_COLLATERAL,2019-08-26,724587.72
543,798,679,LOAN_COLLATERAL,2017-03-23,148972.83
544,60,526,SALARY,2017-06-08,62622.76
545,154,757,SAVINGS,2015-03-06,1324373.17
546,754,827,SALARY,2025-07-17,408047.8
547,688,386,CURRENT,2022-08-29,1485810.09
548,172,360,SALARY,2022-05-14,1589458.95
549,210,738,CURRENT,2016-11-27,1894147.23
550,210,292,SALARY,2018-01-02,1128560.53
551,613,67,SALARY,2022-06-27,782873.94
552,817,99,SAVINGS,2015-05-17,1206416.29
553,310,562,SALARY,2019-06-12,1439994.95
554,745,24,SALARY,2017-05-01,1952325.31
555,764,158,SALARY,2018-06-21,608413.59
556,774,459,CURRENT,2022-06-14,938057.15
557,366,629,LOAN_COLLATERAL,2022-01-24,1878890.24
558,94,496,SALARY,2023-12-01,116559.22
559,836,632,SAVINGS,2021-09-21,395655.04
560,100,941,SALARY,2018-04-13,1830583.12
561,790,725,LOAN_COLLATERAL,2022-02-28,1899174.12
562,111,15,LOAN_COLLATERAL,2018-12-04,1502454.29
563,835,253,LOAN_COLLATERAL,2019-09-11,870658.13
564,589,856,LOAN_COLLATERAL,2017-11-10,1828333.16
565,812,219,CURRENT,2021-01-19,880959.89
566,563,904,SAVINGS,2023-05-07,1541985.81
567,914,968,LOAN_COLLATERAL,2016-06-19,1002346.9
568,587,31,LOAN_COLLATERAL,2019-05-13,873486.33
569,941,90,CURRENT,2019-12-18,1084640.63
570,916,311,SALARY,2019-12-18,181141.79
571,542,945,CURRENT,2019-12-28,546877.83
572,835,271,LOAN_COLLATERAL,2015-06-27,1212460.35
573,413,521,LOAN_COLLATERAL,2021-12-10,428643.68
574,42,405,CURRENT,2023-05-18,646740.24
575,154,246,SAVINGS,2020-09-26,1721147.53
576,661,606,SALARY,2018-02-22,786562.53
577,623,976,CURRENT,2017-12-22,1860677.8
578,306,794,CURRENT,2019-01-07,502270.63
579,416,610,LOAN_COLLATERAL,2016-12-25,1993491.87
580,192,840,SAVINGS,2022-09-10,711338.54
581,33,843,CURRENT,2020-08-28,903746.83
582,6,534,SAVINGS,2017-05-08,660234.96
583,318,430,LOAN_COLLATERAL,2019-04-13,854333.15
584,927,307,SAVINGS,2017-05-18,953878.83
585,266,452,LOAN_COLLATERAL,2020-02-26,860625.23
586,936,597,SAVINGS,2022-05-15,1483355.12
587,84,437,SAVINGS,2017-02-01,354838.63
588,832,347,SAVINGS,2023-06-18,475479.49
589,589,836,SALARY,2022-11-02,626019.39
590,360,565,SALARY,2022-12-18,1005416.9
591,949,719,SAVINGS,2022-02-28,1126057.95
592,655,46,SAVINGS,2023-11-01,1657095.59
593,126,322,CURRENT,2017-05-30,433350.03
594,135,866,SALARY,2023-01-06,1430245.38
595,411,2,SAVINGS,2024-02-20,446849.07
596,322,324,SAVINGS,2023-08-06,1725213.74
597,172,601,LOAN_COLLATERAL,2023-10-23,1709167.16
598,198,809,SAVINGS,2016-03-09,1983036.31
599,906,32,SAVINGS,2017-01-25,1711134.33
600,831,363,SALARY,2016-01-23,1926216.92
601,95,934,LOAN_COLLATERAL,2021-04-08,109598.03
602,766,937,SAVINGS,2021-09-14,590407.23
603,582,790,SAVINGS,2017-02-15,1826694.58
604,641,804,LOAN_COLLATERAL,2015-05-29,1754174.37
605,345,124,SAVINGS,2022-07-14,1625957.92
606,831,608,CURRENT,2024-05-06,1857403.82
607,422,546,SALARY,2015-11-30,1003332.65
608,815,677,SALARY,2015-11-11,966054.34
609,550,12,LOAN_COLLATERAL,2021-11-04,1895841.14
610,612,872,CURRENT,2022-12-06,325872.36
611,856,971,LOAN_COLLATERAL,2015-03-12,980791.4
612,934,719,SAVINGS,2021-09-24,845128.9
613,158,986,CURRENT,2017-04-30,1625560.84
614,77,781,CURRENT,2018-02-18,1152974.98
615,168,985,CURRENT,2015-06-22,1125075.19
616,965,881,LOAN_COLLATERAL,2015-06-19,1331450.63
617,967,847,CURRENT,2020-05-11,1745564.2
618,75,959,SALARY,2020-07-24,726430.9
619,570,358,SALARY,2016-09-24,1432696.04
620,262,554,SAVINGS,2019-05-11,798853.06
621,70,708,CURRENT,2025-02-24,829027.89
622,1000,759,CURRENT,2023-01-31,65649.97
623,236,939,SAVINGS,2019-05-10,1183818.0
624,851,380,SAVINGS,2019-10-25,636001.79
625,690,96,CURRENT,2016-03-27,235759.33
626,442,50,SAVINGS,2021-01-29,163737.58
627,125,684,CURRENT,2024-09-06,1336349.32
628,661,799,CURRENT,2024-10-23,1359094.41
629,865,624,CURRENT,2017-03-12,118574.58
630,333,366,SALARY,2021-07-06,1441286.59
631,139,61,SALARY,2023-11-02,301286.83
632,118,810,LOAN_COLLATERAL,2024-02-25,1325499.91
633,615,441,SAVINGS,2024-06-26,40327.74
634,597,721,SALARY,2022-02-06,215474.85
635,782,415,SAVINGS,2018-03-26,718620.41
636,353,168,SAVINGS,2015-09-24,281963.52
637,51,863,CURRENT,2023-11-21,844385.06
638,532,126,SALARY,2023-10-25,548170.4
639,106,965,SAVINGS,2017-11-02,510217.56
640,816,827,SALARY,2024-06-01,85002.29
641,555,719,SAVINGS,2022-10-04,1222369.59
642,929,105,LOAN_COLLATERAL,2015-06-06,1608884.69
643,566,861,CURRENT,2018-01-23,849704.18
644,334,270,LOAN_COLLATERAL,2021-05-07,1750563.12
645,31,840,SALARY,2015-02-17,1181245.13
646,832,871,LOAN_COLLATERAL,2024-04-17,1817363.34
647,514,36,SALARY,2024-04-13,263405.87
648,968,468,LOAN_COLLATERAL,2018-10-26,796749.52
649,609,571,CURRENT,2022-09-03,1236475.28
650,560,937,LOAN_COLLATERAL,2021-05-29,1307722.48
651,499,265,CURRENT,2021-10-27,1965604.03
652,81,313,CURRENT,2022-06-17,1237325.53
653,17,298,LOAN_COLLATERAL,2020-02-04,1859825.43
654,667,454,SALARY,2017-01-03,632392.12
655,196,691,LOAN_COLLATERAL,2020-02-04,812472.77
656,400,620,SAVINGS,2024-11-05,1201140.45
657,354,200,SAVINGS,2016-01-28,781492.23
658,878,991,LOAN_COLLATERAL,2020-07-22,277967.89
659,646,411,SAVINGS,2020-04-06,1978456.99
660,689,730,SALARY,2024-12-25,1037505.29
661,597,929,SAVINGS,2016-07-05,1932174.04
662,986,703,SALARY,2016-06-14,1217500.62
663,457,981,SALARY,2015-12-14,241919.39
664,400,397,CURRENT,2023-08-15,1438320.72
665,409,446,SAVINGS,2023-08-12,379281.96
666,612,535,CURRENT,2018-01-11,1615827.38
667,410,898,SALARY,2020-06-01,1300933.82
668,128,406,LOAN_COLLATERAL,2019-03-31,314802.63
669,510,764,SALARY,2024-03-18,1367631.56
670,46,162,SAVINGS,2025-01-21,727845.84
671,958,510,CURRENT,2017-04-24,173473.89
672,961,152,LOAN_COLLATERAL,2016-08-29,547032.82
673,985,208,LOAN_COLLATERAL,2016-09-12,683142.18
674,761,400,SAVINGS,2015-01-03,1041997.78
675,764,858,LOAN_COLLATERAL,2021-09-24,780957.88
676,65,464,CURRENT,2016-03-18,723931.07
677,870,58,LOAN_COLLATERAL,2023-09-01,300397.53
678,641,369,CURRENT,2018-09-15,398436.2
679,90,193,SAVINGS,2020-10-10,544390.21
680,941,424,SAVINGS,2018-09-11,1225239.11
681,850,639,CURRENT,2018-03-26,1327763.29
682,249,154,CURRENT,2023-02-20,1435656.93
683,127,7,SAVINGS,2024-11-26,293767.96
684,900,593,LOAN_COLLATERAL,2025-04-11,516286.19
685,763,232,SAVINGS,2023-11-22,1628771.01
686,931,716,SAVINGS,2018-02-25,1724239.19
687,827,926,SALARY,2020-09-28,444891.05
688,712,929,CURRENT,2022-08-21,1685660.63
689,477,897,SALARY,2021-08-20,1524118.19
690,155,706,LOAN_COLLATERAL,2015-07-04,1512649.9
691,99,951,SAVINGS,2019-10-16,1861120.19
692,151,234,SAVINGS,2017-06-07,984172.43
693,963,580,SAVINGS,2020-08-19,218098.56
694,16,984,SAVINGS,2024-01-07,1362132.69
695,393,155,LOAN_COLLATERAL,2016-10-28,1946848.16
696,353,475,SALARY,2024-02-03,434088.78
697,341,371,SALARY,2020-01-24,1944807.53
698,795,967,LOAN_COLLATERAL,2024-09-20,254993.19
699,219,786,LOAN_COLLATERAL,2020-08-19,1045356.91
700,546,148,CURRENT,2023-05-26,1514390.81
701,506,844,CURRENT,2018-07-12,621632.79
702,766,191,CURRENT,2022-03-03,643859.54
703,335,120,SAVINGS,2025-01-30,931882.19
704,540,696,CURRENT,2021-03-17,50484.54
705,48,256,LOAN_COLLATERAL,2018-10-09,731046.74
706,568,754,CURRENT,2020-09-23,1924366.7
707,163,8,LOAN_COLLATERAL,2019-12-13,793420.22
708,446,389,SALARY,2022-12-12,88521.58
709,132,554,SALARY,2018-05-10,641905.81
710,714,848,SALARY,2015-11-20,1445917.85
711,133,57,SALARY,2018-07-07,415214.39
712,701,863,CURRENT,2023-01-14,1822611.5
713,569,369,CURRENT,2016-02-25,742835.43
714,769,727,CURRENT,2019-06-11,256789.18
715,673,671,SAVINGS,2020-05-23,1682794.07
716,729,921,SAVINGS,2017-11-18,1580704.52
717,270,226,SAVINGS,2022-02-16,1638077.28
718,16,825,SALARY,2015-12-01,554725.9
719,294,365,CURRENT,2021-08-17,1576907.36
720,612,392,LOAN_COLLATERAL,2018-12-14,1415654.59
721,320,278,CURRENT,2017-05-24,138255.07
722,815,628,SALARY,2016-02-01,1621548.15
723,700,872,LOAN_COLLATERAL,2017-07-17,454163.22
724,249,909,LOAN_COLLATERAL,2023-10-23,1161256.82
725,462,169,SALARY,2024-06-10,1230528.23
726,30,95,SAVINGS,2023-05-31,91416.22
727,211,811,LOAN_COLLATERAL,2017-07-15,588985.63
728,615,615,SALARY,2019-02-01,1477785.88
729,556,718,LOAN_COLLATERAL,2024-02-16,1103096.93
730,424,642,SAVINGS,2023-03-25,1061366.09
731,519,95,SALARY,2020-09-27,806941.81
732,971,728,CURRENT,2016-04-18,732712.07
733,605,158,SALARY,2021-10-22,510253.95
734,468,448,CURRENT,2020-10-10,255127.15
735,925,296,SAVINGS,2025-04-25,421312.2
736,121,165,CURRENT,2017-02-01,458223.55
737,617,330,LOAN_COLLATERAL,2021-03-30,81914.47
738,901,450,SAVINGS,2018-04-02,900937.9
739,703,121,LOAN_COLLATERAL,2023-03-17,1883601.77
740,756,899,CURRENT,2023-12-11,792685.67
741,475,318,SALARY,2020-04-15,1446114.17
742,509,262,SAVINGS,2020-02-24,35997.59
743,413,395,SALARY,2024-08-22,1996034.23
744,781,362,SALARY,2015-02-21,7463.66
745,991,461,SALARY,2023-01-16,278499.59
746,876,563,CURRENT,2016-05-07,1730912.15
747,186,807,CURRENT,2016-05-10,1162056.95
748,951,218,SALARY,2024-09-13,1916773.67
749,169,493,LOAN_COLLATERAL,2023-07-21,880727.89
750,437,268,CURRENT,2021-09-18,411980.94
751,871,12,LOAN_COLLATERAL,2023-02-04,1558495.27
752,660,601,SALARY,2021-05-23,332199.49
753,779,38,SALARY,2019-07-01,1320265.78
754,407,34,LOAN_COLLATERAL,2021-02-02,704628.99
755,238,97,CURRENT,2017-04-08,504749.05
756,937,271,CURRENT,2018-10-24,1042102.24
757,745,284,SAVINGS,2016-04-05,1933173.35
758,674,317,SALARY,2018-12-10,196155.98
759,991,268,CURRENT,2016-04-29,58178.56
760,399,768,CURRENT,2020-03-30,1114660.54
761,91,486,SAVINGS,2018-06-11,1118222.35
762,744,961,CURRENT,2023-11-07,752529.52
763,641,973,SAVINGS,2015-12-07,1378594.85
764,745,347,LOAN_COLLATERAL,2025-05-19,722859.27
765,840,566,LOAN_COLLATERAL,2021-06-03,1864101.65
766,171,76,CURRENT,2020-08-08,1147616.58
767,203,944,SAVINGS,2017-05-04,1526124.76
768,420,199,SALARY,2018-10-10,1152401.13
769,182,501,SALARY,2020-03-04,855339.46
770,505,488,SALARY,2019-02-08,1135912.06
771,370,808,SALARY,2015-10-22,417237.29
772,795,317,SAVINGS,2020-06-11,513677.31
773,610,75,LOAN_COLLATERAL,2017-06-20,1548859.53
774,569,25,LOAN_COLLATERAL,2017-01-03,864706.05
775,504,876,CURRENT,2017-02-25,400968.01
776,622,14,SALARY,2024-07-11,812084.62
777,373,887,SAVINGS,2015-05-16,187953.73
778,84,230,SAVINGS,2018-10-01,615896.5
779,991,1,LOAN_COLLATERAL,2018-03-05,366857.36
780,204,423,LOAN_COLLATERAL,2020-08-07,1236949.18
781,777,77,LOAN_COLLATERAL,2021-07-24,1207417.76
782,90,3,SALARY,2016-02-03,1600455.97
783,394,796,LOAN_COLLATERAL,2024-04-04,920538.57
784,621,19,LOAN_COLLATERAL,2024-05-30,1257681.13
785,820,675,SAVINGS,2018-11-04,1962481.85
786,493,230,SAVINGS,2019-04-12,908378.74
787,962,587,SALARY,2020-03-06,1332613.44
788,397,463,CURRENT,2015-05-30,1168066.66
789,404,122,SAVINGS,2023-12-25,362450.88
790,199,470,CURRENT,2019-11-06,611105.3
791,691,178,SAVINGS,2019-01-30,1017834.42
792,397,582,SALARY,2016-10-10,1791610.27
793,934,372,SALARY,2016-02-29,1329146.1
794,771,662,LOAN_COLLATERAL,2019-01-22,1830010.87
795,455,633,CURRENT,2016-10-04,1536441.56
796,501,479,SAVINGS,2016-04-30,231263.04
797,344,316,SAVINGS,2024-05-07,1930126.44
798,693,512,CURRENT,2022-01-05,1616748.95
799,748,857,SALARY,2015-01-19,1634312.57
800,601,435,LOAN_COLLATERAL,2019-07-23,1016772.25
801,705,549,SALARY,2023-06-17,125673.04
802,951,775,LOAN_COLLATERAL,2022-07-21,1209900.48
803,206,965,LOAN_COLLATERAL,2020-08-13,757004.47
804,992,491,LOAN_COLLATERAL,2024-04-19,425076.28
805,714,938,CURRENT,2024-08-04,821444.05
806,279,905,SALARY,2015-07-29,336432.45
807,206,154,SALARY,2019-06-09,1679314.23
808,674,435,LOAN_COLLATERAL,2021-09-01,787416.19
809,893,818,LOAN_COLLATERAL,2023-04-01,669557.49
810,456,672,SALARY,2019-04-27,1238040.99
811,839,598,LOAN_COLLATERAL,2019-12-18,1489163.12
812,358,363,CURRENT,2018-01-31,1707337.54
813,929,259,LOAN_COLLATERAL,2022-04-07,72157.81
814,654,133,LOAN_COLLATERAL,2015-04-07,1549305.59
815,248,454,SALARY,2016-11-25,1201031.58
816,6,573,LOAN_COLLATERAL,2022-08-14,1663499.25
817,537,626,SALARY,2018-07-13,1756989.93
818,658,639,LOAN_COLLATERAL,2018-09-25,1755058.53
819,243,452,LOAN_COLLATERAL,2018-02-19,1107931.28
820,965,34,SALARY,2020-11-20,14582.76
821,236,545,CURRENT,2017-03-24,1458794.3
822,381,948,SALARY,2021-07-05,376977.85
823,739,622,SAVINGS,2017-10-11,814163.47
824,389,311,SAVINGS,2022-10-24,1837606.67
825,831,800,SAVINGS,2020-04-28,442821.93
826,215,57,LOAN_COLLATERAL,2015-12-24,703496.29
827,740,902,SALARY,2017-06-13,353355.82
828,724,264,SAVINGS,2018-07-11,206719.53
829,822,756,CURRENT,2019-07-28,721928.31
830,236,891,SALARY,2022-01-31,1162851.8
831,211,207,LOAN_COLLATERAL,2025-05-14,789136.37
832,288,664,SALARY,2017-12-27,1383313.88
833,808,977,SALARY,2024-09-07,863767.23
834,39,254,CURRENT,2024-07-16,1714223.44
835,140,926,SALARY,2017-03-16,1644472.16
836,585,635,SALARY,2017-12-19,222918.71
837,609,151,SAVINGS,2022-12-12,1909854.26
838,590,291,SAVINGS,2015-08-07,1754251.56
839,22,184,SALARY,2019-11-22,89841.27
840,824,547,SAVINGS,2022-08-25,1747704.84
841,336,118,SALARY,2018-05-09,1953506.43
842,269,607,SALARY,2020-05-02,1131562.94
843,481,208,CURRENT,2017-08-24,1726084.17
844,23,438,SAVINGS,2017-12-15,503222.3
845,911,330,SALARY,2024-09-01,1310601.51
846,277,723,SALARY,2020-12-03,1180084.22
847,876,350,SAVINGS,2025-08-10,1617123.87
848,353,685,CURRENT,2019-08-06,63408.65
849,779,479,SAVINGS,2023-02-22,806975.36
850,541,482,LOAN_COLLATERAL,2019-11-08,1512434.62
851,62,493,SAVINGS,2022-02-20,1692277.13
852,717,555,SAVINGS,2025-07-23,319841.16
853,187,245,SALARY,2025-05-06,189705.65
854,224,584,SAVINGS,2016-06-05,375206.49
855,473,260,LOAN_COLLATERAL,2021-09-16,1289215.65
856,534,989,LOAN_COLLATERAL,2022-07-16,204908.08
857,755,990,CURRENT,2025-03-13,1826751.0
858,511,422,SALARY,2015-02-06,668932.23
859,711,518,SAVINGS,2020-06-27,1157559.25
860,777,46,SALARY,2024-06-23,1282359.78
861,122,908,SAVINGS,2024-03-07,854631.62
862,42,508,SAVINGS,2020-02-07,1055420.6
863,780,551,LOAN_COLLATERAL,2019-12-13,1061816.14
864,276,525,CURRENT,2024-01-13,21260.09
865,261,530,LOAN_COLLATERAL,2020-03-09,426133.46
866,953,887,LOAN_COLLATERAL,2022-05-27,569496.54
867,695,8,LOAN_COLLATERAL,2024-11-03,524640.27
868,133,491,CURRENT,2020-10-06,115511.46
869,11,194,SAVINGS,2024-09-20,903372.47
870,890,839,CURRENT,2023-11-18,1326440.54
871,400,823,LOAN_COLLATERAL,2017-10-03,1478714.27
872,85,439,SALARY,2023-05-07,1038514.83
873,765,640,LOAN_COLLATERAL,2025-08-19,522184.89
874,274,911,SAVINGS,2021-03-06,1123936.47
875,587,923,LOAN_COLLATERAL,2023-04-30,1175247.31
876,25,205,CURRENT,2022-01-06,67348.64
877,642,909,LOAN_COLLATERAL,2019-11-20,10157.75
878,731,845,LOAN_COLLATERAL,2016-09-24,846651.07
879,640,800,SAVINGS,2016-05-23,1486434.33
880,163,212,SAVINGS,2025-01-30,260657.19
881,971,613,SALARY,2019-04-10,391667.28
882,22,983,CURRENT,2025-03-17,491775.41
883,871,988,SALARY,2018-12-15,529474.41
884,4,251,SAVINGS,2019-12-08,1194484.24
885,608,121,LOAN_COLLATERAL,2018-02-01,1610188.48
886,862,62,CURRENT,2022-08-28,925822.41
887,947,168,SAVINGS,2016-04-26,291938.99
888,999,644,LOAN_COLLATERAL,2017-05-30,186836.0
889,1000,944,LOAN_COLLATERAL,2015-01-18,43983.3
890,132,206,SAVINGS,2022-06-13,1894741.54
891,144,717,SAVINGS,2023-07-03,1993420.7
892,875,394,CURRENT,2024-01-22,1817131.25
893,309,542,SAVINGS,2023-10-08,1386236.5
894,581,244,SAVINGS,2025-03-14,1921472.27
895,305,544,LOAN_COLLATERAL,2022-12-13,896574.92
896,938,529,LOAN_COLLATERAL,2019-12-22,1512974.35
897,498,615,SALARY,2024-12-03,409147.06
898,831,539,CURRENT,2018-01-14,1662055.4
899,338,654,LOAN_COLLATERAL,2017-08-27,1052533.42
900,108,384,SAVINGS,2021-01-03,313628.08
901,149,881,CURRENT,2023-07-30,1030439.72
902,142,448,LOAN_COLLATERAL,2024-07-21,263008.26
903,364,889,SAVINGS,2020-08-28,686590.33
904,892,372,LOAN_COLLATERAL,2022-04-02,934075.84
905,429,793,SAVINGS,2018-10-10,1810527.4
906,606,43,CURRENT,2015-08-08,1873720.49
907,127,589,SALARY,2023-03-01,1453439.52
908,851,636,LOAN_COLLATERAL,2024-06-22,606662.78
909,760,514,SALARY,2019-05-07,206628.2
910,819,347,SAVINGS,2024-03-31,1417214.79
911,302,525,LOAN_COLLATERAL,2021-07-24,1478902.03
912,907,731,LOAN_COLLATERAL,2023-04-08,60897.94
913,586,140,LOAN_COLLATERAL,2018-03-26,814443.76
914,298,43,CURRENT,2025-04-15,664872.35
915,455,956,SALARY,2021-09-05,1860561.69
916,355,803,LOAN_COLLATERAL,2021-09-29,1395538.22
917,793,957,CURRENT,2019-02-17,1721885.42
918,521,524,SAVINGS,2024-08-18,124006.09
919,775,729,CURRENT,2022-06-12,305086.81
920,450,795,LOAN_COLLATERAL,2018-05-13,894056.26
921,857,463,SALARY,2025-06-21,986320.48
922,382,589,CURRENT,2019-02-24,567743.69
923,726,121,CURRENT,2017-06-07,1028628.79
924,152,872,LOAN_COLLATERAL,2023-04-06,1173589.27
925,831,255,SALARY,2021-09-07,939874.33
926,40,18,SALARY,2015-09-12,1421389.69
927,896,339,LOAN_COLLATERAL,2021-09-22,1966545.53
928,561,853,LOAN_COLLATERAL,2021-05-20,1375977.93
929,427,473,LOAN_COLLATERAL,2025-05-04,1439255.62
930,915,109,SALARY,2019-10-13,265143.67
931,695,578,LOAN_COLLATERAL,2023-11-03,843547.04
932,866,501,SAVINGS,2016-09-22,659784.23
933,601,227,LOAN_COLLATERAL,2025-02-10,59744.42
934,173,796,SALARY,2019-11-01,893502.98
935,640,752,SAVINGS,2019-03-19,602251.68
936,802,159,CURRENT,2020-07-03,295050.6
937,495,407,LOAN_COLLATERAL,2017-03-19,1610538.59
938,965,290,LOAN_COLLATERAL,2025-08-20,226351.45
939,643,207,LOAN_COLLATERAL,2016-02-27,992872.79
940,952,653,SAVINGS,2015-08-17,677969.65
941,984,374,LOAN_COLLATERAL,2021-03-26,481319.28
942,297,362,LOAN_COLLATERAL,2021-12-24,1926851.84
943,910,851,LOAN_COLLATERAL,2025-05-11,870282.99
944,192,982,SAVINGS,2019-10-03,1984205.45
945,980,994,CURRENT,2017-04-13,746023.58
946,994,951,SALARY,2022-11-04,1941079.54
947,783,425,SALARY,2020-09-15,107937.03
948,841,802,LOAN_COLLATERAL,2023-07-05,15557.0
949,823,762,SAVINGS,2015-05-03,1005484.14
950,778,735,SAVINGS,2018-04-18,401846.08
951,486,91,LOAN_COLLATERAL,2025-03-19,659257.94
952,483,573,LOAN_COLLATERAL,2023-08-04,317351.15
953,641,736,SALARY,2021-07-16,463027.18
954,401,570,SALARY,2024-12-12,92451.7
955,961,631,CURRENT,2024-10-04,137134.26
956,697,431,SAVINGS,2020-11-14,1151507.45
957,987,905,LOAN_COLLATERAL,2022-03-31,1358433.53
958,91,35,LOAN_COLLATERAL,2019-03-03,1580110.56
959,566,202,SAVINGS,2016-01-16,216053.73
960,862,210,CURRENT,2015-06-29,323526.81
961,292,50,SAVINGS,2021-11-08,1416324.95
962,703,695,CURRENT,2022-12-08,434267.03
963,585,444,CURRENT,2020-08-09,1174871.03
964,190,932,SAVINGS,2022-06-19,1338222.43
965,242,557,SALARY,2020-10-25,339119.43
966,671,975,SAVINGS,2021-04-11,1064591.57
967,217,541,LOAN_COLLATERAL,2018-03-06,1905183.2
968,461,533,SAVINGS,2023-06-11,1511842.02
969,792,464,SALARY,2019-07-14,496931.71
970,904,280,CURRENT,2023-04-16,15804.28
971,239,307,SAVINGS,2017-01-30,587892.36
972,761,785,SALARY,2019-11-17,584204.04
973,285,153,SALARY,2018-06-11,549627.79
974,31,264,SALARY,2022-04-09,1117610.46
975,785,701,CURRENT,2023-07-17,989809.4
976,841,445,SALARY,2017-09-08,884686.6
977,804,667,LOAN_COLLATERAL,2020-10-23,185848.74
978,710,563,SALARY,2019-12-23,1649577.63
979,310,280,CURRENT,2018-06-28,776340.73
980,457,680,SAVINGS,2018-06-07,1864528.04
981,264,394,CURRENT,2023-11-23,1138073.3
982,721,343,CURRENT,2016-01-12,1620747.3
983,339,828,SALARY,2019-07-11,621904.79
984,148,201,LOAN_COLLATERAL,2015-02-11,1883096.76
985,642,388,SAVINGS,2024-06-30,1111038.64
986,579,825,SALARY,2018-01-03,1531344.83
987,604,398,SALARY,2019-09-10,1335343.85
988,828,532,SAVINGS,2025-01-23,243470.4
989,551,187,CURRENT,2021-06-19,1563004.59
990,150,249,CURRENT,2017-12-26,767417.33
991,503,141,CURRENT,2025-02-16,104905.04
992,479,213,CURRENT,2020-06-13,1414005.12
993,793,277,SAVINGS,2019-05-04,1350979.83
994,66,209,SALARY,2020-07-07,1839835.04
995,724,905,LOAN_COLLATERAL,2020-07-23,1002886.12
996,53,951,LOAN_COLLATERAL,2023-10-30,659404.76
997,599,395,LOAN_COLLATERAL,2022-07-30,1551115.36
998,679,409,LOAN_COLLATERAL,2024-04-04,1602283.74
999,515,395,SAVINGS,2015-08-10,1773384.77
1000,346,69,CURRENT,2025-04-12,791198.08
