application_id,loan_id,customer_id,product_id,branch_id,application_date,status,requested_amount,credit_score_at_application,risk_score,assigned_officer_id,comments
1,816,11,618,916,2019-09-28,SUBMITTED,4571383.56,649,84.55,757,High LTV
2,,41,494,8,2025-02-03,UNDER_REVIEW,4925490.49,591,49.24,526,Need income proof
3,,460,639,536,2023-12-29,CANCELLED,3099421.83,364,23.1,473,Verified docs
4,,912,339,962,2019-12-15,UNDER_REVIEW,3000468.23,512,17.29,589,High LTV
5,,179,988,790,2021-09-05,APPROVED,234004.6,603,59.27,874,Verified docs
6,,974,867,915,2021-04-26,REJECTED,3865736.61,676,29.16,657,
7,277,412,807,319,2022-01-18,CANCELLED,1377914.36,353,5.74,834,Manual review required
8,,772,439,222,2022-06-26,REJECTED,4935600.44,835,24.22,863,Need income proof
9,,654,666,375,2025-04-09,SUBMITTED,1436706.55,644,54.42,553,High LTV
10,,14,896,760,2023-08-10,REJECTED,4848066.1,355,73.17,119,High LTV
11,826,98,646,900,2018-11-15,UNDER_REVIEW,3841128.12,812,0.24,198,Verified docs
12,,776,384,690,2022-09-19,CANCELLED,2131595.77,318,11.55,86,Need income proof
13,179,93,908,633,2025-08-05,UNDER_REVIEW,4945469.41,513,32.69,8,High LTV
14,,829,996,393,2018-08-12,CANCELLED,1074983.93,697,74.32,134,High LTV
15,8,960,233,237,2019-04-25,REJECTED,517730.26,353,90.41,977,Verified docs
16,781,66,487,88,2023-01-13,SUBMITTED,3030223.83,602,31.64,944,Need income proof
17,850,113,619,682,2025-02-21,CANCELLED,1841793.95,375,59.8,727,
18,,776,834,341,2022-08-19,REJECTED,3999727.91,538,63.77,162,High LTV
19,968,374,613,378,2018-12-23,REJECTED,4008884.89,544,36.15,271,
20,,29,154,722,2020-01-31,CANCELLED,3927745.31,685,47.89,101,
21,,335,761,434,2018-03-30,UNDER_REVIEW,1509521.24,471,96.69,376,High LTV
22,731,295,84,681,2021-05-17,CANCELLED,267031.9,782,8.55,346,Verified docs
23,125,508,885,699,2024-12-31,CANCELLED,4242848.17,805,69.41,694,Need income proof
24,,324,540,476,2023-11-11,CANCELLED,3530546.34,836,59.48,732,
25,265,747,568,883,2020-10-18,SUBMITTED,2412886.8,408,31.72,981,
26,,167,741,270,2019-04-21,UNDER_REVIEW,1499175.12,812,31.18,374,Need income proof
27,913,451,223,77,2025-07-18,UNDER_REVIEW,2246162.17,781,89.57,907,Need income proof
28,,945,1,699,2022-08-06,REJECTED,3005700.54,617,90.47,326,
29,,488,759,834,2018-01-21,UNDER_REVIEW,1308123.25,425,64.95,815,
30,689,413,905,929,2019-01-01,REJECTED,193189.28,406,20.63,898,
31,,129,463,219,2023-12-21,UNDER_REVIEW,4292572.29,834,63.15,666,
32,66,31,961,251,2021-07-26,REJECTED,2956300.02,666,95.5,433,Need income proof
33,,584,66,682,2025-04-16,APPROVED,1489308.96,432,78.11,741,
34,,895,449,567,2019-09-01,APPROVED,421847.37,731,87.01,211,Need income proof
35,,177,311,984,2025-05-30,SUBMITTED,4189268.7,559,87.85,485,Need income proof
36,,675,406,966,2022-11-23,UNDER_REVIEW,1410015.2,840,14.59,235,
37,531,917,904,301,2019-06-02,SUBMITTED,3993142.67,732,92.06,268,High LTV
38,,827,973,965,2024-09-13,APPROVED,534092.29,646,61.34,244,Need income proof
39,948,433,401,327,2019-08-25,SUBMITTED,4235231.0,807,28.66,264,Need income proof
40,,240,101,970,2022-11-10,APPROVED,2923416.39,622,0.95,35,Need income proof
41,,295,106,99,2020-05-23,REJECTED,4902978.73,406,93.13,658,Need income proof
42,,761,907,809,2020-09-18,SUBMITTED,3796725.68,312,94.65,557,Manual review required
43,820,47,655,496,2024-01-03,REJECTED,2904183.01,628,45.29,385,
44,,785,540,233,2018-02-26,APPROVED,577064.83,630,63.4,991,Need income proof
45,,501,314,858,2023-08-04,UNDER_REVIEW,1228683.71,528,37.11,671,Manual review required
46,,443,778,618,2023-05-12,SUBMITTED,514207.1,736,50.2,369,Verified docs
47,19,372,857,248,2018-11-10,REJECTED,3995242.22,627,4.88,5,Manual review required
48,19,85,934,766,2019-04-19,CANCELLED,1670995.87,707,55.7,714,High LTV
49,,756,636,368,2019-11-24,CANCELLED,155168.31,662,3.25,359,High LTV
50,,157,515,70,2023-12-14,APPROVED,2262217.29,456,39.06,518,
51,355,211,759,900,2024-10-19,CANCELLED,3193774.87,476,28.8,437,
52,546,883,276,37,2025-02-19,REJECTED,928633.89,799,51.28,914,Manual review required
53,,754,764,672,2018-08-09,REJECTED,2536396.66,506,8.9,126,Verified docs
54,979,842,121,472,2024-07-14,APPROVED,3033244.97,452,77.85,902,Verified docs
55,,84,190,338,2022-05-18,REJECTED,2516927.48,654,0.23,707,Verified docs
56,286,353,966,775,2022-10-23,SUBMITTED,2151860.68,771,69.93,981,Need income proof
57,,811,179,509,2025-04-27,REJECTED,983713.34,506,31.55,504,Verified docs
58,,884,261,185,2019-02-19,APPROVED,3626025.07,312,60.92,190,
59,351,245,918,493,2020-12-04,SUBMITTED,1879598.83,820,45.53,633,Manual review required
60,,52,881,679,2021-09-10,CANCELLED,722910.88,637,22.62,891,
61,,589,373,368,2024-02-21,REJECTED,2497132.88,529,39.54,688,Verified docs
62,153,472,600,357,2023-02-02,UNDER_REVIEW,1151508.77,401,42.23,698,
63,487,88,246,329,2019-03-01,SUBMITTED,3315538.81,375,23.94,213,
64,,337,193,382,2025-08-02,SUBMITTED,931694.34,566,40.5,591,Need income proof
65,175,853,795,833,2021-03-27,SUBMITTED,894126.56,442,82.28,130,Verified docs
66,787,929,35,572,2023-06-06,UNDER_REVIEW,2642426.7,629,88.65,881,High LTV
67,,776,783,737,2024-06-15,APPROVED,1075637.8,407,24.86,13,Manual review required
68,,576,900,451,2023-10-28,UNDER_REVIEW,2424638.49,473,12.39,973,
69,70,970,759,568,2020-02-01,UNDER_REVIEW,1910131.31,355,51.59,633,Manual review required
70,,382,110,640,2020-08-07,SUBMITTED,4630770.31,608,27.0,613,Manual review required
71,,792,824,253,2024-01-23,SUBMITTED,1026844.54,584,98.46,449,Verified docs
72,,99,229,813,2020-05-05,REJECTED,352940.4,556,57.49,406,Verified docs
73,,376,321,316,2018-05-08,REJECTED,4288793.1,315,1.55,936,Verified docs
74,,330,666,966,2023-09-11,CANCELLED,694334.8,509,91.72,566,
75,,798,524,29,2025-06-28,CANCELLED,4065072.05,537,51.75,330,
76,,140,747,933,2024-01-01,APPROVED,2486165.98,469,96.15,528,High LTV
77,35,225,476,72,2022-03-01,REJECTED,3862215.29,402,32.11,871,Verified docs
78,928,457,791,17,2022-04-11,REJECTED,2109659.08,805,6.09,912,High LTV
79,,239,93,103,2024-06-05,SUBMITTED,3607236.48,395,99.89,987,Manual review required
80,505,762,226,27,2024-09-02,UNDER_REVIEW,2475868.64,416,84.1,262,
81,100,638,80,996,2023-03-26,SUBMITTED,3881087.25,520,48.56,647,Verified docs
82,489,831,552,595,2019-07-16,SUBMITTED,4485972.97,593,98.5,380,Manual review required
83,573,148,826,99,2022-05-22,UNDER_REVIEW,4149221.08,759,97.38,306,Verified docs
84,,277,955,490,2020-09-25,UNDER_REVIEW,1832919.31,628,6.06,435,Need income proof
85,,590,677,621,2018-04-09,APPROVED,3596696.6,524,38.46,938,High LTV
86,,123,133,25,2023-01-19,UNDER_REVIEW,4537300.23,335,62.14,489,Manual review required
87,,993,620,24,2020-08-17,APPROVED,3491850.79,628,1.12,551,
88,,772,822,809,2022-08-25,CANCELLED,4305510.61,569,27.77,446,Need income proof
89,,458,762,714,2024-01-16,SUBMITTED,4130639.77,757,26.35,190,
90,,267,57,949,2025-02-17,APPROVED,4525711.09,678,92.32,682,Need income proof
91,,817,288,10,2024-04-29,UNDER_REVIEW,290090.98,703,64.6,819,Need income proof
92,,612,696,249,2018-05-26,SUBMITTED,404193.85,563,86.41,81,Need income proof
93,,358,756,645,2024-01-17,SUBMITTED,1968612.78,790,1.91,74,Need income proof
94,,279,977,444,2022-01-11,APPROVED,2619778.66,305,97.63,14,
95,,39,24,300,2022-08-16,APPROVED,4253811.28,557,62.33,395,Manual review required
96,,303,750,991,2024-01-03,REJECTED,1787483.84,669,40.63,289,Manual review required
97,,146,881,289,2022-06-12,REJECTED,716029.03,754,42.21,86,Verified docs
98,,714,482,617,2021-09-19,SUBMITTED,491425.66,819,11.21,684,
99,247,394,362,182,2025-08-22,APPROVED,346397.55,420,36.81,338,Manual review required
100,,112,347,963,2018-03-30,REJECTED,4346689.76,372,77.59,263,
101,,701,282,493,2023-06-07,REJECTED,4396566.65,403,62.58,708,Verified docs
102,,161,718,254,2019-05-14,CANCELLED,2319904.64,783,5.79,371,Need income proof
103,,103,424,523,2020-11-06,APPROVED,1426415.22,729,28.29,780,Manual review required
104,,778,185,258,2025-08-30,APPROVED,465788.12,533,18.52,917,
105,,877,819,815,2020-09-18,REJECTED,3181939.78,578,94.17,700,Need income proof
106,,956,730,610,2019-10-06,CANCELLED,2314914.52,632,97.91,95,Need income proof
107,,307,995,543,2024-06-14,APPROVED,149075.03,305,57.44,317,High LTV
108,,779,885,558,2020-11-10,REJECTED,1211406.27,458,64.44,297,Manual review required
109,,820,516,507,2024-04-13,SUBMITTED,3237898.03,788,75.19,490,High LTV
110,255,690,825,489,2022-09-09,APPROVED,4275817.85,781,92.52,464,Manual review required
111,,281,878,152,2021-12-07,SUBMITTED,2836368.9,850,45.46,434,Verified docs
112,,586,458,314,2022-12-14,REJECTED,4043320.17,742,42.51,974,High LTV
113,591,709,626,84,2024-08-06,SUBMITTED,3026871.97,673,16.37,859,Need income proof
114,,674,665,626,2020-05-12,SUBMITTED,2269206.04,808,84.55,868,
115,,364,431,771,2023-01-07,APPROVED,2897051.43,326,62.84,867,High LTV
116,,218,816,913,2024-08-18,REJECTED,2450436.77,610,85.57,804,High LTV
117,374,493,939,845,2019-03-31,APPROVED,218546.35,761,84.59,480,
118,,975,768,19,2018-12-17,APPROVED,1874213.05,588,25.6,289,
119,,804,636,709,2024-12-26,CANCELLED,1637508.41,631,13.22,399,Verified docs
120,,973,929,274,2024-03-01,APPROVED,1816836.27,644,70.95,671,High LTV
121,927,854,963,771,2025-07-20,REJECTED,1092082.38,646,68.98,995,Verified docs
122,641,342,28,579,2021-10-30,UNDER_REVIEW,3912717.41,760,16.05,951,High LTV
123,,724,713,794,2019-08-09,REJECTED,1975913.73,634,67.23,902,Manual review required
124,,970,735,569,2024-07-08,APPROVED,4215403.93,461,73.54,661,High LTV
125,177,24,241,420,2022-10-02,CANCELLED,2724515.6,491,77.79,446,Need income proof
126,,657,927,789,2024-09-23,APPROVED,1022902.63,669,4.62,984,High LTV
127,285,408,822,106,2022-11-06,APPROVED,1158474.18,807,87.07,479,Manual review required
128,,503,109,431,2021-03-25,CANCELLED,4975129.91,414,38.96,968,High LTV
129,,23,876,857,2023-04-13,UNDER_REVIEW,1748381.18,480,34.43,102,High LTV
130,,358,438,628,2023-05-06,CANCELLED,356793.13,821,14.19,55,High LTV
131,970,22,537,65,2020-03-16,UNDER_REVIEW,3783361.19,615,82.48,594,
132,,790,492,307,2020-08-07,UNDER_REVIEW,4164450.16,742,57.42,734,Verified docs
133,,286,639,289,2019-02-05,CANCELLED,68715.13,688,67.27,655,Need income proof
134,110,628,121,121,2025-03-26,UNDER_REVIEW,2883197.12,607,42.05,270,
135,,556,160,567,2023-03-08,CANCELLED,4533115.9,569,43.46,366,Manual review required
136,,85,670,149,2018-04-23,UNDER_REVIEW,4140678.44,360,99.28,618,High LTV
137,,697,444,662,2024-07-02,APPROVED,813205.9,597,82.71,572,Verified docs
138,,366,902,883,2025-07-31,APPROVED,4438743.56,842,50.09,395,Verified docs
139,,491,248,314,2025-01-15,CANCELLED,3168090.52,632,5.37,250,
140,,749,184,896,2023-01-12,REJECTED,3962193.84,381,99.54,590,Verified docs
141,883,411,163,367,2018-07-10,APPROVED,1794876.74,461,42.45,633,Manual review required
142,,863,671,649,2021-06-04,CANCELLED,1268102.2,777,14.36,978,Manual review required
143,176,781,725,500,2024-08-10,UNDER_REVIEW,3682318.99,839,56.94,275,Manual review required
144,,876,540,991,2022-11-22,REJECTED,870421.12,799,48.01,510,Manual review required
145,,632,86,54,2021-04-21,SUBMITTED,2243412.13,469,59.68,887,Manual review required
146,19,391,322,188,2021-02-27,SUBMITTED,3731095.82,797,22.04,682,Manual review required
147,,293,21,271,2018-11-14,SUBMITTED,2327951.58,404,56.68,138,Manual review required
148,,287,256,806,2020-10-14,REJECTED,328334.04,484,42.23,449,Manual review required
149,,299,636,406,2020-06-28,APPROVED,1623358.28,380,58.24,379,Verified docs
150,,678,82,32,2019-04-12,APPROVED,2580228.78,678,39.57,864,Verified docs
151,196,94,833,225,2023-05-09,SUBMITTED,3487308.61,367,98.71,710,High LTV
152,107,95,927,974,2023-01-22,APPROVED,2103521.72,328,80.19,239,
153,907,723,956,718,2022-12-29,UNDER_REVIEW,2293063.87,541,83.38,493,
154,,896,6,101,2025-05-29,APPROVED,2850119.64,723,15.65,847,Manual review required
155,,162,942,886,2019-10-15,APPROVED,126974.98,300,41.59,214,Manual review required
156,,277,867,710,2024-08-28,REJECTED,4636365.58,354,17.11,666,Need income proof
157,850,1000,973,278,2020-10-19,APPROVED,2735302.76,342,83.45,849,High LTV
158,,571,729,874,2018-05-07,SUBMITTED,4786428.53,647,5.26,916,Need income proof
159,,945,72,725,2019-04-06,CANCELLED,4721454.24,716,5.81,988,Verified docs
160,515,615,800,196,2021-01-27,REJECTED,4983615.06,747,41.71,868,Need income proof
161,411,863,913,341,2022-03-21,UNDER_REVIEW,1618280.05,658,0.82,280,Verified docs
162,,886,268,776,2018-08-22,REJECTED,2973781.44,569,66.29,709,Manual review required
163,,113,800,747,2023-07-09,APPROVED,4271031.72,408,73.87,164,High LTV
164,78,112,813,119,2021-05-14,CANCELLED,2812471.85,399,38.27,378,Manual review required
165,,582,512,688,2021-09-14,APPROVED,4556916.51,343,55.67,412,High LTV
166,,391,871,981,2021-08-28,SUBMITTED,1350133.32,596,9.14,307,Need income proof
167,,640,997,947,2020-12-03,UNDER_REVIEW,3756163.6,805,79.1,20,Manual review required
168,,717,355,869,2018-06-28,SUBMITTED,1675610.46,426,22.73,686,Manual review required
169,744,790,904,182,2022-08-10,CANCELLED,1297728.88,754,4.3,147,Need income proof
170,670,577,682,518,2019-04-22,APPROVED,791844.7,305,44.53,392,Manual review required
171,955,11,46,440,2023-12-31,SUBMITTED,4513285.36,525,42.59,591,High LTV
172,471,232,611,767,2025-04-18,REJECTED,1987597.83,407,68.32,321,Need income proof
173,,803,86,331,2018-06-04,SUBMITTED,3992842.11,742,1.39,705,High LTV
174,291,985,114,728,2024-01-09,SUBMITTED,76949.33,759,91.26,567,Need income proof
175,,998,377,372,2023-02-14,REJECTED,558098.42,738,92.1,494,
176,,500,135,705,2019-01-14,CANCELLED,3644331.45,481,55.32,239,Need income proof
177,,121,266,211,2018-02-13,CANCELLED,3987975.4,413,36.24,464,Verified docs
178,,638,497,548,2020-06-28,UNDER_REVIEW,2142982.09,774,91.16,288,
179,,695,591,105,2019-11-30,SUBMITTED,1759198.01,574,80.81,705,High LTV
180,,792,401,606,2023-12-25,CANCELLED,194820.27,480,67.12,170,Need income proof
181,503,817,133,63,2023-12-20,UNDER_REVIEW,2103960.49,314,85.97,553,
182,,844,674,40,2018-10-14,REJECTED,4381223.43,472,71.77,753,High LTV
183,,469,64,232,2022-03-03,APPROVED,3114322.13,408,31.8,401,High LTV
184,,772,79,447,2022-08-21,UNDER_REVIEW,4913689.32,715,87.6,992,Need income proof
185,,407,946,895,2020-02-29,REJECTED,4286610.13,355,13.28,369,Verified docs
186,,385,526,500,2020-02-10,UNDER_REVIEW,4056454.58,451,17.78,895,Need income proof
187,,825,563,968,2018-03-22,REJECTED,3091499.74,318,61.25,573,High LTV
188,,843,982,928,2025-04-14,CANCELLED,2515187.79,399,81.72,549,Verified docs
189,,295,914,121,2018-08-18,SUBMITTED,3216623.37,747,38.95,553,Need income proof
190,719,984,991,986,2020-09-13,CANCELLED,1195620.37,327,75.65,284,High LTV
191,,832,321,857,2025-04-16,REJECTED,56493.74,846,60.92,874,High LTV
192,,394,283,579,2025-08-30,UNDER_REVIEW,2378037.48,305,28.46,479,Manual review required
193,,651,851,970,2021-07-13,CANCELLED,4116104.83,359,26.28,16,Verified docs
194,,543,591,25,2019-10-17,REJECTED,2155991.55,677,11.36,193,
195,,787,49,329,2025-01-26,SUBMITTED,4490672.48,421,89.5,559,Need income proof
196,,337,306,494,2020-05-09,CANCELLED,2564316.42,300,54.19,185,High LTV
197,14,392,164,523,2019-11-06,CANCELLED,1661238.95,302,44.44,353,Need income proof
198,,380,711,144,2024-01-06,APPROVED,411182.24,678,89.84,120,Verified docs
199,371,259,480,83,2019-01-12,REJECTED,2786645.8,785,67.25,794,Need income proof
200,,126,214,887,2024-12-24,SUBMITTED,4392340.91,573,8.78,26,Need income proof
201,,842,297,105,2019-06-05,SUBMITTED,4840479.1,303,49.26,648,
202,,753,383,70,2021-09-18,REJECTED,2923362.24,517,21.63,791,Verified docs
203,,717,640,149,2022-04-17,CANCELLED,2880137.45,571,44.81,524,High LTV
204,,208,44,581,2019-09-10,APPROVED,931928.6,508,60.27,385,
205,211,204,422,831,2018-07-05,REJECTED,450720.5,608,82.94,868,
206,,625,866,305,2024-11-26,SUBMITTED,727672.47,620,53.52,834,
207,,916,441,399,2024-06-27,APPROVED,4354688.84,741,29.75,992,High LTV
208,,710,200,87,2025-05-18,APPROVED,4510581.31,622,69.3,611,Need income proof
209,,431,566,779,2019-04-26,APPROVED,207051.67,627,99.22,939,Need income proof
210,690,239,809,669,2019-03-18,CANCELLED,2266344.09,790,87.74,800,Verified docs
211,,778,48,132,2020-03-23,SUBMITTED,1441895.97,515,24.07,228,Manual review required
212,,778,246,107,2025-06-02,CANCELLED,1963596.88,448,32.44,626,Verified docs
213,,265,6,25,2021-06-25,UNDER_REVIEW,3885174.63,745,92.89,440,Manual review required
214,,42,832,512,2025-04-25,UNDER_REVIEW,1974056.71,464,46.41,489,Manual review required
215,,976,437,208,2022-08-20,CANCELLED,193270.53,510,97.1,498,Verified docs
216,,864,569,794,2023-11-24,UNDER_REVIEW,1046174.57,344,56.42,31,
217,4,595,556,174,2021-04-21,REJECTED,2524926.65,777,36.19,537,High LTV
218,,577,520,677,2025-01-05,REJECTED,4205502.23,713,46.04,957,Verified docs
219,,666,70,901,2022-10-02,CANCELLED,4739798.03,696,1.13,388,High LTV
220,,517,698,930,2023-11-15,SUBMITTED,4382456.02,463,48.63,49,Need income proof
221,,168,379,176,2024-02-08,APPROVED,1918291.97,815,92.89,433,Manual review required
222,,694,461,612,2019-07-04,UNDER_REVIEW,3174915.14,403,66.58,625,High LTV
223,,454,9,223,2019-05-21,SUBMITTED,2810167.43,843,21.21,573,
224,,937,871,355,2020-11-24,APPROVED,4546226.81,766,55.1,46,Need income proof
225,,547,253,198,2020-11-10,REJECTED,4505351.23,625,53.92,940,High LTV
226,,650,139,397,2018-09-03,UNDER_REVIEW,544796.29,371,67.0,517,
227,,433,766,745,2022-08-27,APPROVED,327756.77,787,63.54,311,Verified docs
228,,544,511,743,2024-03-26,SUBMITTED,4217227.4,516,44.51,178,Need income proof
229,,862,247,450,2019-03-14,UNDER_REVIEW,2120427.75,838,52.75,24,Need income proof
230,80,83,342,806,2021-08-03,REJECTED,2725536.33,400,23.49,752,High LTV
231,,291,839,172,2019-05-05,REJECTED,3359843.19,697,98.22,277,High LTV
232,,283,989,740,2020-10-29,UNDER_REVIEW,1022146.77,413,49.68,558,Verified docs
233,,740,827,40,2021-12-12,CANCELLED,2414083.91,745,13.49,541,Need income proof
234,,944,933,452,2023-11-04,APPROVED,3589164.34,710,25.31,14,
235,,460,302,417,2022-05-01,UNDER_REVIEW,628378.77,797,51.1,325,High LTV
236,,129,324,925,2021-11-08,APPROVED,790960.5,642,56.22,433,High LTV
237,,625,183,587,2024-10-22,SUBMITTED,4970180.32,465,13.53,736,High LTV
238,,278,45,444,2025-06-21,SUBMITTED,539521.03,566,10.42,530,Verified docs
239,208,947,951,239,2024-03-31,REJECTED,3371052.21,838,21.86,243,Manual review required
240,,855,550,683,2024-10-17,CANCELLED,1981871.11,458,35.82,903,Need income proof
241,,514,758,432,2020-02-04,CANCELLED,2090785.15,741,98.3,62,Verified docs
242,,382,510,276,2025-03-12,CANCELLED,306438.41,619,20.08,668,
243,748,853,791,594,2019-10-22,REJECTED,771009.71,537,62.69,5,High LTV
244,,80,153,842,2022-10-19,REJECTED,4315784.06,699,63.67,38,Manual review required
245,,78,292,620,2018-05-29,CANCELLED,4540018.82,385,0.64,612,
246,486,365,855,682,2024-08-25,APPROVED,1579082.89,618,93.55,255,
247,,907,532,891,2021-01-05,REJECTED,694950.58,802,72.72,883,Verified docs
248,,5,934,663,2021-07-13,UNDER_REVIEW,4115654.91,433,33.99,691,Manual review required
249,,957,915,469,2020-03-19,SUBMITTED,2520420.67,503,15.78,422,High LTV
250,,793,923,410,2024-05-21,SUBMITTED,276952.56,758,5.91,545,High LTV
251,23,68,886,121,2023-07-20,SUBMITTED,1106325.11,558,0.09,151,Need income proof
252,,417,277,181,2019-08-28,REJECTED,4970042.31,563,24.52,853,Manual review required
253,911,782,688,424,2021-10-18,UNDER_REVIEW,4592187.54,664,6.09,328,Verified docs
254,,503,689,871,2020-12-14,SUBMITTED,454383.9,721,1.49,521,Need income proof
255,,899,361,197,2024-02-29,CANCELLED,3619830.03,651,35.92,655,Manual review required
256,809,325,578,955,2020-02-07,SUBMITTED,1338630.65,371,67.31,903,Need income proof
257,,988,543,756,2019-11-06,UNDER_REVIEW,296182.61,401,39.94,965,Need income proof
258,,21,933,675,2020-10-05,UNDER_REVIEW,3035322.44,806,45.8,286,Need income proof
259,,295,233,234,2019-08-19,CANCELLED,3526006.16,653,67.91,538,High LTV
260,,938,511,710,2025-03-20,APPROVED,4396866.69,355,29.49,878,High LTV
261,793,133,269,652,2025-02-19,REJECTED,3610890.36,792,15.03,889,Manual review required
262,,303,106,577,2018-02-11,REJECTED,2280877.21,376,2.18,611,Manual review required
263,132,299,299,178,2024-11-18,CANCELLED,866965.14,553,6.6,652,Need income proof
264,607,515,130,434,2021-12-27,CANCELLED,1775835.28,781,96.96,52,Verified docs
265,,74,2,351,2025-03-19,APPROVED,2374383.63,390,36.17,869,Manual review required
266,942,235,271,695,2021-12-07,REJECTED,1783876.46,419,65.07,790,Verified docs
267,752,272,282,58,2023-03-30,SUBMITTED,2594856.66,320,41.44,668,Verified docs
268,,246,606,337,2024-11-04,APPROVED,1231317.48,760,53.99,803,Need income proof
269,,635,22,761,2023-04-20,UNDER_REVIEW,4984234.96,426,15.6,168,
270,,814,74,187,2022-05-31,APPROVED,3205067.09,396,97.21,524,
271,,269,787,508,2024-03-17,CANCELLED,2938939.5,775,63.56,467,
272,,379,877,29,2022-12-24,SUBMITTED,3127494.36,320,63.85,956,Verified docs
273,981,223,190,455,2022-07-16,UNDER_REVIEW,4661790.79,507,13.0,343,High LTV
274,,788,508,621,2023-11-22,SUBMITTED,1313904.97,802,4.01,526,Manual review required
275,994,761,869,657,2020-09-16,REJECTED,3041115.86,829,49.88,680,Need income proof
276,,668,196,636,2024-08-09,CANCELLED,2201557.6,499,38.88,825,
277,,308,371,284,2021-01-01,SUBMITTED,4338510.24,529,98.18,937,Need income proof
278,,736,912,583,2019-09-22,CANCELLED,869613.48,450,74.24,19,
279,,940,361,108,2021-07-17,CANCELLED,3631320.37,621,16.59,951,Need income proof
280,664,821,557,852,2023-07-17,SUBMITTED,1837530.49,639,73.46,198,Verified docs
281,,457,588,964,2020-07-21,SUBMITTED,3975245.31,518,64.11,837,High LTV
282,822,393,901,66,2024-11-29,REJECTED,3759728.59,775,37.95,646,
283,,21,822,21,2018-06-27,UNDER_REVIEW,2518625.1,734,30.77,626,Manual review required
284,,837,842,535,2025-07-08,REJECTED,329185.57,305,35.1,652,Verified docs
285,,233,526,920,2025-04-23,SUBMITTED,4379206.37,731,19.33,629,
286,,221,909,508,2022-04-19,CANCELLED,1080559.77,778,63.37,929,Verified docs
287,,948,979,510,2021-03-21,REJECTED,3884804.07,483,39.52,528,Manual review required
288,,200,91,79,2021-11-26,UNDER_REVIEW,3358251.87,511,53.91,138,
289,,457,618,198,2019-02-02,APPROVED,4312521.05,606,25.11,624,Need income proof
290,270,819,118,608,2024-05-01,REJECTED,3315809.75,623,96.91,589,High LTV
291,,686,208,567,2021-02-12,SUBMITTED,4830980.81,444,76.69,458,
292,,462,875,946,2020-07-25,REJECTED,2663315.02,305,64.71,61,Need income proof
293,545,918,555,160,2021-12-02,SUBMITTED,3249250.88,421,79.03,961,Verified docs
294,,445,464,134,2018-03-19,REJECTED,1807884.9,407,27.39,849,Need income proof
295,,975,934,80,2024-12-11,REJECTED,4039799.16,770,68.63,816,
296,,738,341,56,2021-01-12,UNDER_REVIEW,1396948.26,301,76.87,2,Verified docs
297,,381,351,465,2022-03-31,APPROVED,2334117.67,729,84.42,867,High LTV
298,,469,904,198,2019-07-25,CANCELLED,3232276.49,791,97.42,86,
299,,444,533,333,2024-11-21,SUBMITTED,3971751.49,455,24.13,56,Manual review required
300,,913,894,437,2020-02-01,SUBMITTED,1587562.62,796,63.65,885,High LTV
301,,858,385,974,2021-10-01,UNDER_REVIEW,4256333.36,773,21.97,856,
302,913,795,897,895,2021-04-28,UNDER_REVIEW,2738703.02,300,95.09,727,Manual review required
303,,853,428,153,2024-06-28,UNDER_REVIEW,358931.29,686,11.14,889,
304,591,880,863,52,2022-11-04,REJECTED,652699.01,355,22.03,868,High LTV
305,590,61,276,122,2019-05-05,REJECTED,3301751.45,780,44.31,442,Verified docs
306,431,292,423,454,2018-05-13,CANCELLED,4653925.92,696,67.31,563,High LTV
307,,848,71,884,2019-09-02,UNDER_REVIEW,3045176.91,823,21.9,526,High LTV
308,,319,730,481,2023-01-27,CANCELLED,2718834.86,816,15.31,797,Verified docs
309,713,637,413,544,2022-05-24,CANCELLED,3448468.28,481,44.7,260,Manual review required
310,,240,13,894,2018-05-27,CANCELLED,3579496.28,366,89.94,264,High LTV
311,,605,364,17,2019-04-19,UNDER_REVIEW,4267527.77,521,38.46,879,Verified docs
312,,90,68,856,2021-09-03,REJECTED,2258085.0,834,96.71,284,
313,,929,548,187,2021-04-18,REJECTED,1577497.83,421,64.07,461,
314,,334,58,582,2021-02-14,UNDER_REVIEW,3336355.83,521,66.07,383,Manual review required
315,,242,481,552,2018-12-18,UNDER_REVIEW,634902.41,364,36.46,525,
316,,391,827,595,2018-04-06,SUBMITTED,1415052.84,750,59.41,312,High LTV
317,,289,613,269,2018-09-03,APPROVED,3427651.87,366,32.86,620,Verified docs
318,,930,160,507,2024-04-11,CANCELLED,4438834.54,374,62.22,703,Verified docs
319,,863,548,611,2018-08-11,SUBMITTED,3136972.95,736,95.72,52,High LTV
320,489,536,75,914,2021-04-08,APPROVED,4307668.64,739,89.65,437,High LTV
321,993,778,478,702,2019-09-16,CANCELLED,1427614.78,302,40.92,887,High LTV
322,,31,351,759,2023-10-27,APPROVED,2794137.56,586,99.89,12,Need income proof
323,203,492,497,729,2024-08-11,APPROVED,3523240.99,480,28.49,7,
324,156,86,375,67,2023-10-31,REJECTED,507201.77,655,58.95,624,High LTV
325,,703,318,626,2021-05-29,REJECTED,2125757.31,402,61.0,604,Need income proof
326,269,955,217,186,2022-01-26,SUBMITTED,3015464.37,338,8.28,140,High LTV
327,,955,638,856,2019-07-03,UNDER_REVIEW,2243180.09,797,69.74,485,
328,,592,314,871,2025-08-13,UNDER_REVIEW,2142089.43,476,23.48,675,Need income proof
329,321,271,204,711,2021-02-13,APPROVED,2714131.84,486,9.14,536,
330,559,664,879,348,2023-05-09,REJECTED,3030000.94,402,67.22,380,
331,,782,915,372,2022-02-18,UNDER_REVIEW,827616.04,509,47.06,15,Manual review required
332,241,625,507,249,2019-04-26,REJECTED,1632101.43,470,81.58,154,Verified docs
333,,258,716,149,2019-01-29,UNDER_REVIEW,2866244.19,794,79.16,908,High LTV
334,,448,170,565,2018-01-27,REJECTED,1026527.17,528,37.38,13,High LTV
335,,878,708,334,2021-08-28,CANCELLED,269280.64,612,78.19,175,Manual review required
336,,43,488,879,2025-08-12,CANCELLED,838218.18,688,18.72,753,Need income proof
337,,767,185,591,2020-02-15,REJECTED,165325.4,738,87.66,162,Need income proof
338,,975,475,742,2020-06-10,REJECTED,146373.71,361,36.72,552,Verified docs
339,203,140,429,148,2020-04-10,SUBMITTED,4861201.58,771,37.33,21,
340,,871,139,652,2023-01-15,SUBMITTED,4941615.56,520,83.55,786,
341,,896,293,960,2022-12-23,REJECTED,4628122.7,688,85.12,558,Manual review required
342,,432,217,754,2023-06-21,SUBMITTED,1220030.23,750,98.76,602,Manual review required
343,,538,32,883,2021-09-25,UNDER_REVIEW,2554093.53,377,79.81,722,Verified docs
344,,796,229,675,2024-11-10,REJECTED,4015207.38,638,45.29,766,Need income proof
345,,778,661,499,2022-05-13,APPROVED,4041858.0,640,11.38,642,Need income proof
346,,159,962,174,2019-09-20,SUBMITTED,2731178.59,510,78.49,791,High LTV
347,,693,276,820,2019-06-23,CANCELLED,2850597.78,695,12.2,531,
348,,573,695,904,2022-03-21,SUBMITTED,4583349.64,742,57.03,817,Verified docs
349,,270,349,77,2018-06-01,REJECTED,3307215.21,841,19.97,738,Verified docs
350,,73,391,150,2024-07-12,CANCELLED,4999654.42,686,1.47,711,Verified docs
351,,383,718,508,2019-03-10,SUBMITTED,1265058.82,495,63.4,369,High LTV
352,,667,977,667,2022-08-28,UNDER_REVIEW,1614093.44,335,68.66,393,Manual review required
353,,144,220,327,2019-11-20,CANCELLED,2667055.29,301,67.74,966,Manual review required
354,611,778,782,532,2022-04-21,SUBMITTED,2650160.12,393,88.44,4,High LTV
355,,763,179,937,2020-04-16,REJECTED,177052.2,723,51.13,520,Need income proof
356,880,679,518,294,2020-12-05,APPROVED,1086629.89,799,13.43,116,Verified docs
357,,810,732,728,2023-07-18,REJECTED,4275707.35,517,86.4,801,Verified docs
358,,75,733,602,2018-11-07,CANCELLED,321367.19,611,23.29,914,Need income proof
359,,48,790,606,2023-04-05,CANCELLED,4844391.76,637,95.86,385,Manual review required
360,171,268,181,121,2024-03-24,SUBMITTED,2802890.03,333,6.57,539,High LTV
361,,613,94,731,2020-07-24,SUBMITTED,659060.94,695,35.68,709,High LTV
362,,8,223,59,2019-06-22,UNDER_REVIEW,579096.51,373,48.93,117,High LTV
363,,18,316,182,2020-09-28,UNDER_REVIEW,2494953.55,622,52.59,565,
364,,546,326,626,2019-11-15,SUBMITTED,2101799.89,324,85.7,120,High LTV
365,44,887,465,172,2022-06-12,SUBMITTED,2788511.93,405,0.97,353,Verified docs
366,,20,997,921,2018-10-12,REJECTED,3029733.17,485,75.77,66,Verified docs
367,871,653,174,160,2020-03-09,CANCELLED,3279096.84,376,21.53,460,
368,,580,669,909,2024-04-12,SUBMITTED,4170976.53,619,0.49,887,Need income proof
369,648,397,85,887,2020-08-25,REJECTED,227480.93,776,49.53,916,High LTV
370,,761,290,374,2018-07-18,CANCELLED,4781825.8,307,43.39,863,Verified docs
371,,909,907,360,2020-07-25,UNDER_REVIEW,4804925.81,671,2.72,978,High LTV
372,900,432,136,334,2018-10-07,SUBMITTED,1595930.49,578,37.79,123,High LTV
373,,916,372,682,2018-11-02,APPROVED,547449.24,526,65.75,31,Manual review required
374,,208,57,886,2024-07-30,UNDER_REVIEW,1502411.38,300,47.78,96,Verified docs
375,,647,697,430,2022-08-27,APPROVED,1232355.26,351,22.23,394,Verified docs
376,,530,979,976,2022-01-22,REJECTED,1425854.52,526,60.5,603,Need income proof
377,,20,720,12,2018-04-24,CANCELLED,1527299.81,701,14.16,387,High LTV
378,,95,731,318,2022-10-30,CANCELLED,1243782.62,424,26.8,372,
379,,801,19,231,2024-06-23,APPROVED,3854263.59,679,86.72,370,Manual review required
380,,744,736,974,2021-04-04,REJECTED,4308722.49,594,64.28,61,
381,535,782,662,937,2024-09-14,SUBMITTED,745200.88,473,0.22,385,Need income proof
382,993,561,954,619,2018-01-29,REJECTED,3733440.77,414,85.16,785,Need income proof
383,97,352,123,942,2024-06-27,UNDER_REVIEW,1979920.42,772,47.32,363,
384,,907,401,664,2019-10-16,UNDER_REVIEW,3384514.99,827,62.73,291,Verified docs
385,4,691,442,355,2022-10-07,CANCELLED,4404816.14,811,78.46,169,
386,500,264,866,994,2024-03-26,REJECTED,447647.21,330,82.84,393,Need income proof
387,929,386,771,303,2018-12-29,APPROVED,1492777.22,446,72.26,728,High LTV
388,574,597,959,449,2021-04-25,APPROVED,1128520.18,603,36.33,378,Need income proof
389,,985,53,51,2019-08-18,CANCELLED,4493780.1,736,71.89,359,Need income proof
390,,998,323,435,2020-11-07,UNDER_REVIEW,4066679.83,442,59.35,209,High LTV
391,727,39,977,803,2024-11-04,SUBMITTED,2849189.39,463,26.11,59,Manual review required
392,61,441,681,305,2022-12-16,SUBMITTED,796799.43,502,41.83,451,Need income proof
393,,804,439,14,2019-11-17,UNDER_REVIEW,1846876.77,643,32.3,938,Verified docs
394,,83,193,261,2019-01-18,REJECTED,2135244.67,491,54.6,930,Manual review required
395,790,949,71,504,2022-02-24,APPROVED,3410888.42,398,38.84,460,Manual review required
396,,563,275,568,2019-11-06,CANCELLED,612377.15,492,61.36,217,Manual review required
397,,634,646,926,2019-02-28,SUBMITTED,3816159.95,467,80.14,434,Need income proof
398,,112,140,832,2018-09-07,REJECTED,1460213.79,584,72.09,857,High LTV
399,697,475,569,837,2021-12-27,REJECTED,889386.81,348,55.51,944,Need income proof
400,,80,665,888,2021-06-06,UNDER_REVIEW,3981757.22,458,35.62,904,
401,,593,906,175,2023-10-09,REJECTED,643039.81,447,52.1,644,Need income proof
402,,110,257,245,2023-12-06,UNDER_REVIEW,1645554.39,641,14.1,253,Verified docs
403,,689,890,743,2024-01-28,REJECTED,1719870.34,420,53.67,988,
404,,577,811,875,2023-12-08,SUBMITTED,3905813.68,490,53.01,211,Manual review required
405,,903,44,871,2021-10-19,UNDER_REVIEW,124808.81,743,48.9,911,
406,,555,231,832,2018-08-06,UNDER_REVIEW,2831961.47,839,28.95,108,High LTV
407,,476,811,412,2024-08-23,UNDER_REVIEW,3495460.97,366,58.17,663,
408,,337,14,865,2023-06-29,SUBMITTED,2914265.58,335,60.19,497,Need income proof
409,,778,314,357,2021-02-10,SUBMITTED,4255827.02,419,88.96,254,Manual review required
410,,445,483,213,2024-03-12,APPROVED,1266131.74,625,74.51,382,High LTV
411,488,623,323,614,2023-03-07,CANCELLED,859320.21,686,18.01,419,Verified docs
412,683,224,172,987,2020-12-19,UNDER_REVIEW,2470685.53,343,19.07,883,Manual review required
413,,42,335,419,2022-07-19,APPROVED,3432023.74,411,92.39,272,
414,,316,196,22,2023-01-11,REJECTED,2615898.68,536,15.03,592,Manual review required
415,,831,712,561,2018-12-18,REJECTED,215297.02,662,81.03,643,
416,678,483,812,8,2019-10-18,APPROVED,971123.4,543,42.78,247,High LTV
417,193,221,474,256,2023-12-28,SUBMITTED,383543.6,377,52.55,270,Verified docs
418,,353,881,691,2023-05-27,SUBMITTED,4033724.56,446,41.41,67,
419,,294,473,391,2019-11-30,SUBMITTED,2253909.34,561,46.13,494,Verified docs
420,101,320,124,288,2021-08-18,APPROVED,3977832.55,727,87.08,463,Verified docs
421,890,798,406,525,2023-12-27,APPROVED,2982644.66,714,40.24,485,
422,,663,536,910,2024-10-11,APPROVED,1156785.61,499,4.53,306,Manual review required
423,,486,520,754,2019-03-03,REJECTED,1898935.55,743,0.98,543,
424,971,812,967,271,2018-10-08,CANCELLED,3434747.68,338,75.11,688,Verified docs
425,387,412,826,733,2020-01-27,CANCELLED,2657949.13,474,43.22,479,Verified docs
426,,35,950,962,2024-02-11,REJECTED,1126773.66,744,83.45,81,Need income proof
427,,707,96,529,2018-12-16,UNDER_REVIEW,2284544.27,436,76.31,604,Verified docs
428,,8,313,348,2018-01-28,UNDER_REVIEW,66261.91,837,78.71,236,Need income proof
429,,671,83,412,2021-03-18,REJECTED,2091474.75,489,72.54,203,Manual review required
430,,417,569,830,2019-01-28,UNDER_REVIEW,4395058.06,786,64.9,910,Verified docs
431,705,830,713,800,2024-04-06,SUBMITTED,2813415.52,672,34.54,213,Manual review required
432,,516,548,256,2018-05-20,UNDER_REVIEW,487444.65,707,48.67,418,
433,,251,516,319,2018-10-25,REJECTED,3808169.5,765,40.37,159,Manual review required
434,,613,15,484,2019-10-17,REJECTED,4571100.16,556,53.08,73,
435,,32,255,602,2018-12-27,REJECTED,2429821.84,376,17.36,523,Verified docs
436,,649,227,617,2025-04-08,CANCELLED,1678230.11,528,94.18,60,Manual review required
437,,989,984,812,2020-01-23,REJECTED,3248927.51,829,9.64,436,Manual review required
438,172,608,325,251,2022-09-24,CANCELLED,2607084.45,452,24.3,990,Verified docs
439,54,648,308,834,2023-09-27,REJECTED,540708.05,387,34.07,819,Verified docs
440,80,838,712,399,2023-08-04,CANCELLED,195324.79,586,38.57,39,
441,576,870,155,575,2018-01-04,APPROVED,1509527.24,407,99.19,909,Verified docs
442,460,207,776,430,2019-06-09,APPROVED,2765069.86,614,50.38,413,Verified docs
443,,558,663,999,2024-03-28,REJECTED,3528046.12,791,92.67,823,Verified docs
444,,471,993,418,2018-04-14,REJECTED,4872428.9,492,61.12,666,Need income proof
445,715,723,246,418,2024-04-01,CANCELLED,4306071.19,350,42.66,792,High LTV
446,,423,608,562,2020-10-25,UNDER_REVIEW,4792310.57,725,40.47,726,Verified docs
447,,488,760,855,2022-03-02,REJECTED,3916228.47,819,27.24,227,Need income proof
448,,494,732,508,2023-11-19,APPROVED,2836149.47,583,96.45,518,Verified docs
449,635,549,997,698,2023-10-03,UNDER_REVIEW,2227067.63,619,54.13,580,Verified docs
450,,908,387,39,2021-03-01,UNDER_REVIEW,1379932.44,632,0.43,360,High LTV
451,,64,160,124,2023-05-18,CANCELLED,906638.1,640,78.95,602,Manual review required
452,,74,936,408,2019-03-21,SUBMITTED,4814544.65,748,72.08,214,Verified docs
453,,3,229,855,2023-09-12,SUBMITTED,1554900.09,802,25.55,641,Verified docs
454,,914,842,563,2018-02-09,CANCELLED,3669197.72,626,31.9,124,
455,810,796,874,105,2024-11-22,CANCELLED,2339463.83,303,86.66,869,Manual review required
456,,212,695,82,2020-08-20,UNDER_REVIEW,3131285.22,333,16.65,483,Need income proof
457,,186,368,924,2018-06-25,SUBMITTED,4442387.0,713,37.35,374,Need income proof
458,,309,534,388,2020-05-19,UNDER_REVIEW,2798458.2,311,68.55,683,High LTV
459,,773,4,804,2021-10-28,REJECTED,343627.67,645,99.07,491,Verified docs
460,,641,782,980,2021-03-08,SUBMITTED,301427.14,714,0.66,30,High LTV
461,,848,120,418,2025-07-23,SUBMITTED,3316957.21,498,98.34,452,High LTV
462,87,824,710,169,2021-04-16,APPROVED,3483414.83,685,60.08,720,Manual review required
463,805,301,219,236,2022-05-05,CANCELLED,4876820.71,636,45.82,868,Need income proof
464,538,18,394,570,2020-02-20,APPROVED,3885368.66,484,41.79,382,Verified docs
465,,560,162,833,2025-01-23,APPROVED,3059602.95,745,58.84,387,
466,655,801,876,960,2019-04-18,CANCELLED,2357951.11,627,51.75,38,Need income proof
467,578,21,198,430,2020-07-02,APPROVED,2655891.71,566,33.36,142,High LTV
468,23,901,247,888,2023-01-18,CANCELLED,329789.85,468,15.82,761,Manual review required
469,871,616,663,705,2021-04-07,APPROVED,1116470.58,371,68.65,87,Verified docs
470,,731,332,339,2022-12-06,CANCELLED,3073610.67,331,91.97,487,Verified docs
471,,397,801,873,2024-03-31,REJECTED,699043.94,555,5.74,657,Verified docs
472,,357,458,885,2023-11-29,UNDER_REVIEW,2238199.21,375,64.74,380,
473,,54,292,102,2020-08-25,REJECTED,2454125.31,794,95.44,499,Manual review required
474,,594,673,710,2025-03-21,UNDER_REVIEW,3729742.52,435,27.13,616,High LTV
475,620,480,82,604,2022-09-24,REJECTED,1602358.42,762,58.26,122,Verified docs
476,,314,343,271,2025-07-07,SUBMITTED,4616778.66,584,90.22,209,Manual review required
477,,542,142,387,2024-08-05,REJECTED,2048227.29,585,95.6,242,High LTV
478,,277,785,560,2023-11-04,REJECTED,4213835.95,700,60.25,9,Manual review required
479,,531,435,238,2024-05-02,SUBMITTED,4935163.56,604,12.22,710,Verified docs
480,470,40,764,743,2024-12-27,APPROVED,3069028.63,588,79.0,267,High LTV
481,343,55,464,142,2022-01-23,APPROVED,1399837.15,454,48.04,422,
482,,259,472,848,2025-04-13,UNDER_REVIEW,2770555.93,583,90.48,468,Need income proof
483,,894,629,252,2024-11-07,SUBMITTED,4661314.22,690,79.78,245,High LTV
484,,573,964,904,2018-05-07,UNDER_REVIEW,1605023.33,835,94.96,624,
485,,20,574,668,2025-04-03,APPROVED,2697956.21,791,45.91,913,High LTV
486,,109,196,590,2025-05-02,CANCELLED,1116688.28,477,98.51,404,High LTV
487,413,953,490,709,2021-06-01,REJECTED,4081638.72,394,76.31,491,High LTV
488,,186,417,417,2022-12-06,CANCELLED,2085253.21,713,90.2,815,Verified docs
489,702,402,213,811,2023-12-28,SUBMITTED,1246861.11,502,14.24,819,High LTV
490,,839,630,529,2022-09-22,APPROVED,184768.14,558,40.24,376,Need income proof
491,,464,32,797,2021-07-05,UNDER_REVIEW,2001029.33,575,96.38,823,Verified docs
492,554,989,577,666,2021-10-10,APPROVED,560767.48,411,65.28,390,Verified docs
493,10,668,33,869,2018-11-09,UNDER_REVIEW,4326982.43,555,89.67,940,Manual review required
494,,940,25,809,2025-07-24,CANCELLED,856352.97,319,35.54,880,High LTV
495,,296,649,364,2022-06-24,CANCELLED,2160265.92,728,59.87,40,
496,,898,224,193,2019-01-02,APPROVED,708512.68,607,1.46,279,
497,,653,468,335,2023-10-07,APPROVED,3491194.8,448,46.22,530,High LTV
498,,96,668,831,2019-12-16,REJECTED,2272872.26,502,80.43,232,Verified docs
499,,447,962,862,2024-11-26,APPROVED,4527306.47,320,9.37,275,Need income proof
500,425,459,404,987,2022-03-30,SUBMITTED,2100137.05,479,88.42,862,Need income proof
501,,289,67,15,2020-05-25,SUBMITTED,2696442.38,364,63.63,961,High LTV
502,,685,185,654,2022-07-29,APPROVED,4140602.1,517,25.56,439,Need income proof
503,422,920,371,289,2022-10-26,SUBMITTED,680998.59,363,22.04,778,Manual review required
504,,466,692,178,2022-11-20,APPROVED,1548438.59,353,7.61,617,Manual review required
505,,723,523,920,2024-09-30,SUBMITTED,4468430.35,515,82.74,218,Need income proof
506,,656,269,846,2020-01-08,APPROVED,3166471.77,740,12.54,546,High LTV
507,,663,3,509,2023-09-25,SUBMITTED,4186657.96,554,78.22,519,Need income proof
508,,466,815,342,2018-10-26,UNDER_REVIEW,3707912.5,563,77.46,475,Need income proof
509,355,516,891,753,2021-07-23,SUBMITTED,1902804.7,848,88.47,142,Need income proof
510,643,688,957,323,2021-01-08,REJECTED,3576462.65,379,13.11,412,Manual review required
511,,661,442,112,2019-01-28,CANCELLED,4736629.31,657,77.13,466,Verified docs
512,,160,337,245,2018-01-05,UNDER_REVIEW,638225.12,847,27.29,317,Verified docs
513,,611,802,257,2021-01-16,UNDER_REVIEW,2757896.83,628,25.42,18,
514,902,169,799,933,2020-05-13,SUBMITTED,2896205.33,348,95.58,574,High LTV
515,,873,351,701,2020-02-13,CANCELLED,183510.6,338,23.99,279,Verified docs
516,,764,638,163,2022-05-10,UNDER_REVIEW,174285.53,638,68.14,788,Need income proof
517,,962,951,743,2022-04-17,UNDER_REVIEW,4446159.03,608,60.7,381,High LTV
518,,751,947,454,2024-02-16,UNDER_REVIEW,4179790.99,534,59.43,617,Manual review required
519,,213,74,31,2024-06-26,APPROVED,443264.57,816,50.85,781,High LTV
520,457,544,944,192,2023-12-09,SUBMITTED,3410322.3,648,48.23,744,Manual review required
521,,531,204,13,2025-08-25,SUBMITTED,2826229.81,742,81.36,647,Manual review required
522,,697,536,300,2022-07-14,SUBMITTED,4171261.58,599,34.15,430,Verified docs
523,,696,765,387,2025-03-07,REJECTED,67543.99,514,91.22,459,
524,,827,655,520,2023-01-06,APPROVED,2626014.92,636,5.35,594,Manual review required
525,,681,136,36,2023-06-13,APPROVED,4436044.31,429,4.56,410,Manual review required
526,507,908,474,295,2020-05-02,CANCELLED,153304.94,708,82.59,942,Manual review required
527,490,195,629,172,2018-06-19,UNDER_REVIEW,1524467.12,561,82.47,798,Need income proof
528,,242,651,104,2024-06-09,REJECTED,449497.46,300,12.08,186,
529,,776,408,501,2020-01-07,CANCELLED,3421593.61,373,73.5,634,Need income proof
530,,915,444,85,2025-02-28,REJECTED,2104788.88,730,27.46,68,
531,,587,226,355,2020-01-20,REJECTED,1741174.64,675,13.52,718,
532,93,109,977,702,2020-02-29,SUBMITTED,3274526.92,377,73.65,82,Manual review required
533,,339,163,583,2018-07-11,SUBMITTED,4203655.4,804,29.52,827,High LTV
534,,729,713,275,2020-05-13,SUBMITTED,2771707.44,324,80.28,152,Manual review required
535,,241,99,408,2023-07-04,UNDER_REVIEW,1100685.79,607,38.2,758,Need income proof
536,,486,119,40,2022-04-09,SUBMITTED,3964102.6,362,43.01,983,Verified docs
537,,465,542,545,2024-12-08,UNDER_REVIEW,408378.66,425,54.34,41,
538,,826,623,27,2023-08-26,APPROVED,2381073.44,845,72.0,744,
539,,468,63,753,2021-11-13,REJECTED,1393547.73,738,74.02,553,Need income proof
540,,374,461,607,2018-03-29,UNDER_REVIEW,4037502.78,530,39.85,473,Need income proof
541,,769,746,944,2021-02-18,REJECTED,4661746.91,385,83.35,22,Manual review required
542,,734,634,598,2025-01-07,UNDER_REVIEW,3724308.37,794,52.93,553,High LTV
543,627,223,790,45,2024-01-13,SUBMITTED,1480611.55,519,19.36,899,Verified docs
544,,838,558,179,2018-04-17,REJECTED,4250857.04,302,2.35,403,High LTV
545,143,269,458,356,2020-04-08,CANCELLED,2199122.76,597,78.99,92,High LTV
546,,350,83,107,2023-04-14,UNDER_REVIEW,4109965.49,507,5.27,863,Need income proof
547,,92,487,821,2019-12-19,REJECTED,4785452.12,554,86.56,558,
548,791,767,941,265,2024-03-16,SUBMITTED,2699568.08,827,71.35,902,
549,,377,515,22,2021-05-24,APPROVED,3525333.96,537,6.01,327,High LTV
550,,130,95,103,2019-07-01,REJECTED,579737.21,714,51.65,1,Manual review required
551,342,98,988,872,2025-05-25,REJECTED,4996238.99,739,97.42,935,Need income proof
552,,156,955,429,2023-06-06,UNDER_REVIEW,4149210.03,762,11.45,13,High LTV
553,485,959,405,547,2022-08-09,CANCELLED,3241653.36,580,41.92,756,Need income proof
554,,908,241,359,2024-10-21,APPROVED,2167270.2,643,19.14,478,Need income proof
555,,352,177,326,2023-02-25,REJECTED,4630648.82,803,71.74,831,Verified docs
556,,587,383,91,2022-05-09,REJECTED,218332.69,464,97.42,667,Verified docs
557,,758,849,31,2019-02-13,APPROVED,3397949.0,317,88.18,362,
558,,816,662,831,2018-11-11,APPROVED,3238461.82,399,62.1,969,High LTV
559,,647,756,228,2019-07-31,UNDER_REVIEW,336875.05,614,48.77,504,Verified docs
560,797,606,429,78,2019-01-10,APPROVED,3211233.45,652,68.67,645,Verified docs
561,737,518,793,299,2019-01-11,REJECTED,672239.03,317,43.44,561,Manual review required
562,,713,747,419,2022-06-17,SUBMITTED,3325115.17,497,2.67,953,Manual review required
563,,360,965,86,2025-03-01,CANCELLED,1116554.13,504,27.41,582,Verified docs
564,,330,446,541,2018-09-08,CANCELLED,2518933.34,554,28.44,149,Need income proof
565,633,267,97,721,2022-10-05,REJECTED,1968820.18,396,80.07,503,Need income proof
566,,417,293,512,2021-05-19,UNDER_REVIEW,3033392.14,505,14.01,541,Verified docs
567,,536,495,25,2024-10-10,UNDER_REVIEW,2939320.61,643,10.42,689,Verified docs
568,,604,42,570,2021-07-02,APPROVED,1360825.25,458,37.76,449,High LTV
569,,229,105,883,2020-02-06,APPROVED,2629989.21,433,67.04,974,Manual review required
570,479,403,413,229,2020-12-25,SUBMITTED,1317721.61,406,62.29,999,Need income proof
571,,436,350,733,2020-01-16,UNDER_REVIEW,1551587.87,710,51.6,340,
572,,183,69,489,2022-02-27,SUBMITTED,2333806.1,553,37.16,673,Verified docs
573,,305,336,267,2025-03-16,REJECTED,194367.7,634,0.71,24,Need income proof
574,,451,267,700,2021-09-24,CANCELLED,4777236.57,796,41.6,320,Manual review required
575,,306,118,232,2024-02-13,UNDER_REVIEW,638769.25,767,43.57,508,Manual review required
576,977,202,359,622,2021-03-18,CANCELLED,923479.56,430,92.02,372,Verified docs
577,,823,776,555,2024-01-08,SUBMITTED,1965163.11,315,66.34,902,Need income proof
578,,317,111,499,2022-10-03,APPROVED,1591445.97,409,80.74,102,
579,,593,672,112,2018-05-14,SUBMITTED,1499860.76,773,86.44,582,
580,,849,591,519,2025-04-25,UNDER_REVIEW,4706239.7,620,51.98,289,Manual review required
581,,728,9,691,2019-02-10,UNDER_REVIEW,2320493.66,375,13.55,454,High LTV
582,,937,330,395,2025-04-04,CANCELLED,4978209.28,499,82.76,617,
583,,99,698,462,2021-02-28,APPROVED,2462894.25,558,1.4,539,
584,100,30,813,822,2024-01-13,CANCELLED,3681441.37,470,56.62,46,High LTV
585,431,620,633,783,2022-05-13,APPROVED,2801449.96,602,3.29,712,Manual review required
586,900,258,330,130,2022-08-31,APPROVED,2797731.89,432,52.47,952,Verified docs
587,,395,328,430,2020-01-01,REJECTED,266552.96,313,55.44,374,Manual review required
588,,686,890,124,2023-11-24,CANCELLED,2581714.93,307,69.9,1,
589,,200,468,551,2019-09-22,CANCELLED,4861774.81,836,73.62,645,Verified docs
590,,672,868,643,2019-09-26,SUBMITTED,4546335.1,495,1.01,73,
591,,556,65,922,2022-10-04,CANCELLED,3702802.19,470,20.51,725,Manual review required
592,,968,664,401,2019-11-17,SUBMITTED,1863075.74,370,34.84,714,
593,,575,61,457,2018-01-11,UNDER_REVIEW,2298997.76,437,61.97,171,Manual review required
594,,842,955,159,2025-06-05,CANCELLED,2074052.61,640,53.79,873,Verified docs
595,,172,721,904,2022-05-19,UNDER_REVIEW,2819256.54,799,64.49,276,Manual review required
596,,624,91,55,2024-11-01,UNDER_REVIEW,3867679.72,535,94.01,369,Need income proof
597,,517,357,467,2019-09-01,CANCELLED,3264821.86,568,40.0,221,Manual review required
598,,100,909,446,2018-12-01,CANCELLED,182384.92,628,96.0,569,High LTV
599,,19,715,652,2019-09-05,CANCELLED,2076436.19,578,71.96,616,
600,,897,693,879,2024-11-02,APPROVED,369197.14,779,56.63,643,Verified docs
601,,192,476,611,2023-09-12,CANCELLED,3427034.6,398,27.48,872,Need income proof
602,,83,830,73,2024-04-22,CANCELLED,4794081.61,784,62.63,526,Need income proof
603,,529,309,549,2023-06-05,APPROVED,2955178.7,343,84.17,591,Verified docs
604,,566,934,799,2023-10-18,REJECTED,1765643.79,322,98.01,506,Verified docs
605,216,849,58,571,2025-02-25,SUBMITTED,1809689.38,321,8.03,926,High LTV
606,,988,781,674,2025-06-14,APPROVED,2259499.08,450,65.76,632,Verified docs
607,348,839,927,715,2022-03-11,REJECTED,2526080.04,574,42.43,615,
608,662,712,669,576,2019-04-01,UNDER_REVIEW,3912966.51,689,85.72,280,Verified docs
609,,700,293,804,2023-06-04,SUBMITTED,73110.5,653,11.61,710,
610,,667,460,926,2019-07-24,APPROVED,3487335.61,735,5.06,962,Need income proof
611,,485,706,497,2019-10-15,APPROVED,2686657.83,796,28.88,396,Verified docs
612,,981,56,967,2023-12-17,UNDER_REVIEW,1699837.87,435,66.94,618,
613,,97,880,804,2025-07-25,SUBMITTED,232920.12,727,24.98,657,High LTV
614,324,789,692,83,2023-08-31,SUBMITTED,4108861.45,437,4.56,158,Verified docs
615,,800,889,578,2023-05-07,APPROVED,2310602.96,519,98.41,846,High LTV
616,,794,669,769,2020-02-06,CANCELLED,4252417.58,687,34.42,461,Need income proof
617,,356,143,340,2023-09-16,REJECTED,2809371.41,693,87.68,369,
618,,437,781,394,2020-12-31,CANCELLED,2410918.99,471,65.78,318,Manual review required
619,,230,47,53,2018-08-09,UNDER_REVIEW,1749852.3,567,40.52,272,Need income proof
620,467,245,293,456,2024-12-21,CANCELLED,1778153.84,571,63.54,1000,Manual review required
621,,7,294,838,2019-04-30,APPROVED,1890794.21,636,66.64,395,Verified docs
622,,494,42,438,2024-10-07,APPROVED,3261361.63,367,52.26,605,High LTV
623,538,203,548,661,2022-12-11,APPROVED,3292027.82,656,32.57,287,Verified docs
624,,962,106,682,2020-02-22,UNDER_REVIEW,4428289.29,455,28.88,631,Manual review required
625,,985,912,474,2018-12-23,SUBMITTED,2623021.54,410,71.38,387,High LTV
626,,472,302,964,2020-03-04,REJECTED,305429.78,570,54.55,996,
627,,533,340,619,2019-09-28,REJECTED,541839.91,564,22.34,426,Manual review required
628,,482,259,619,2020-04-21,APPROVED,3888970.71,699,69.72,530,Manual review required
629,,733,518,428,2018-11-30,REJECTED,3177674.03,392,70.06,540,High LTV
630,,393,315,991,2021-07-19,CANCELLED,3385776.98,599,18.91,809,Manual review required
631,67,326,167,744,2018-10-03,REJECTED,4194276.41,337,64.02,29,Need income proof
632,,138,430,21,2022-02-26,APPROVED,3499718.07,801,29.92,144,Manual review required
633,,310,949,345,2024-12-19,APPROVED,2711873.95,752,42.35,329,Need income proof
634,,861,97,656,2019-11-30,REJECTED,2603459.13,532,3.47,531,Verified docs
635,,215,112,801,2023-11-01,UNDER_REVIEW,1775339.7,614,10.91,755,Verified docs
636,327,268,336,597,2019-12-08,UNDER_REVIEW,923383.27,678,69.3,58,Verified docs
637,803,857,512,80,2019-02-21,REJECTED,4969393.09,776,27.0,213,Need income proof
638,263,290,612,129,2023-10-08,REJECTED,1045750.67,807,70.08,158,Verified docs
639,,650,925,980,2018-05-17,UNDER_REVIEW,2647084.32,376,4.45,390,
640,990,874,497,398,2020-08-09,APPROVED,1405281.1,512,27.98,426,
641,,908,766,385,2020-05-02,UNDER_REVIEW,3636577.21,707,27.77,728,High LTV
642,,607,825,561,2025-06-12,REJECTED,236760.81,475,33.08,97,Need income proof
643,,897,91,276,2025-08-09,UNDER_REVIEW,4738187.38,397,47.48,666,Verified docs
644,905,946,520,375,2018-06-28,APPROVED,3664596.83,619,53.6,174,High LTV
645,328,770,146,842,2020-10-03,APPROVED,1472158.43,781,15.38,173,Need income proof
646,,950,742,956,2022-01-15,UNDER_REVIEW,275019.51,715,89.49,985,
647,53,628,18,5,2020-12-26,APPROVED,3297314.62,438,47.33,866,Verified docs
648,,519,504,37,2022-03-13,REJECTED,2833923.76,530,21.89,375,Need income proof
649,,522,380,605,2024-03-22,SUBMITTED,2652788.53,457,55.65,905,Verified docs
650,,797,450,305,2023-12-11,REJECTED,2920251.12,343,4.38,354,Need income proof
651,,983,214,846,2020-04-09,CANCELLED,66324.6,428,40.61,398,
652,423,296,11,312,2020-10-28,REJECTED,4428172.27,679,2.62,466,Need income proof
653,,696,859,402,2021-11-22,APPROVED,2603325.79,339,64.55,331,Manual review required
654,409,889,605,509,2019-06-30,UNDER_REVIEW,1049680.27,596,18.17,259,Verified docs
655,,245,707,66,2024-06-09,SUBMITTED,4343647.47,739,85.26,481,
656,,253,391,778,2020-09-18,APPROVED,2979089.24,393,84.51,736,Verified docs
657,,1000,857,158,2024-02-21,REJECTED,588613.23,447,21.63,568,High LTV
658,150,939,996,779,2019-05-10,APPROVED,59795.38,434,63.6,953,Need income proof
659,,268,756,609,2019-10-02,UNDER_REVIEW,1471856.48,322,14.87,708,Verified docs
660,,58,16,28,2019-01-31,UNDER_REVIEW,690593.41,839,93.82,176,Manual review required
661,,165,272,679,2020-08-23,APPROVED,353790.89,800,56.72,732,Verified docs
662,755,778,166,619,2021-08-14,REJECTED,627042.27,796,99.74,189,Manual review required
663,,714,532,282,2022-07-29,REJECTED,4009236.17,592,5.6,787,Manual review required
664,194,920,882,611,2023-02-04,REJECTED,2921106.79,671,21.55,71,Need income proof
665,497,1,658,477,2018-06-12,CANCELLED,316081.25,551,89.61,244,High LTV
666,,972,193,932,2019-05-15,APPROVED,2144206.1,467,42.14,502,Verified docs
667,744,602,150,299,2021-08-08,CANCELLED,3359128.6,781,70.77,886,High LTV
668,,760,187,708,2021-05-16,UNDER_REVIEW,4734405.38,459,6.4,443,Verified docs
669,168,170,191,165,2023-12-12,UNDER_REVIEW,1024127.02,384,19.68,962,Need income proof
670,,223,346,616,2018-04-25,REJECTED,765512.1,328,77.14,883,Need income proof
671,159,838,872,44,2019-01-28,APPROVED,1531507.01,475,31.15,947,Verified docs
672,724,258,831,379,2022-05-08,REJECTED,3392987.2,834,66.53,661,Manual review required
673,,233,927,896,2025-03-23,APPROVED,221297.62,724,90.89,711,Manual review required
674,535,202,659,978,2023-02-24,APPROVED,609037.88,501,85.91,567,Verified docs
675,249,458,521,660,2024-07-13,APPROVED,3949430.74,381,73.14,826,Manual review required
676,,781,34,594,2025-03-02,APPROVED,1734374.53,793,36.14,354,
677,,190,354,829,2023-05-08,UNDER_REVIEW,1163725.34,495,1.4,494,
678,,895,910,72,2024-04-02,REJECTED,3034871.79,610,50.3,306,High LTV
679,,292,478,737,2025-01-24,APPROVED,882528.74,400,26.89,256,Need income proof
680,,390,891,372,2018-06-19,CANCELLED,3208223.93,690,57.14,681,Verified docs
681,,962,886,958,2025-05-29,SUBMITTED,3744085.34,640,81.88,694,Need income proof
682,,651,685,724,2020-12-18,SUBMITTED,3990109.52,363,89.22,896,Need income proof
683,663,421,183,670,2021-05-27,SUBMITTED,757031.75,717,44.57,918,Manual review required
684,842,957,584,848,2020-12-22,SUBMITTED,3707894.01,711,30.22,37,Verified docs
685,,274,175,862,2021-03-29,APPROVED,3810658.4,459,2.35,328,Need income proof
686,,751,231,144,2022-07-30,SUBMITTED,1509912.48,525,29.84,61,Verified docs
687,,354,153,911,2020-12-27,UNDER_REVIEW,3984660.89,344,60.87,344,High LTV
688,,667,933,31,2024-12-10,APPROVED,1241812.51,379,74.74,191,Verified docs
689,,168,756,881,2022-07-04,APPROVED,2952990.49,588,43.8,475,
690,675,667,642,685,2022-04-11,APPROVED,1444960.06,818,41.36,959,Verified docs
691,860,755,31,472,2023-11-18,SUBMITTED,3685977.91,370,73.32,112,Verified docs
692,,994,297,537,2018-02-07,APPROVED,1989057.67,604,94.24,108,
693,,494,315,734,2024-07-29,SUBMITTED,176316.91,562,58.42,847,
694,,798,741,64,2022-12-05,UNDER_REVIEW,3508228.38,373,73.2,825,Need income proof
695,76,178,32,291,2024-05-17,CANCELLED,1079605.44,724,28.92,910,Need income proof
696,,61,470,42,2025-07-12,APPROVED,3441036.83,511,7.5,820,Need income proof
697,,10,223,91,2022-02-01,CANCELLED,2592141.73,624,3.89,426,
698,,456,990,830,2022-01-05,SUBMITTED,1373004.57,571,52.24,354,
699,798,22,581,360,2019-05-09,APPROVED,3610915.69,768,47.41,702,Verified docs
700,743,236,553,398,2019-04-16,SUBMITTED,4824843.65,425,11.75,929,High LTV
701,878,483,867,99,2020-11-14,UNDER_REVIEW,3769453.51,497,26.32,37,High LTV
702,870,432,987,334,2018-02-12,APPROVED,4771197.39,810,18.68,326,Need income proof
703,,716,37,509,2020-03-30,REJECTED,4488610.21,491,14.56,450,Verified docs
704,,33,559,664,2021-06-08,APPROVED,4077737.79,481,30.06,21,Manual review required
705,,737,811,36,2024-11-02,REJECTED,3387553.89,431,31.76,968,Verified docs
706,,418,40,102,2025-07-16,SUBMITTED,4617640.69,543,78.21,854,Manual review required
707,,967,792,723,2021-01-06,SUBMITTED,177414.42,817,11.43,855,Manual review required
708,,725,114,811,2024-08-02,UNDER_REVIEW,3325740.14,489,51.63,459,Need income proof
709,,344,728,606,2020-11-18,CANCELLED,792613.95,664,26.47,197,Need income proof
710,,841,46,153,2022-07-18,REJECTED,1339964.42,477,47.92,546,High LTV
711,,875,404,861,2022-11-27,APPROVED,2766088.56,385,3.75,72,Verified docs
712,,748,139,716,2023-04-03,UNDER_REVIEW,4105007.16,493,1.92,437,High LTV
713,,633,530,240,2025-06-09,REJECTED,2304808.03,819,6.66,506,
714,781,913,138,258,2018-08-09,CANCELLED,3067913.73,528,63.31,86,Verified docs
715,,100,364,466,2024-06-18,UNDER_REVIEW,321073.9,484,67.18,811,High LTV
716,,849,728,397,2025-03-18,UNDER_REVIEW,129950.05,756,82.63,940,Verified docs
717,,991,334,752,2019-04-25,UNDER_REVIEW,1937712.41,710,5.79,699,Manual review required
718,,429,974,601,2022-09-30,SUBMITTED,4888881.98,320,55.47,2,Verified docs
719,,761,582,185,2025-05-20,REJECTED,1985847.32,795,21.64,422,
720,,428,235,910,2020-04-26,UNDER_REVIEW,4090312.59,654,4.4,401,High LTV
721,,506,439,9,2021-10-26,APPROVED,148011.31,327,64.86,348,
722,,55,562,224,2018-06-26,REJECTED,3147380.86,491,36.07,709,Manual review required
723,,850,37,360,2022-02-27,REJECTED,4644227.1,619,80.0,600,Manual review required
724,,794,70,865,2019-06-04,APPROVED,1095353.49,367,39.24,381,
725,,611,651,770,2024-07-21,CANCELLED,4844935.14,750,39.89,596,
726,,517,113,760,2021-06-25,CANCELLED,4392963.01,515,41.31,535,Need income proof
727,,243,138,858,2019-01-19,REJECTED,2240115.53,395,97.41,786,High LTV
728,,341,381,24,2025-06-28,SUBMITTED,1431429.17,805,33.9,892,Verified docs
729,552,108,341,839,2022-12-31,APPROVED,3240890.39,435,89.31,636,Need income proof
730,,254,844,573,2022-06-01,SUBMITTED,4540602.65,360,21.29,508,Need income proof
731,,453,871,369,2022-06-09,REJECTED,4760006.48,508,77.2,333,
732,470,255,265,678,2023-07-16,APPROVED,1049600.63,439,49.65,531,
733,147,559,46,781,2018-04-16,UNDER_REVIEW,2488268.31,391,85.62,119,
734,702,822,887,6,2023-08-22,UNDER_REVIEW,4243024.14,563,90.66,833,High LTV
735,411,630,26,591,2023-03-16,APPROVED,2470874.17,832,53.48,816,Need income proof
736,229,409,87,577,2018-03-17,REJECTED,4406246.98,566,31.24,918,Manual review required
737,,803,605,296,2025-07-13,REJECTED,3601733.44,744,95.86,145,Verified docs
738,391,478,707,861,2022-12-24,UNDER_REVIEW,2186060.7,319,34.05,800,
739,94,20,764,870,2020-01-08,CANCELLED,3265965.45,722,35.57,340,Manual review required
740,,725,544,602,2021-07-22,REJECTED,2727600.66,710,90.32,895,Manual review required
741,,223,871,197,2025-07-01,CANCELLED,2276454.57,581,35.23,898,Manual review required
742,,546,44,181,2020-08-13,CANCELLED,1505478.41,751,41.06,804,Need income proof
743,,230,750,734,2020-07-08,REJECTED,4524785.95,686,77.11,662,
744,,866,64,525,2021-09-10,REJECTED,1730280.58,779,60.29,454,High LTV
745,499,108,542,733,2020-06-11,APPROVED,939621.81,316,1.3,293,Manual review required
746,,551,960,816,2021-11-01,UNDER_REVIEW,4242398.05,602,39.95,974,
747,,809,1000,920,2019-10-16,SUBMITTED,3789695.43,736,49.19,753,
748,,954,624,419,2018-07-01,SUBMITTED,147671.86,737,87.37,518,Manual review required
749,838,694,164,723,2021-06-25,UNDER_REVIEW,3688485.49,731,36.05,134,Manual review required
750,239,338,257,720,2025-02-28,SUBMITTED,3158370.14,607,72.19,642,Need income proof
751,,903,589,564,2022-06-24,UNDER_REVIEW,2658677.04,503,74.65,387,High LTV
752,,24,536,123,2020-11-20,APPROVED,3055439.52,700,99.64,141,Manual review required
753,18,813,339,231,2020-01-21,CANCELLED,3562890.98,528,86.58,353,Verified docs
754,,478,914,616,2019-03-04,CANCELLED,260114.75,598,70.55,713,High LTV
755,,967,24,78,2022-01-10,SUBMITTED,2602294.06,531,91.2,245,Need income proof
756,,73,184,621,2023-12-02,UNDER_REVIEW,3034344.11,557,34.71,772,
757,359,205,798,509,2024-04-13,CANCELLED,584850.18,803,75.28,726,Need income proof
758,,25,469,823,2021-06-17,UNDER_REVIEW,2655487.7,436,4.58,205,Manual review required
759,796,690,61,666,2018-08-16,REJECTED,2566392.45,757,44.65,341,Need income proof
760,,329,195,996,2021-07-29,REJECTED,3987364.43,692,71.3,668,Verified docs
761,,464,214,223,2022-05-13,SUBMITTED,1382161.23,559,47.18,87,Need income proof
762,,96,851,445,2020-07-06,UNDER_REVIEW,3098306.2,747,41.57,66,Need income proof
763,,788,814,815,2019-10-03,APPROVED,3280285.21,726,30.17,351,
764,892,166,713,461,2025-08-22,APPROVED,3735671.5,785,20.3,781,High LTV
765,,935,401,31,2018-11-24,REJECTED,3365009.57,388,59.55,314,
766,,62,63,846,2024-08-06,UNDER_REVIEW,1670648.89,823,79.01,927,Need income proof
767,138,671,943,437,2019-06-02,REJECTED,2625416.16,785,47.76,392,Need income proof
768,,230,305,962,2023-04-14,SUBMITTED,1451444.08,417,88.59,463,Need income proof
769,,7,799,131,2023-12-18,UNDER_REVIEW,2119846.81,664,79.76,661,High LTV
770,,186,584,229,2025-06-27,REJECTED,2419456.24,697,17.87,379,Need income proof
771,460,845,265,15,2020-08-17,APPROVED,2941523.57,822,75.6,994,Manual review required
772,,370,636,367,2021-09-10,UNDER_REVIEW,2026585.74,605,62.84,174,Verified docs
773,,877,593,269,2022-11-30,SUBMITTED,1691882.61,566,49.49,408,Need income proof
774,457,726,716,206,2024-11-04,SUBMITTED,386907.93,779,38.51,708,Manual review required
775,898,64,280,879,2020-09-10,CANCELLED,2723859.98,450,86.61,532,High LTV
776,,362,788,707,2023-10-22,UNDER_REVIEW,1393525.86,572,22.47,135,Manual review required
777,631,679,478,921,2020-09-10,CANCELLED,1623703.93,576,87.28,181,Need income proof
778,,919,788,266,2024-01-03,SUBMITTED,1542639.3,734,51.56,395,Manual review required
779,,572,652,637,2018-07-11,CANCELLED,3575267.28,710,19.94,919,Need income proof
780,,179,500,170,2021-06-12,REJECTED,4035818.7,406,11.14,457,Manual review required
781,759,492,801,966,2024-01-09,SUBMITTED,1739817.65,716,12.26,905,High LTV
782,716,501,217,388,2023-04-25,SUBMITTED,1211007.22,840,72.25,203,
783,,656,221,928,2018-11-05,CANCELLED,3469653.08,420,39.78,426,
784,,319,765,691,2025-05-31,REJECTED,3105778.1,835,72.3,659,High LTV
785,506,945,403,177,2018-11-08,CANCELLED,736149.92,619,46.44,998,Verified docs
786,275,415,668,999,2024-03-11,REJECTED,2227803.34,766,10.25,863,High LTV
787,324,532,682,585,2022-01-11,REJECTED,3067938.56,641,45.61,380,Verified docs
788,,155,612,515,2018-08-14,SUBMITTED,3936480.61,493,29.23,72,Verified docs
789,,245,258,350,2021-01-08,UNDER_REVIEW,4978354.73,789,83.23,838,
790,,355,897,323,2023-10-23,UNDER_REVIEW,4294598.2,367,55.74,847,Manual review required
791,,456,95,801,2024-10-08,SUBMITTED,2282186.95,326,43.48,484,High LTV
792,202,621,203,847,2019-04-25,UNDER_REVIEW,531096.47,700,90.17,305,Need income proof
793,712,198,410,912,2021-04-27,UNDER_REVIEW,1776462.33,308,85.52,985,Need income proof
794,,941,756,766,2019-12-18,SUBMITTED,213667.84,464,33.73,308,High LTV
795,,788,877,611,2018-10-10,APPROVED,2917652.75,666,84.91,782,High LTV
796,,239,98,720,2023-05-21,SUBMITTED,1833858.56,845,65.79,129,Need income proof
797,,192,43,69,2020-12-24,UNDER_REVIEW,1682268.27,679,38.84,937,Verified docs
798,,896,483,631,2023-09-22,CANCELLED,3447974.28,535,43.69,444,Verified docs
799,,873,853,308,2025-07-03,APPROVED,3610813.25,819,87.64,32,High LTV
800,889,199,770,136,2022-08-17,REJECTED,3818720.82,442,63.38,387,
801,269,595,302,151,2024-11-28,CANCELLED,4325712.48,378,8.96,850,Verified docs
802,,980,218,658,2025-01-27,APPROVED,298164.81,794,54.15,174,
803,,756,213,515,2023-05-21,UNDER_REVIEW,4380519.29,396,13.84,19,Verified docs
804,,741,607,630,2023-09-01,UNDER_REVIEW,2958239.9,341,10.49,911,
805,,974,800,694,2022-02-14,CANCELLED,1779413.89,605,49.01,437,
806,996,771,63,741,2025-01-16,REJECTED,2588646.82,543,3.81,745,
807,891,335,699,714,2021-01-11,REJECTED,2628011.31,381,80.39,788,Verified docs
808,904,925,281,217,2020-09-11,REJECTED,54812.3,666,49.36,201,Verified docs
809,,111,123,932,2021-11-10,APPROVED,2892867.32,433,57.79,777,High LTV
810,,992,111,611,2022-04-02,CANCELLED,4006659.2,348,60.23,69,Verified docs
811,,68,502,659,2022-09-02,APPROVED,4773603.4,431,1.81,862,Need income proof
812,,310,556,650,2020-04-15,REJECTED,174040.61,327,88.99,77,High LTV
813,,14,110,775,2018-12-03,APPROVED,4474540.38,521,99.0,427,
814,,299,216,624,2021-05-11,APPROVED,3176751.36,500,65.52,917,Manual review required
815,,130,61,4,2024-07-17,REJECTED,215191.73,419,37.16,343,Verified docs
816,,998,811,30,2022-01-09,UNDER_REVIEW,936381.31,652,96.52,763,Verified docs
817,283,694,575,560,2024-04-19,CANCELLED,136325.89,607,99.43,508,
818,290,565,905,718,2021-09-15,APPROVED,1813572.2,399,68.32,584,Verified docs
819,204,33,864,341,2025-02-28,REJECTED,3795759.3,596,9.97,934,Manual review required
820,,581,101,642,2018-01-07,UNDER_REVIEW,2589810.27,375,69.36,834,High LTV
821,,704,28,640,2025-08-09,APPROVED,818109.14,819,91.39,341,Manual review required
822,812,388,544,897,2018-06-25,APPROVED,3490446.06,493,60.61,148,Manual review required
823,,528,694,677,2023-12-16,CANCELLED,4936097.6,634,77.37,807,Manual review required
824,,333,496,527,2020-03-29,CANCELLED,3589519.64,346,19.17,25,Verified docs
825,,212,770,85,2019-09-21,SUBMITTED,1872697.64,719,56.69,705,Need income proof
826,,211,709,64,2023-02-15,APPROVED,2626484.3,379,80.38,263,
827,865,358,708,670,2019-04-27,APPROVED,120575.33,358,74.36,567,
828,,727,396,77,2023-07-18,SUBMITTED,61658.11,582,51.47,367,Need income proof
829,334,112,742,871,2019-07-08,UNDER_REVIEW,3343934.58,818,92.52,9,Manual review required
830,104,170,326,335,2020-10-16,CANCELLED,1956676.32,630,84.19,442,
831,133,960,160,680,2024-04-29,CANCELLED,2254976.55,364,91.14,60,Manual review required
832,,125,342,150,2024-08-08,APPROVED,583965.76,741,10.96,99,Need income proof
833,,240,162,257,2018-06-04,CANCELLED,2060804.17,651,92.81,139,High LTV
834,66,135,127,398,2022-08-19,CANCELLED,1527925.57,390,91.69,866,
835,,169,727,213,2020-06-17,SUBMITTED,656683.97,765,57.97,391,Need income proof
836,315,641,400,667,2023-03-19,UNDER_REVIEW,974461.2,496,38.82,315,
837,,289,403,913,2019-11-27,UNDER_REVIEW,4019670.3,323,75.0,271,Manual review required
838,782,322,205,525,2025-07-23,CANCELLED,3904566.36,313,34.27,629,Need income proof
839,976,926,943,747,2021-01-12,UNDER_REVIEW,2647307.48,370,43.6,237,High LTV
840,,457,504,184,2018-12-18,SUBMITTED,3515719.75,802,18.5,294,
841,,853,961,382,2024-07-15,SUBMITTED,4585974.17,658,74.12,927,Manual review required
842,,858,768,897,2018-12-11,APPROVED,1730880.7,393,55.18,608,Need income proof
843,565,810,377,172,2024-12-25,REJECTED,1317127.93,625,14.06,99,High LTV
844,159,313,145,271,2023-11-19,REJECTED,4634607.79,475,56.65,62,Verified docs
845,320,633,78,659,2023-02-23,UNDER_REVIEW,1950594.83,408,65.38,250,Need income proof
846,382,641,344,862,2023-07-03,CANCELLED,3779867.45,550,10.67,372,High LTV
847,68,233,63,224,2018-09-05,UNDER_REVIEW,1439106.51,366,21.96,16,
848,,289,435,310,2021-06-13,UNDER_REVIEW,464065.26,554,46.5,490,Manual review required
849,,694,29,988,2022-03-01,APPROVED,3335763.94,441,73.9,913,High LTV
850,,25,966,677,2019-06-04,REJECTED,312716.23,613,56.34,410,Manual review required
851,,485,628,598,2023-10-24,REJECTED,3494364.97,659,40.28,606,High LTV
852,,314,80,66,2020-05-17,APPROVED,126316.81,758,69.1,806,Need income proof
853,,390,463,172,2023-01-06,REJECTED,990502.06,720,50.6,969,
854,148,933,109,631,2021-03-03,REJECTED,1605181.16,664,63.5,132,
855,,906,864,808,2023-06-04,SUBMITTED,3674498.64,445,12.86,717,Need income proof
856,917,743,229,242,2025-04-12,UNDER_REVIEW,1090631.45,387,80.82,238,Verified docs
857,,973,77,442,2022-07-22,CANCELLED,4404529.25,782,30.74,315,High LTV
858,506,41,500,118,2019-04-04,CANCELLED,4980260.68,638,89.75,811,
859,,559,925,465,2019-06-10,UNDER_REVIEW,2935342.59,501,49.47,330,Need income proof
860,,529,411,11,2020-01-15,REJECTED,1542052.11,515,40.32,183,Need income proof
861,,522,551,739,2021-03-15,REJECTED,3716799.08,511,44.6,832,Need income proof
862,999,565,509,355,2018-04-16,CANCELLED,3366778.64,665,64.61,471,
863,,839,866,510,2023-12-06,APPROVED,3179054.78,585,4.91,160,High LTV
864,,793,522,617,2020-11-12,UNDER_REVIEW,1417099.9,536,44.16,846,Verified docs
865,552,439,980,54,2021-03-19,APPROVED,2716728.15,706,78.58,753,High LTV
866,457,537,78,417,2018-10-05,CANCELLED,885540.2,801,71.68,661,Verified docs
867,,475,296,603,2022-09-07,REJECTED,4863299.96,598,37.49,129,High LTV
868,,709,249,658,2025-02-09,SUBMITTED,3220909.48,832,10.46,426,High LTV
869,,292,124,840,2020-05-24,APPROVED,1422564.14,660,34.35,449,Manual review required
870,,827,31,742,2023-03-01,CANCELLED,3929244.09,362,47.62,453,
871,,647,656,383,2021-10-13,UNDER_REVIEW,182663.39,320,7.12,201,
872,,269,107,155,2023-04-13,UNDER_REVIEW,4809615.56,479,10.84,188,Manual review required
873,,366,392,459,2019-06-05,APPROVED,308717.61,674,34.19,662,Verified docs
874,,859,108,511,2023-04-06,APPROVED,3191539.5,663,43.11,160,High LTV
875,131,160,778,901,2021-01-09,UNDER_REVIEW,2216942.05,458,50.53,139,Verified docs
876,,53,282,75,2018-01-15,REJECTED,1498223.68,715,4.2,166,High LTV
877,,732,64,977,2019-03-14,APPROVED,2592062.33,729,4.71,422,High LTV
878,,450,175,383,2018-05-18,SUBMITTED,2889209.67,464,97.42,753,Manual review required
879,,738,860,638,2020-03-10,UNDER_REVIEW,343084.4,301,42.25,356,
880,360,582,398,933,2025-01-17,SUBMITTED,3381481.99,643,91.53,533,Need income proof
881,,130,223,407,2020-10-21,CANCELLED,4539490.45,373,10.35,761,
882,971,814,910,694,2019-11-30,SUBMITTED,2711955.93,684,49.17,765,
883,,809,422,148,2020-09-30,UNDER_REVIEW,528126.82,671,11.98,987,High LTV
884,,617,386,485,2024-08-14,UNDER_REVIEW,4458340.81,717,2.75,536,High LTV
885,,83,973,278,2025-08-12,UNDER_REVIEW,1388890.67,482,17.95,508,
886,,223,81,809,2018-07-05,REJECTED,2314194.63,469,14.34,478,Need income proof
887,,973,612,892,2021-09-23,CANCELLED,2853735.65,709,48.66,301,Verified docs
888,,408,34,85,2023-06-15,REJECTED,4923170.43,782,66.77,543,High LTV
889,957,928,515,782,2023-10-15,SUBMITTED,634517.68,365,80.65,34,Need income proof
890,,595,155,968,2020-05-01,CANCELLED,1151480.44,468,14.79,477,High LTV
891,,277,294,815,2023-11-18,SUBMITTED,2017788.15,547,62.92,271,Need income proof
892,,625,409,563,2020-10-22,REJECTED,221484.82,412,92.63,731,Verified docs
893,,406,742,762,2022-02-09,APPROVED,3173455.42,432,46.71,254,Verified docs
894,,585,481,58,2019-06-26,SUBMITTED,4445309.62,604,67.03,80,High LTV
895,,763,777,36,2021-07-01,REJECTED,3363492.98,374,5.05,989,Manual review required
896,477,678,777,665,2025-04-13,APPROVED,1354511.39,384,58.7,46,Need income proof
897,,888,34,171,2024-12-06,REJECTED,2319090.08,333,33.01,211,Need income proof
898,,847,852,173,2020-08-31,REJECTED,4096732.19,580,39.7,275,Need income proof
899,,828,407,10,2021-04-19,CANCELLED,3812156.14,665,87.23,88,Manual review required
900,119,934,415,328,2022-05-29,UNDER_REVIEW,920910.7,490,67.33,497,Manual review required
901,991,79,834,504,2023-09-15,APPROVED,614565.51,655,60.28,176,High LTV
902,357,596,80,416,2024-09-10,APPROVED,4723459.12,449,13.07,869,Manual review required
903,,253,560,264,2018-10-17,CANCELLED,2243246.2,789,96.66,400,
904,,384,696,497,2019-10-25,UNDER_REVIEW,3365950.13,672,84.07,920,Manual review required
905,206,898,242,447,2022-11-09,SUBMITTED,2523273.1,521,23.49,679,Need income proof
906,,751,834,822,2020-03-07,REJECTED,2580661.01,701,85.03,116,Need income proof
907,,591,187,873,2022-05-13,REJECTED,2636119.44,691,64.44,25,Manual review required
908,,493,603,379,2022-09-05,APPROVED,1230979.06,325,4.95,832,Verified docs
909,,374,14,631,2020-04-06,REJECTED,3312117.31,316,28.09,895,
910,,574,37,241,2020-06-28,REJECTED,4018531.23,571,14.2,115,Verified docs
911,,296,461,844,2019-12-25,REJECTED,4147774.2,533,57.88,647,Verified docs
912,,742,721,516,2024-12-23,APPROVED,4376472.39,635,26.0,511,High LTV
913,483,129,626,253,2020-10-06,REJECTED,3668264.69,823,21.43,771,Need income proof
914,,179,818,939,2023-10-11,SUBMITTED,3920802.62,653,61.17,108,High LTV
915,640,681,514,27,2024-08-11,CANCELLED,4103353.31,331,59.98,575,
916,369,213,237,404,2019-12-26,REJECTED,775630.69,575,77.77,338,Verified docs
917,918,617,266,140,2022-05-16,REJECTED,1201218.28,437,68.95,728,High LTV
918,,152,105,820,2021-07-15,APPROVED,1228657.48,627,5.02,99,High LTV
919,,593,193,796,2020-02-01,CANCELLED,4665101.56,753,25.36,99,
920,,405,347,835,2018-10-08,REJECTED,70861.66,708,17.35,983,Need income proof
921,,803,333,900,2019-03-12,UNDER_REVIEW,1036508.46,735,42.61,739,
922,697,974,350,848,2023-03-17,APPROVED,4226978.74,715,39.51,313,High LTV
923,727,96,525,88,2020-05-19,UNDER_REVIEW,3308857.09,764,15.5,755,Manual review required
924,,90,551,270,2022-06-25,APPROVED,4635809.23,355,77.53,960,Verified docs
925,,712,681,879,2023-09-15,APPROVED,4984634.38,364,96.99,470,High LTV
926,,370,364,635,2024-12-09,CANCELLED,422377.37,688,99.82,423,Manual review required
927,,63,759,189,2019-07-19,UNDER_REVIEW,1922281.87,613,57.21,588,Need income proof
928,107,868,297,241,2023-01-19,SUBMITTED,3702864.11,501,88.74,258,Verified docs
929,149,873,429,160,2022-10-27,UNDER_REVIEW,642222.44,779,46.94,279,Need income proof
930,,102,879,191,2025-08-16,APPROVED,699389.03,410,81.01,814,Manual review required
931,,197,997,526,2019-01-15,CANCELLED,189864.76,538,25.74,209,
932,,104,33,678,2019-12-25,CANCELLED,4644162.93,542,72.87,335,
933,223,211,241,173,2023-04-26,SUBMITTED,170758.75,621,20.73,979,Need income proof
934,,326,666,437,2020-04-06,APPROVED,4981321.02,367,69.68,987,
935,,987,648,990,2018-09-22,REJECTED,1189655.19,500,75.97,268,High LTV
936,,719,368,893,2020-12-02,UNDER_REVIEW,1253385.02,818,94.5,171,Need income proof
937,970,497,821,421,2024-02-09,CANCELLED,4821402.22,450,3.26,946,Manual review required
938,,661,607,924,2020-11-09,APPROVED,3873853.15,342,17.37,525,Need income proof
939,,122,691,571,2022-09-07,CANCELLED,4773057.27,402,75.65,680,Manual review required
940,429,438,762,181,2022-02-21,APPROVED,3004763.83,500,10.68,310,Need income proof
941,,347,103,206,2020-06-07,CANCELLED,4833434.86,413,78.67,425,High LTV
942,,870,396,84,2022-11-01,SUBMITTED,2175265.1,311,31.87,247,Verified docs
943,,21,496,771,2025-06-29,UNDER_REVIEW,1943638.6,380,12.71,718,Need income proof
944,,428,621,771,2022-03-16,UNDER_REVIEW,4032709.74,478,10.8,809,Manual review required
945,,610,310,877,2018-01-02,REJECTED,3127876.49,761,14.04,609,High LTV
946,,145,875,54,2021-01-22,SUBMITTED,2795325.93,473,61.29,67,Manual review required
947,,109,661,387,2022-12-23,CANCELLED,4631773.43,763,31.35,707,Manual review required
948,,265,504,988,2020-11-24,SUBMITTED,4448818.45,419,60.75,148,Need income proof
949,723,899,124,464,2021-10-03,APPROVED,4006320.06,566,39.11,106,High LTV
950,,240,555,866,2021-01-18,SUBMITTED,1172137.51,777,12.57,388,High LTV
951,,354,451,429,2024-08-09,SUBMITTED,2930265.79,391,25.8,365,
952,,402,202,419,2025-08-05,SUBMITTED,1129437.74,638,64.63,165,Manual review required
953,368,191,195,119,2020-05-10,UNDER_REVIEW,3107823.52,737,48.62,222,Need income proof
954,,549,717,700,2025-07-12,APPROVED,3107082.82,410,87.15,475,High LTV
955,709,525,371,525,2022-05-24,CANCELLED,782747.2,642,71.26,715,Need income proof
956,,417,201,432,2022-07-18,UNDER_REVIEW,2537820.37,399,7.68,832,
957,379,448,380,882,2020-05-19,APPROVED,3004995.92,640,34.71,200,Manual review required
958,,827,49,436,2025-06-18,CANCELLED,2630796.32,644,50.26,674,Verified docs
959,,552,423,242,2018-09-08,CANCELLED,2889993.06,772,70.39,534,Need income proof
960,,643,284,125,2023-01-04,CANCELLED,1061658.59,606,91.24,88,Need income proof
961,,722,122,270,2019-10-13,SUBMITTED,1813304.16,617,72.22,896,
962,797,474,863,399,2019-08-26,APPROVED,4553410.76,669,49.46,34,Need income proof
963,258,379,163,763,2025-07-06,REJECTED,3201263.35,776,99.18,810,
964,,944,473,442,2022-04-07,UNDER_REVIEW,297461.04,763,78.94,675,High LTV
965,,623,501,329,2018-11-12,SUBMITTED,2934755.56,704,70.4,363,
966,730,290,24,500,2019-11-26,UNDER_REVIEW,1438426.51,717,10.25,744,
967,,759,65,512,2018-07-24,CANCELLED,807053.34,455,13.92,602,Verified docs
968,754,91,776,717,2020-05-12,CANCELLED,190480.81,483,58.51,365,
969,494,96,312,452,2020-11-17,REJECTED,923598.87,356,70.83,380,Need income proof
970,,517,193,711,2024-12-06,SUBMITTED,1299649.56,806,34.49,720,Need income proof
971,,951,558,290,2021-03-07,UNDER_REVIEW,4132233.36,537,19.56,844,Verified docs
972,298,872,650,572,2024-02-07,APPROVED,4427360.56,724,34.26,585,
973,,575,205,811,2018-08-06,CANCELLED,732494.31,391,20.85,121,High LTV
974,298,416,678,790,2020-11-09,APPROVED,4032490.88,342,20.13,655,Manual review required
975,,950,956,122,2023-06-11,REJECTED,3709472.25,499,20.39,736,Verified docs
976,821,726,646,44,2023-02-03,SUBMITTED,2757888.27,455,83.2,103,Manual review required
977,,393,687,18,2022-11-12,UNDER_REVIEW,2866436.74,525,6.7,951,High LTV
978,891,651,682,534,2019-04-10,SUBMITTED,3324014.11,327,54.4,971,
979,,242,941,555,2024-03-31,UNDER_REVIEW,4442249.23,791,90.98,789,Verified docs
980,66,687,813,365,2023-01-17,CANCELLED,4419623.56,545,78.23,434,Need income proof
981,580,926,72,621,2025-05-08,UNDER_REVIEW,1775964.08,762,69.4,536,High LTV
982,231,719,402,167,2021-06-08,SUBMITTED,3334632.9,537,50.22,269,Manual review required
983,,73,487,649,2021-11-14,CANCELLED,422750.5,628,1.0,46,Manual review required
984,349,671,196,638,2025-07-27,APPROVED,3847168.84,441,52.12,386,Manual review required
985,394,242,591,974,2025-03-03,SUBMITTED,171565.07,792,22.65,219,Manual review required
986,,994,328,840,2020-06-05,APPROVED,2724190.63,353,85.91,709,Need income proof
987,,401,534,631,2024-06-12,UNDER_REVIEW,1215577.0,670,54.78,742,Need income proof
988,,28,76,2,2025-08-17,SUBMITTED,4910879.96,672,67.86,311,Need income proof
989,,318,504,609,2019-08-02,SUBMITTED,2260587.31,358,36.64,818,Manual review required
990,353,478,15,997,2020-02-13,UNDER_REVIEW,891803.87,762,45.63,631,Manual review required
991,,797,258,767,2025-01-12,CANCELLED,4694120.12,842,24.11,77,
992,,214,181,7,2021-01-28,SUBMITTED,3629371.4,535,63.99,135,Manual review required
993,,57,154,931,2024-09-13,REJECTED,902997.52,649,81.75,459,Need income proof
994,,906,993,118,2019-09-30,REJECTED,1112296.37,357,64.36,506,Manual review required
995,,950,955,671,2020-05-16,UNDER_REVIEW,3524637.82,485,15.84,106,High LTV
996,213,448,856,546,2024-12-26,CANCELLED,912702.61,468,48.91,428,Verified docs
997,,220,311,374,2024-06-21,APPROVED,2830500.47,676,96.2,960,Need income proof
998,,66,594,978,2019-12-02,CANCELLED,4678291.86,633,84.5,34,Manual review required
999,,581,312,896,2021-05-01,SUBMITTED,3765994.13,810,36.45,214,High LTV
1000,,201,774,463,2024-03-25,UNDER_REVIEW,1776809.18,727,93.52,789,Manual review required
