loan_id,customer_id,branch_id,product_id,amount,interest_rate,term_months,start_date,maturity_date,status,approval_date,disbursal_date
1,767,491,668,4272273.34,13.13,120,2024-09-30,2034-08-09,APPROVED,2024-10-14,2024-10-17
2,170,479,38,3708068.25,8.04,36,2022-11-15,2025-10-30,ACTIVE,2022-12-14,2022-12-18
3,819,260,182,470994.06,15.1,48,2018-12-26,2022-12-05,REJECTED,,
4,523,442,454,2538097.03,14.53,120,2022-02-19,2031-12-29,APPLIED,,
5,256,334,85,6334143.15,9.33,84,2023-12-02,2030-10-26,ACTIVE,2023-12-24,2023-12-24
6,824,349,419,3771958.55,10.42,36,2020-07-05,2023-06-20,ACTIVE,2020-08-02,2020-08-10
7,328,51,557,921527.23,8.14,48,2020-02-08,2024-01-18,DEFAULTED,2020-03-06,2020-03-08
8,727,577,513,8686914.33,12.51,24,2022-09-30,2024-09-19,ACTIVE,2022-10-07,2022-10-09
9,875,502,688,5930886.38,9.4,36,2021-02-17,2024-02-02,APPLIED,,
10,210,562,99,65560.16,6.72,24,2023-09-02,2025-08-22,ACTIVE,2023-09-05,2023-09-12
11,45,40,373,1553457.93,15.15,84,2023-12-06,2030-10-30,APPROVED,2023-12-21,2023-12-31
12,798,854,941,2989947.44,11.4,24,2022-07-23,2024-07-12,ACTIVE,2022-08-12,2022-08-12
13,342,868,136,4757161.29,14.31,36,2021-12-10,2024-11-24,ACTIVE,2021-12-24,2021-12-25
14,981,116,822,2934821.54,8.73,48,2023-08-26,2027-08-05,CLOSED,2023-08-28,2023-09-01
15,965,889,7,6293736.06,12.03,84,2022-02-09,2029-01-03,APPLIED,,
16,42,439,79,157853.21,10.62,24,2019-07-28,2021-07-17,APPLIED,,
17,563,602,467,2910632.08,12.81,48,2020-04-03,2024-03-13,CLOSED,2020-04-07,2020-04-11
18,458,245,990,8352009.48,12.35,24,2020-10-03,2022-09-23,APPLIED,,
19,130,455,289,2526661.92,7.16,24,2022-08-22,2024-08-11,ACTIVE,2022-09-03,2022-09-09
20,877,45,180,2255554.41,11.31,24,2022-08-23,2024-08-12,REJECTED,,
21,348,523,23,4214273.42,10.97,60,2023-02-02,2028-01-07,ACTIVE,2023-02-13,2023-02-15
22,432,468,963,1431516.75,8.15,84,2020-09-18,2027-08-13,ACTIVE,2020-10-17,2020-10-24
23,766,59,148,4574211.46,12.92,24,2018-02-01,2020-01-22,APPLIED,,
24,984,365,926,7495846.91,13.31,36,2022-11-24,2025-11-08,ACTIVE,2022-11-26,2022-12-02
25,593,3,327,4650485.8,8.05,60,2018-10-18,2023-09-22,REJECTED,,
26,86,715,536,958530.21,15.8,84,2024-09-18,2031-08-13,APPROVED,2024-09-24,2024-09-27
27,374,819,815,1916851.95,16.56,24,2020-08-05,2022-07-26,APPLIED,,
28,886,380,280,5320765.33,15.61,60,2021-08-02,2026-07-07,REJECTED,,
29,892,892,429,3341928.23,10.51,12,2022-12-17,2023-12-12,ACTIVE,2022-12-24,2022-12-26
30,882,111,724,5303729.35,8.48,84,2021-01-16,2027-12-11,APPROVED,2021-02-07,2021-02-11
31,423,768,542,7852007.01,14.06,48,2021-09-17,2025-08-27,CLOSED,2021-10-06,2021-10-06
32,147,739,36,3080642.28,13.17,36,2025-04-26,2028-04-10,DEFAULTED,2025-05-07,2025-05-11
33,558,517,34,7801625.81,13.91,12,2024-10-21,2025-10-16,APPROVED,2024-10-31,2024-11-06
34,794,374,741,2515739.38,12.43,24,2020-04-11,2022-04-01,CLOSED,2020-04-12,2020-04-17
35,494,726,791,3714629.81,13.19,84,2023-03-22,2030-02-13,CLOSED,2023-03-24,2023-03-24
36,592,840,554,9002097.02,8.61,12,2020-12-15,2021-12-10,APPROVED,2021-01-14,2021-01-21
37,34,656,663,1509888.02,13.75,120,2018-02-13,2027-12-23,CLOSED,2018-03-09,2018-03-13
38,452,63,114,8198205.17,11.67,12,2024-12-24,2025-12-19,APPROVED,2025-01-22,2025-02-01
39,855,825,230,8632953.55,10.89,120,2025-01-14,2034-11-23,CLOSED,2025-02-07,2025-02-14
40,95,460,658,8413647.87,12.27,36,2022-04-09,2025-03-24,ACTIVE,2022-04-24,2022-04-30
41,620,456,384,416260.82,13.97,84,2023-07-15,2030-06-08,REJECTED,,
42,243,992,706,7753595.32,13.26,24,2018-10-11,2020-09-30,REJECTED,,
43,703,356,739,3662682.49,17.41,120,2018-12-10,2028-10-18,CLOSED,2018-12-30,2019-01-07
44,194,254,735,6522077.35,11.11,12,2020-05-17,2021-05-12,REJECTED,,
45,385,295,660,5020698.12,9.46,12,2020-11-21,2021-11-16,CLOSED,2020-11-23,2020-11-29
46,359,722,735,8024261.93,10.34,12,2021-12-24,2022-12-19,CLOSED,2022-01-17,2022-01-22
47,585,208,954,8417322.03,9.85,60,2025-06-12,2030-05-17,ACTIVE,2025-06-25,2025-06-30
48,7,591,268,3949978.09,13.94,120,2023-04-05,2033-02-11,ACTIVE,2023-04-26,2023-05-01
49,436,151,669,9420830.42,7.6,60,2019-03-30,2024-03-03,ACTIVE,2019-04-26,2019-04-28
50,421,27,779,1330270.57,16.0,60,2025-01-30,2030-01-04,ACTIVE,2025-02-25,2025-02-26
51,125,575,447,5149700.61,10.64,36,2019-04-27,2022-04-11,APPLIED,,
52,621,908,962,7890077.11,15.88,24,2018-01-14,2020-01-04,ACTIVE,2018-01-17,2018-01-26
53,286,865,586,84707.26,9.41,84,2025-05-01,2032-03-25,ACTIVE,2025-05-03,2025-05-06
54,140,512,707,4091852.54,7.33,36,2018-04-09,2021-03-24,ACTIVE,2018-05-07,2018-05-17
55,683,707,537,4645230.68,9.93,120,2023-07-24,2033-06-01,CLOSED,2023-07-27,2023-07-31
56,688,603,476,1384610.02,15.77,120,2019-06-15,2029-04-23,CLOSED,2019-06-19,2019-06-20
57,577,344,438,6492421.49,12.31,120,2024-09-23,2034-08-02,DEFAULTED,2024-10-03,2024-10-09
58,29,988,503,4523501.52,10.44,24,2024-09-01,2026-08-22,ACTIVE,2024-09-24,2024-10-03
59,703,115,608,8183482.75,13.45,60,2021-12-21,2026-11-25,CLOSED,2022-01-19,2022-01-20
60,995,210,378,4042618.67,13.49,60,2024-05-19,2029-04-23,DEFAULTED,2024-06-10,2024-06-17
61,817,290,749,5329935.95,13.42,60,2019-12-17,2024-11-20,ACTIVE,2019-12-19,2019-12-26
62,366,109,435,4696407.12,13.41,60,2023-11-21,2028-10-25,ACTIVE,2023-12-07,2023-12-10
63,372,555,124,5532417.46,12.18,84,2023-07-01,2030-05-25,CLOSED,2023-07-10,2023-07-18
64,461,967,289,5016304.64,9.24,24,2022-03-12,2024-03-01,CLOSED,2022-04-01,2022-04-10
65,683,695,968,3364269.2,10.86,12,2020-06-04,2021-05-30,ACTIVE,2020-06-16,2020-06-22
66,619,593,605,4723273.99,11.49,120,2021-12-07,2031-10-16,APPLIED,,
67,37,863,83,6135758.77,13.96,24,2022-04-06,2024-03-26,CLOSED,2022-04-20,2022-04-30
68,592,127,153,3846160.19,15.59,84,2024-06-22,2031-05-17,APPLIED,,
69,431,986,600,5773200.34,8.71,12,2020-09-05,2021-08-31,ACTIVE,2020-09-12,2020-09-22
70,79,252,784,5573374.86,16.11,84,2018-06-12,2025-05-06,ACTIVE,2018-06-25,2018-07-03
71,136,528,817,7393534.9,16.21,84,2022-03-12,2029-02-03,APPROVED,2022-03-23,2022-03-28
72,183,434,707,1758062.14,7.2,36,2025-07-29,2028-07-13,APPROVED,2025-08-16,2025-08-23
73,260,492,517,1282706.37,14.58,60,2019-10-08,2024-09-11,ACTIVE,2019-11-05,2019-11-15
74,604,202,298,7472785.5,9.78,36,2020-08-03,2023-07-19,ACTIVE,2020-08-09,2020-08-11
75,141,593,227,872905.43,10.47,84,2023-09-23,2030-08-17,ACTIVE,2023-10-22,2023-10-22
76,813,251,582,6527675.24,9.82,36,2022-12-05,2025-11-19,ACTIVE,2022-12-30,2023-01-09
77,664,57,324,3290284.88,13.27,48,2025-05-28,2029-05-07,ACTIVE,2025-06-13,2025-06-22
78,81,470,308,2078208.03,14.87,12,2025-07-04,2026-06-29,ACTIVE,2025-07-14,2025-07-24
79,327,212,359,2513969.02,16.32,48,2018-11-10,2022-10-20,APPLIED,,
80,339,507,361,364993.1,14.83,120,2023-02-25,2033-01-03,APPROVED,2023-03-17,2023-03-21
81,528,36,751,7882815.82,14.26,36,2022-03-09,2025-02-21,ACTIVE,2022-03-21,2022-03-27
82,191,904,627,2602991.5,8.54,60,2019-02-16,2024-01-21,ACTIVE,2019-03-01,2019-03-08
83,1000,5,826,5232499.3,11.77,36,2018-03-09,2021-02-21,ACTIVE,2018-04-03,2018-04-07
84,234,793,945,5813136.71,11.87,12,2020-12-25,2021-12-20,CLOSED,2020-12-27,2020-12-28
85,17,308,150,8588169.21,9.71,24,2024-08-25,2026-08-15,ACTIVE,2024-09-14,2024-09-17
86,358,286,862,5866136.19,14.85,48,2018-01-06,2021-12-16,APPLIED,,
87,538,819,73,5074053.07,14.83,48,2024-11-23,2028-11-02,ACTIVE,2024-12-22,2024-12-31
88,657,117,220,9595882.84,12.11,60,2025-01-14,2029-12-19,ACTIVE,2025-01-26,2025-02-02
89,995,977,329,2140865.21,8.64,12,2023-08-22,2024-08-16,CLOSED,2023-08-25,2023-08-26
90,92,333,734,5019870.8,12.51,48,2021-05-12,2025-04-21,ACTIVE,2021-05-25,2021-05-25
91,659,95,892,9777914.93,9.73,36,2019-10-23,2022-10-07,ACTIVE,2019-11-02,2019-11-07
92,931,332,291,4191447.21,8.97,12,2019-12-30,2020-12-24,REJECTED,,
93,851,237,350,7105035.36,13.32,48,2024-12-26,2028-12-05,CLOSED,2025-01-01,2025-01-03
94,680,256,584,2880683.33,15.77,12,2018-12-08,2019-12-03,CLOSED,2018-12-16,2018-12-26
95,303,235,283,3879965.38,13.04,84,2024-12-31,2031-11-25,DEFAULTED,2025-01-27,2025-01-31
96,484,702,51,7221386.08,6.76,48,2018-07-27,2022-07-06,CLOSED,2018-08-04,2018-08-13
97,539,874,79,562139.84,9.93,24,2022-01-04,2023-12-25,APPLIED,,
98,195,346,137,791858.32,16.8,48,2018-12-16,2022-11-25,CLOSED,2018-12-17,2018-12-19
99,170,299,649,1111605.91,13.16,48,2018-10-03,2022-09-12,ACTIVE,2018-10-05,2018-10-14
100,346,447,260,6661352.78,9.56,12,2021-10-07,2022-10-02,APPROVED,2021-10-14,2021-10-17
101,691,202,446,3951054.22,15.03,48,2018-02-20,2022-01-30,APPLIED,,
102,349,963,612,8011236.14,9.66,36,2022-11-01,2025-10-16,ACTIVE,2022-11-30,2022-12-05
103,566,120,450,6485630.28,6.9,36,2022-03-09,2025-02-21,CLOSED,2022-03-27,2022-03-29
104,580,61,721,3325473.81,9.89,48,2021-05-30,2025-05-09,ACTIVE,2021-06-05,2021-06-06
105,834,599,884,1205625.08,12.51,60,2025-04-18,2030-03-23,APPROVED,2025-05-07,2025-05-16
106,933,623,277,5062582.84,15.49,120,2021-03-10,2031-01-17,APPLIED,,
107,87,222,836,5156632.6,10.99,24,2022-06-14,2024-06-03,DEFAULTED,2022-07-03,2022-07-06
108,595,124,292,8554470.72,14.32,84,2019-09-23,2026-08-17,APPLIED,,
109,124,849,167,8216869.82,10.44,48,2023-01-19,2026-12-29,ACTIVE,2023-01-21,2023-01-23
110,53,635,924,5085583.24,9.8,12,2021-06-12,2022-06-07,ACTIVE,2021-06-29,2021-07-07
111,984,534,401,4062293.43,16.18,12,2024-02-06,2025-01-31,APPLIED,,
112,556,151,475,1906846.8,15.27,60,2019-05-26,2024-04-29,APPROVED,2019-06-08,2019-06-15
113,909,685,335,9496766.24,15.07,60,2022-09-02,2027-08-07,ACTIVE,2022-09-11,2022-09-21
114,591,127,931,9668301.57,12.57,84,2019-09-05,2026-07-30,CLOSED,2019-09-23,2019-10-03
115,27,914,98,1028820.74,13.46,60,2021-07-12,2026-06-16,CLOSED,2021-07-19,2021-07-20
116,368,413,849,8784331.72,9.7,12,2020-08-23,2021-08-18,APPROVED,2020-09-10,2020-09-14
117,957,733,997,173080.05,11.64,48,2020-10-28,2024-10-07,ACTIVE,2020-11-10,2020-11-17
118,854,84,645,2464826.7,16.91,36,2018-02-11,2021-01-26,REJECTED,,
119,321,253,960,8358577.6,15.77,60,2020-11-02,2025-10-07,APPROVED,2020-11-20,2020-11-26
120,452,820,41,8144748.5,9.25,84,2018-05-02,2025-03-26,ACTIVE,2018-05-07,2018-05-16
121,941,750,203,6535537.35,13.68,120,2025-05-31,2035-04-09,ACTIVE,2025-06-25,2025-07-03
122,506,656,724,9103790.8,10.06,84,2022-06-07,2029-05-01,DEFAULTED,2022-06-17,2022-06-17
123,995,553,718,8771302.68,17.03,48,2023-06-17,2027-05-27,CLOSED,2023-06-20,2023-06-20
124,460,666,347,1825857.52,12.47,48,2018-08-01,2022-07-11,APPLIED,,
125,853,224,716,406165.76,12.7,60,2018-10-27,2023-10-01,APPLIED,,
126,690,834,824,7555558.36,9.43,120,2023-07-13,2033-05-21,REJECTED,,
127,149,291,818,4646422.76,16.23,36,2021-11-12,2024-10-27,APPROVED,2021-11-26,2021-12-01
128,297,907,67,4396836.7,11.52,36,2023-12-19,2026-12-03,ACTIVE,2023-12-26,2024-01-04
129,183,498,865,4372299.4,12.09,48,2020-08-16,2024-07-26,ACTIVE,2020-08-27,2020-08-29
130,225,569,674,1078810.71,9.53,48,2023-09-26,2027-09-05,ACTIVE,2023-10-26,2023-11-01
131,664,197,994,6722646.38,9.28,48,2023-02-25,2027-02-04,ACTIVE,2023-03-11,2023-03-19
132,22,490,906,9838798.95,13.91,84,2021-01-28,2027-12-23,APPROVED,2021-02-26,2021-03-01
133,361,926,937,4593252.23,12.49,48,2018-11-20,2022-10-30,ACTIVE,2018-12-10,2018-12-15
134,593,241,73,8215155.52,14.22,48,2025-08-24,2029-08-03,ACTIVE,2025-08-30,2025-09-09
135,83,667,196,3221547.41,13.81,120,2023-03-31,2033-02-06,CLOSED,2023-04-12,2023-04-12
136,835,481,876,9966768.18,8.04,12,2023-05-18,2024-05-12,ACTIVE,2023-06-11,2023-06-19
137,565,941,793,9028746.53,14.92,24,2025-05-21,2027-05-11,ACTIVE,2025-06-10,2025-06-16
138,203,802,355,4587882.72,11.27,48,2022-08-26,2026-08-05,APPLIED,,
139,73,244,560,9346921.12,15.07,48,2024-06-28,2028-06-07,ACTIVE,2024-07-18,2024-07-22
140,566,287,758,3622006.63,13.49,12,2019-10-30,2020-10-24,DEFAULTED,2019-11-18,2019-11-23
141,345,104,201,8180460.39,17.36,84,2018-05-22,2025-04-15,CLOSED,2018-06-11,2018-06-12
142,360,302,99,5839258.59,7.39,24,2021-12-22,2023-12-12,APPLIED,,
143,766,721,947,9171474.79,9.91,120,2022-08-10,2032-06-18,ACTIVE,2022-08-21,2022-08-22
144,689,236,882,8076535.17,14.74,120,2022-07-05,2032-05-13,CLOSED,2022-07-29,2022-08-07
145,11,966,874,3384987.52,13.25,120,2018-09-23,2028-08-01,ACTIVE,2018-10-09,2018-10-11
146,145,243,268,1386366.51,13.92,120,2023-06-18,2033-04-26,CLOSED,2023-07-14,2023-07-21
147,890,984,981,443406.84,11.95,24,2025-08-10,2027-07-31,APPROVED,2025-08-31,2025-09-08
148,115,144,529,847774.25,13.22,36,2023-11-26,2026-11-10,CLOSED,2023-12-17,2023-12-26
149,769,236,362,9448112.96,9.47,84,2022-12-21,2029-11-14,CLOSED,2023-01-18,2023-01-23
150,899,143,978,8219975.89,6.83,60,2019-10-23,2024-09-26,ACTIVE,2019-11-03,2019-11-12
151,434,251,776,8573460.65,11.84,60,2020-06-09,2025-05-14,APPLIED,,
152,314,621,862,9542015.31,15.34,48,2019-03-07,2023-02-14,CLOSED,2019-03-25,2019-04-02
153,413,166,998,2445341.22,12.14,12,2021-10-01,2022-09-26,CLOSED,2021-10-20,2021-10-24
154,690,851,27,316172.95,15.11,12,2023-12-22,2024-12-16,APPLIED,,
155,821,20,250,7064593.0,12.08,24,2022-03-05,2024-02-23,CLOSED,2022-03-27,2022-03-27
156,940,46,133,723836.68,12.02,48,2018-11-07,2022-10-17,CLOSED,2018-11-08,2018-11-16
157,90,459,47,1390423.91,8.44,24,2022-09-28,2024-09-17,APPLIED,,
158,650,564,482,5352940.52,9.71,60,2025-02-03,2030-01-08,APPROVED,2025-02-28,2025-03-01
159,289,582,622,5760726.18,11.74,36,2018-02-14,2021-01-29,APPROVED,2018-02-19,2018-02-19
160,287,193,660,3148308.8,9.36,12,2020-05-22,2021-05-17,CLOSED,2020-06-01,2020-06-05
161,133,107,45,4143016.71,10.01,12,2018-07-04,2019-06-29,CLOSED,2018-07-14,2018-07-20
162,2,68,13,6308611.41,9.19,120,2019-05-15,2029-03-23,APPROVED,2019-05-27,2019-06-01
163,984,764,467,5733685.76,10.13,48,2023-04-19,2027-03-29,CLOSED,2023-04-24,2023-05-04
164,698,131,696,2358613.26,10.93,36,2022-09-30,2025-09-14,CLOSED,2022-10-23,2022-10-30
165,134,673,88,4916757.21,14.18,48,2018-11-11,2022-10-21,CLOSED,2018-12-07,2018-12-16
166,913,777,573,9412389.22,12.74,60,2024-03-18,2029-02-20,DEFAULTED,2024-04-14,2024-04-21
167,503,434,488,7368722.03,13.09,36,2018-09-18,2021-09-02,APPROVED,2018-10-04,2018-10-11
168,673,79,132,7908847.72,12.84,120,2018-12-11,2028-10-19,ACTIVE,2018-12-30,2019-01-02
169,630,468,659,6376817.55,8.59,84,2021-02-11,2028-01-06,ACTIVE,2021-02-19,2021-02-19
170,282,370,120,5889940.46,11.09,48,2023-08-16,2027-07-26,ACTIVE,2023-09-02,2023-09-03
171,661,755,810,4589637.57,10.4,120,2021-02-23,2031-01-02,APPLIED,,
172,569,921,703,354679.65,11.77,60,2024-06-28,2029-06-02,ACTIVE,2024-07-23,2024-07-27
173,746,694,42,2517351.88,16.54,48,2019-03-15,2023-02-22,ACTIVE,2019-03-31,2019-04-05
174,523,340,635,1967422.43,12.45,60,2024-01-19,2028-12-23,ACTIVE,2024-01-27,2024-02-06
175,401,738,144,378033.48,12.39,36,2021-06-06,2024-05-21,ACTIVE,2021-07-01,2021-07-04
176,598,188,459,857444.36,15.72,48,2020-10-27,2024-10-06,APPLIED,,
177,421,234,529,3174433.53,14.65,36,2023-02-12,2026-01-27,APPLIED,,
178,56,757,480,9637162.43,10.16,48,2021-12-25,2025-12-04,APPROVED,2022-01-12,2022-01-22
179,286,191,57,6883491.22,9.72,120,2025-08-27,2035-07-06,ACTIVE,2025-09-20,2025-09-25
180,774,225,690,3230124.71,12.22,120,2018-05-28,2028-04-05,ACTIVE,2018-06-27,2018-07-05
181,726,608,694,4161138.23,9.17,48,2023-08-24,2027-08-03,CLOSED,2023-09-11,2023-09-20
182,950,898,169,6461227.47,13.14,48,2019-07-09,2023-06-18,REJECTED,,
183,819,109,781,9253645.59,10.48,24,2023-02-09,2025-01-29,CLOSED,2023-03-03,2023-03-13
184,10,948,284,265558.2,12.73,24,2021-06-25,2023-06-15,ACTIVE,2021-06-28,2021-06-29
185,802,178,303,4055197.89,12.58,24,2022-02-12,2024-02-02,ACTIVE,2022-03-02,2022-03-02
186,914,967,287,993044.67,12.21,120,2021-06-26,2031-05-05,ACTIVE,2021-07-10,2021-07-17
187,84,535,429,2608265.99,8.33,12,2022-11-11,2023-11-06,APPLIED,,
188,300,308,844,9474808.43,12.7,84,2020-11-25,2027-10-20,ACTIVE,2020-12-09,2020-12-16
189,85,118,825,205932.97,9.47,36,2023-03-13,2026-02-25,ACTIVE,2023-03-14,2023-03-17
190,249,161,335,4659277.32,11.45,60,2021-03-14,2026-02-16,ACTIVE,2021-03-22,2021-03-22
191,475,251,138,3114179.49,14.87,24,2022-09-30,2024-09-19,CLOSED,2022-10-19,2022-10-28
192,896,495,674,8926814.08,9.72,48,2025-08-14,2029-07-24,APPLIED,,
193,219,655,795,617617.99,14.29,84,2020-07-21,2027-06-15,ACTIVE,2020-07-25,2020-08-01
194,453,640,610,8789586.9,13.8,48,2024-08-13,2028-07-23,ACTIVE,2024-08-22,2024-08-28
195,862,588,165,2872116.52,7.1,48,2023-12-01,2027-11-10,APPLIED,,
196,952,958,697,1956910.64,14.58,36,2022-10-11,2025-09-25,CLOSED,2022-10-21,2022-10-24
197,140,254,86,8150012.1,14.99,36,2022-04-02,2025-03-17,CLOSED,2022-04-06,2022-04-14
198,807,128,171,4663978.38,15.2,84,2023-04-29,2030-03-23,APPLIED,,
199,252,278,248,9040107.86,9.42,36,2020-03-21,2023-03-06,CLOSED,2020-03-26,2020-03-31
200,910,391,826,6842173.53,11.69,36,2021-09-16,2024-08-31,APPROVED,2021-09-21,2021-09-26
201,94,897,665,6733951.37,14.89,36,2018-10-27,2021-10-11,CLOSED,2018-11-05,2018-11-06
202,653,69,117,5939132.68,15.24,24,2018-04-21,2020-04-10,ACTIVE,2018-04-22,2018-04-28
203,12,501,105,2516073.54,8.13,48,2024-07-16,2028-06-25,APPROVED,2024-08-11,2024-08-11
204,370,893,132,1806535.29,14.32,120,2021-06-20,2031-04-29,APPROVED,2021-07-11,2021-07-17
205,803,950,449,6557159.06,13.42,120,2022-02-06,2031-12-16,CLOSED,2022-02-24,2022-02-28
206,686,140,324,7760800.4,11.82,48,2022-08-04,2026-07-14,APPLIED,,
207,702,321,685,7656252.62,12.17,84,2024-11-08,2031-10-03,ACTIVE,2024-12-02,2024-12-04
208,424,812,719,898447.76,13.65,24,2021-09-11,2023-09-01,ACTIVE,2021-09-26,2021-10-01
209,549,995,158,4044687.01,11.86,36,2025-03-11,2028-02-24,ACTIVE,2025-03-13,2025-03-21
210,110,277,872,6139806.33,13.66,60,2025-05-14,2030-04-18,ACTIVE,2025-05-16,2025-05-18
211,819,197,137,1988793.53,16.49,48,2024-08-26,2028-08-05,APPROVED,2024-09-07,2024-09-15
212,58,711,212,9492611.37,14.25,12,2025-01-18,2026-01-13,ACTIVE,2025-02-08,2025-02-10
213,521,531,31,3393829.35,11.7,12,2023-07-24,2024-07-18,ACTIVE,2023-08-21,2023-08-28
214,734,682,521,925897.98,15.79,120,2025-01-26,2034-12-05,CLOSED,2025-02-21,2025-02-24
215,370,266,808,7909828.85,9.21,120,2019-06-23,2029-05-01,ACTIVE,2019-07-02,2019-07-09
216,505,501,495,2568464.45,15.45,48,2021-01-25,2025-01-04,ACTIVE,2021-02-03,2021-02-12
217,252,35,314,4300023.13,16.53,12,2018-07-19,2019-07-14,ACTIVE,2018-08-01,2018-08-10
218,545,895,524,9243088.13,14.78,84,2024-02-16,2031-01-10,ACTIVE,2024-03-11,2024-03-21
219,469,373,826,3681813.46,11.34,36,2023-03-10,2026-02-22,ACTIVE,2023-04-05,2023-04-13
220,361,925,668,8660169.66,13.18,120,2022-04-05,2032-02-12,APPLIED,,
221,104,144,125,270286.13,10.9,48,2018-04-10,2022-03-20,ACTIVE,2018-05-08,2018-05-13
222,260,830,363,7324832.74,11.29,48,2018-06-28,2022-06-07,APPLIED,,
223,445,62,588,8346923.04,15.03,120,2020-06-30,2030-05-09,APPLIED,,
224,648,762,259,4713910.45,12.98,12,2019-08-11,2020-08-05,ACTIVE,2019-08-16,2019-08-21
225,685,961,915,7950434.04,11.16,12,2021-04-30,2022-04-25,APPROVED,2021-05-22,2021-05-28
226,793,59,223,1360377.53,13.49,24,2020-08-04,2022-07-25,CLOSED,2020-08-27,2020-09-05
227,305,253,691,6364483.09,14.41,36,2023-12-16,2026-11-30,APPROVED,2023-12-25,2023-12-27
228,471,571,587,3607001.45,10.62,36,2020-09-21,2023-09-06,ACTIVE,2020-10-17,2020-10-24
229,606,933,271,5720592.72,12.3,36,2021-10-08,2024-09-22,DEFAULTED,2021-10-18,2021-10-27
230,716,767,918,3575724.88,16.83,24,2023-02-13,2025-02-02,CLOSED,2023-03-14,2023-03-15
231,178,460,743,1970804.38,9.42,12,2021-03-25,2022-03-20,ACTIVE,2021-04-22,2021-05-02
232,821,148,450,7307007.53,8.62,36,2019-06-28,2022-06-12,CLOSED,2019-07-28,2019-08-07
233,287,924,25,1655943.86,15.23,12,2020-05-04,2021-04-29,ACTIVE,2020-05-26,2020-05-28
234,488,397,105,4643613.6,10.19,48,2021-01-13,2024-12-23,CLOSED,2021-02-07,2021-02-17
235,284,42,285,7297589.4,10.3,120,2025-06-11,2035-04-20,ACTIVE,2025-06-14,2025-06-16
236,566,387,237,5071177.85,14.79,12,2018-03-07,2019-03-02,ACTIVE,2018-03-12,2018-03-14
237,545,736,618,1661255.79,13.56,48,2025-04-15,2029-03-25,APPROVED,2025-05-06,2025-05-11
238,602,366,174,7941758.8,14.78,48,2019-07-07,2023-06-16,ACTIVE,2019-08-06,2019-08-12
239,503,494,814,2765429.67,7.9,60,2020-05-10,2025-04-14,ACTIVE,2020-05-19,2020-05-22
240,933,771,235,8208199.71,15.87,84,2023-02-15,2030-01-09,APPROVED,2023-03-13,2023-03-15
241,733,452,533,9635730.07,15.19,84,2024-06-27,2031-05-22,APPROVED,2024-07-24,2024-07-29
242,123,43,13,1422636.51,8.76,120,2022-12-12,2032-10-20,CLOSED,2022-12-15,2022-12-19
243,199,916,644,6285071.57,15.22,12,2023-11-08,2024-11-02,ACTIVE,2023-12-07,2023-12-16
244,683,807,392,9713944.28,11.13,24,2021-11-07,2023-10-28,APPROVED,2021-11-23,2021-11-24
245,370,925,366,4790206.51,8.34,84,2018-04-18,2025-03-12,ACTIVE,2018-04-19,2018-04-27
246,582,573,200,701658.75,8.44,60,2018-05-05,2023-04-09,ACTIVE,2018-05-24,2018-05-29
247,53,488,638,2135445.28,9.94,12,2023-01-15,2024-01-10,CLOSED,2023-02-13,2023-02-16
248,108,134,627,4789525.58,8.51,60,2021-02-01,2026-01-06,DEFAULTED,2021-02-25,2021-03-01
249,530,349,53,8942548.48,13.99,24,2023-02-03,2025-01-23,ACTIVE,2023-02-15,2023-02-24
250,655,850,917,6982382.43,11.09,84,2022-08-15,2029-07-09,ACTIVE,2022-08-16,2022-08-16
251,623,61,484,1549896.13,7.09,60,2025-05-07,2030-04-11,ACTIVE,2025-05-10,2025-05-12
252,967,772,125,5248344.48,10.89,48,2021-02-17,2025-01-27,ACTIVE,2021-02-25,2021-03-06
253,659,717,332,5723835.97,10.0,120,2019-06-23,2029-05-01,APPROVED,2019-06-26,2019-07-01
254,831,636,929,7808663.17,16.48,36,2023-03-18,2026-03-02,DEFAULTED,2023-03-22,2023-03-29
255,370,457,809,6229497.69,9.13,12,2020-03-16,2021-03-11,APPLIED,,
256,959,565,539,5407367.96,13.02,60,2018-01-13,2022-12-18,CLOSED,2018-01-23,2018-01-24
257,477,345,13,1734535.12,11.93,120,2021-02-19,2030-12-29,APPLIED,,
258,227,956,25,518439.31,14.88,12,2024-02-16,2025-02-10,ACTIVE,2024-03-08,2024-03-13
259,529,718,801,4871712.72,10.31,24,2024-01-26,2026-01-15,ACTIVE,2024-01-27,2024-02-05
260,347,589,772,1014811.71,13.51,48,2021-04-30,2025-04-09,ACTIVE,2021-05-30,2021-06-06
261,181,923,255,3938724.09,15.72,36,2025-08-05,2028-07-20,ACTIVE,2025-08-20,2025-08-22
262,514,440,979,3424211.25,9.76,48,2019-05-27,2023-05-06,APPROVED,2019-06-19,2019-06-21
263,41,316,813,9678080.84,8.62,84,2024-03-16,2031-02-08,APPROVED,2024-04-07,2024-04-12
264,936,48,699,9546581.8,13.65,48,2022-07-02,2026-06-11,APPLIED,,
265,499,898,396,2644863.79,11.3,36,2021-04-26,2024-04-10,ACTIVE,2021-05-03,2021-05-12
266,926,294,110,4286161.28,17.58,36,2022-03-27,2025-03-11,ACTIVE,2022-03-29,2022-04-05
267,570,916,696,5619454.86,10.6,36,2022-09-15,2025-08-30,ACTIVE,2022-10-09,2022-10-14
268,546,323,458,2743794.13,13.56,36,2018-12-19,2021-12-03,APPLIED,,
269,662,831,960,4395705.63,15.3,60,2022-10-23,2027-09-27,APPROVED,2022-10-26,2022-11-03
270,459,640,242,6548531.7,12.66,84,2024-11-08,2031-10-03,CLOSED,2024-11-15,2024-11-22
271,485,54,75,9671802.06,13.43,48,2020-05-21,2024-04-30,CLOSED,2020-05-25,2020-05-31
272,759,273,365,6774096.66,9.46,48,2019-08-27,2023-08-06,DEFAULTED,2019-09-05,2019-09-08
273,959,450,560,195170.1,13.58,48,2021-04-14,2025-03-24,APPLIED,,
274,644,604,206,3920333.76,7.43,36,2023-09-16,2026-08-31,CLOSED,2023-09-28,2023-10-04
275,806,594,183,9858215.32,10.15,120,2024-08-11,2034-06-20,APPLIED,,
276,52,854,995,7745882.73,12.58,84,2020-06-22,2027-05-17,ACTIVE,2020-07-16,2020-07-18
277,481,976,214,9640804.58,16.43,84,2019-04-28,2026-03-22,APPLIED,,
278,399,913,496,9902737.53,14.55,84,2019-09-25,2026-08-19,CLOSED,2019-09-26,2019-09-26
279,566,800,350,4605456.33,12.17,48,2024-06-17,2028-05-27,ACTIVE,2024-07-06,2024-07-07
280,377,240,146,7071111.31,8.86,84,2022-05-10,2029-04-03,ACTIVE,2022-05-11,2022-05-20
281,553,804,742,8548041.13,11.39,120,2021-09-28,2031-08-07,DEFAULTED,2021-10-24,2021-11-01
282,218,418,670,6077201.92,12.77,60,2020-04-21,2025-03-26,APPLIED,,
283,924,932,276,778089.22,15.18,120,2020-10-04,2030-08-13,CLOSED,2020-10-17,2020-10-22
284,670,194,129,5903652.69,9.1,48,2024-01-05,2027-12-15,APPROVED,2024-02-03,2024-02-13
285,617,880,455,8664141.46,13.59,36,2018-04-24,2021-04-08,CLOSED,2018-05-20,2018-05-20
286,437,46,26,5012260.74,14.91,36,2019-02-11,2022-01-26,CLOSED,2019-03-09,2019-03-12
287,254,893,456,362298.81,13.91,120,2021-02-11,2030-12-21,CLOSED,2021-02-14,2021-02-24
288,500,317,914,9503098.68,12.6,84,2024-04-12,2031-03-07,ACTIVE,2024-05-04,2024-05-14
289,846,868,925,3846687.09,14.84,120,2023-02-21,2032-12-30,ACTIVE,2023-03-21,2023-03-22
290,929,367,914,4806193.24,13.77,84,2021-05-18,2028-04-11,CLOSED,2021-06-11,2021-06-16
291,262,996,384,8341733.52,13.3,84,2019-05-15,2026-04-08,ACTIVE,2019-05-25,2019-06-02
292,742,512,315,717332.51,10.13,120,2023-09-04,2033-07-13,ACTIVE,2023-09-12,2023-09-22
293,66,257,112,7271640.3,11.68,84,2023-08-13,2030-07-07,ACTIVE,2023-08-27,2023-08-30
294,726,265,703,5740936.72,8.25,60,2019-10-22,2024-09-25,APPLIED,,
295,731,225,591,8701713.23,11.41,36,2023-11-17,2026-11-01,CLOSED,2023-12-14,2023-12-16
296,126,322,577,7865530.75,11.36,24,2019-05-19,2021-05-08,APPROVED,2019-05-24,2019-06-03
297,713,7,297,7197827.46,14.48,48,2020-11-25,2024-11-04,DEFAULTED,2020-12-07,2020-12-13
298,465,946,815,4855626.97,14.8,24,2025-06-24,2027-06-14,APPROVED,2025-07-18,2025-07-25
299,666,713,389,3936348.38,11.89,84,2022-09-07,2029-08-01,ACTIVE,2022-10-04,2022-10-07
300,591,87,914,1032369.14,14.55,84,2021-06-24,2028-05-18,ACTIVE,2021-07-15,2021-07-21
301,504,943,806,8201415.33,10.68,24,2022-06-25,2024-06-14,DEFAULTED,2022-07-22,2022-07-29
302,737,444,395,4038663.56,12.89,60,2022-06-03,2027-05-08,APPLIED,,
303,362,129,9,5026332.67,10.31,36,2021-11-01,2024-10-16,CLOSED,2021-11-06,2021-11-15
304,447,319,338,8810614.77,14.5,84,2018-10-17,2025-09-10,ACTIVE,2018-10-19,2018-10-23
305,587,639,551,5218104.69,10.72,48,2024-08-27,2028-08-06,ACTIVE,2024-09-12,2024-09-14
306,480,370,307,7416986.19,11.28,60,2018-01-21,2022-12-26,ACTIVE,2018-02-12,2018-02-20
307,371,709,42,4170833.11,16.44,48,2024-09-02,2028-08-12,CLOSED,2024-09-17,2024-09-27
308,238,661,539,4346355.8,12.58,60,2018-05-23,2023-04-27,APPLIED,,
309,820,491,144,3087634.85,12.23,36,2022-11-04,2025-10-19,APPROVED,2022-11-06,2022-11-09
310,167,820,888,922814.98,11.05,60,2020-03-05,2025-02-07,APPLIED,,
311,714,195,581,8216573.3,10.14,36,2018-03-23,2021-03-07,CLOSED,2018-03-27,2018-03-28
312,821,890,521,2665308.93,13.14,120,2021-12-19,2031-10-28,APPROVED,2022-01-06,2022-01-11
313,352,536,511,3231836.52,10.86,12,2021-03-31,2022-03-26,ACTIVE,2021-04-19,2021-04-25
314,107,352,77,2800977.09,8.81,36,2023-02-17,2026-02-01,DEFAULTED,2023-03-01,2023-03-08
315,725,977,536,2150653.24,14.56,84,2023-01-30,2029-12-24,REJECTED,,
316,901,560,205,6519160.83,11.7,120,2018-12-31,2028-11-08,ACTIVE,2019-01-11,2019-01-16
317,993,407,979,4270928.9,10.07,48,2020-10-10,2024-09-19,ACTIVE,2020-10-17,2020-10-25
318,730,825,589,3586242.17,13.88,48,2024-01-10,2027-12-20,ACTIVE,2024-01-19,2024-01-20
319,476,670,547,9238065.38,12.26,12,2025-08-27,2026-08-22,ACTIVE,2025-08-29,2025-08-30
320,615,630,768,5852384.38,9.36,120,2022-11-06,2032-09-14,APPLIED,,
321,882,435,957,6047435.13,10.81,48,2022-09-21,2026-08-31,CLOSED,2022-09-27,2022-10-06
322,201,403,821,8858986.91,18.09,48,2021-03-09,2025-02-16,APPLIED,,
323,538,881,371,8373273.94,12.77,48,2024-08-13,2028-07-23,ACTIVE,2024-08-27,2024-09-03
324,579,745,859,6081718.41,11.23,24,2019-01-06,2020-12-26,CLOSED,2019-01-07,2019-01-09
325,671,953,837,8499505.37,15.47,24,2024-10-21,2026-10-11,CLOSED,2024-11-12,2024-11-21
326,321,877,738,7424999.21,14.93,84,2018-02-06,2024-12-31,APPROVED,2018-02-28,2018-03-07
327,163,104,938,1329630.52,15.9,120,2022-02-05,2031-12-15,ACTIVE,2022-02-24,2022-02-24
328,650,281,921,3550836.79,11.87,48,2019-12-04,2023-11-13,CLOSED,2019-12-31,2020-01-04
329,428,706,188,1547518.37,7.88,84,2021-10-10,2028-09-03,ACTIVE,2021-10-17,2021-10-27
330,811,242,617,2160768.99,12.94,12,2018-05-30,2019-05-25,ACTIVE,2018-06-09,2018-06-12
331,750,135,393,1325856.03,8.08,60,2024-01-15,2028-12-19,APPLIED,,
332,284,15,241,583859.8,13.75,60,2021-07-07,2026-06-11,DEFAULTED,2021-07-27,2021-08-04
333,859,291,68,6741997.36,13.8,60,2018-09-09,2023-08-14,APPLIED,,
334,290,542,305,1936783.21,16.93,36,2018-07-21,2021-07-05,ACTIVE,2018-08-02,2018-08-02
335,779,978,764,6022476.75,13.49,60,2020-10-07,2025-09-11,DEFAULTED,2020-10-24,2020-10-24
336,876,599,656,9405587.81,15.2,12,2023-03-23,2024-03-17,APPLIED,,
337,272,277,5,3057685.12,16.22,36,2018-12-19,2021-12-03,APPLIED,,
338,635,13,480,4867953.92,12.54,48,2019-12-14,2023-11-23,APPROVED,2019-12-25,2019-12-28
339,962,951,133,7577084.38,13.37,48,2025-01-22,2029-01-01,ACTIVE,2025-02-07,2025-02-13
340,364,352,264,4436318.43,13.85,12,2019-06-06,2020-05-31,ACTIVE,2019-06-22,2019-06-25
341,346,329,318,5596291.93,10.46,48,2023-04-02,2027-03-12,DEFAULTED,2023-04-08,2023-04-14
342,417,439,109,3428877.11,15.93,48,2024-07-04,2028-06-13,APPROVED,2024-07-29,2024-08-07
343,763,891,131,6091803.9,11.12,36,2018-07-28,2021-07-12,CLOSED,2018-07-31,2018-08-05
344,61,957,658,1027308.2,13.65,36,2020-06-30,2023-06-15,ACTIVE,2020-07-19,2020-07-19
345,448,162,484,6206364.61,9.94,60,2024-11-15,2029-10-20,ACTIVE,2024-11-26,2024-12-04
346,186,914,295,8132943.74,11.6,24,2020-05-31,2022-05-21,CLOSED,2020-06-27,2020-07-06
347,72,852,135,6050060.53,14.58,120,2018-06-27,2028-05-05,APPROVED,2018-07-27,2018-07-28
348,706,615,113,1522980.32,8.48,60,2024-09-21,2029-08-26,APPROVED,2024-10-14,2024-10-19
349,323,474,684,9204853.59,17.92,48,2020-01-11,2023-12-21,APPLIED,,
350,758,92,432,9407104.34,9.41,24,2019-12-28,2021-12-17,APPLIED,,
351,949,724,401,8570930.5,16.57,12,2021-08-25,2022-08-20,ACTIVE,2021-08-27,2021-08-27
352,735,283,855,2551717.0,9.19,36,2020-06-02,2023-05-18,ACTIVE,2020-06-12,2020-06-16
353,216,844,165,7500049.6,9.26,48,2022-09-10,2026-08-20,ACTIVE,2022-09-19,2022-09-21
354,161,707,779,9806765.08,15.1,60,2025-01-30,2030-01-04,APPLIED,,
355,645,154,170,9202491.47,14.72,12,2022-06-19,2023-06-14,CLOSED,2022-06-27,2022-07-02
356,161,473,521,517225.34,15.56,120,2023-01-01,2032-11-09,DEFAULTED,2023-01-12,2023-01-22
357,494,109,58,6035768.82,12.71,120,2024-01-23,2033-12-01,CLOSED,2024-01-30,2024-01-30
358,15,45,603,481705.27,8.2,36,2022-09-29,2025-09-13,APPROVED,2022-10-04,2022-10-09
359,527,749,882,4270079.32,16.85,120,2023-01-01,2032-11-09,CLOSED,2023-01-11,2023-01-17
360,379,565,424,1249925.48,10.24,12,2025-05-19,2026-05-14,ACTIVE,2025-06-03,2025-06-13
361,29,248,297,2778466.05,12.37,48,2020-06-06,2024-05-16,APPROVED,2020-06-29,2020-07-03
362,840,388,363,6502646.92,12.77,48,2025-07-07,2029-06-16,ACTIVE,2025-08-04,2025-08-12
363,292,961,843,7723684.95,9.92,48,2022-08-10,2026-07-20,CLOSED,2022-08-21,2022-08-22
364,477,321,507,2079929.27,12.78,36,2018-10-06,2021-09-20,CLOSED,2018-10-23,2018-10-28
365,111,807,747,8439140.09,13.95,84,2024-05-19,2031-04-13,ACTIVE,2024-05-31,2024-06-09
366,370,936,594,4113461.62,11.75,48,2018-02-21,2022-01-31,APPLIED,,
367,951,656,944,7702845.78,11.22,12,2020-06-15,2021-06-10,ACTIVE,2020-06-26,2020-06-28
368,187,584,864,3981857.3,13.14,36,2020-11-15,2023-10-31,ACTIVE,2020-11-18,2020-11-18
369,578,164,189,9709081.37,11.45,84,2019-01-15,2025-12-09,CLOSED,2019-01-26,2019-01-31
370,492,940,602,6357280.88,16.86,60,2020-03-21,2025-02-23,ACTIVE,2020-03-26,2020-03-29
371,497,407,424,498484.85,9.86,12,2019-08-13,2020-08-07,DEFAULTED,2019-08-23,2019-08-26
372,59,190,634,8470227.47,10.37,24,2018-11-14,2020-11-03,APPROVED,2018-11-30,2018-12-02
373,184,605,573,1470298.11,10.58,60,2020-03-31,2025-03-05,ACTIVE,2020-04-25,2020-04-27
374,319,914,688,1942414.22,7.14,36,2024-10-23,2027-10-08,ACTIVE,2024-10-25,2024-10-26
375,734,690,684,9444702.39,15.34,48,2022-06-03,2026-05-13,CLOSED,2022-06-21,2022-06-25
376,27,472,825,4353553.09,11.59,36,2024-08-20,2027-08-05,CLOSED,2024-08-27,2024-09-05
377,56,944,559,4704985.29,14.69,12,2025-05-24,2026-05-19,REJECTED,,
378,302,770,511,4058600.64,13.08,12,2018-04-09,2019-04-04,APPLIED,,
379,449,518,160,3141503.42,9.26,60,2022-05-26,2027-04-30,ACTIVE,2022-06-05,2022-06-13
380,228,442,952,6858624.47,13.81,24,2024-05-03,2026-04-23,ACTIVE,2024-05-10,2024-05-18
381,419,518,163,8794024.22,13.8,12,2018-03-09,2019-03-04,ACTIVE,2018-03-20,2018-03-29
382,186,343,807,6350455.95,8.38,120,2023-05-07,2033-03-15,CLOSED,2023-05-20,2023-05-26
383,580,769,871,1506111.39,11.47,24,2019-08-08,2021-07-28,ACTIVE,2019-09-01,2019-09-03
384,500,251,648,9457518.28,16.98,36,2022-08-19,2025-08-03,DEFAULTED,2022-09-15,2022-09-24
385,729,170,485,9611385.43,13.98,36,2021-01-12,2023-12-28,ACTIVE,2021-01-19,2021-01-29
386,697,247,260,6398433.95,12.72,12,2022-10-30,2023-10-25,ACTIVE,2022-11-03,2022-11-03
387,362,103,960,9566319.54,15.14,60,2022-05-02,2027-04-06,APPLIED,,
388,50,388,891,5156359.16,12.46,60,2024-02-27,2029-01-31,ACTIVE,2024-03-22,2024-03-30
389,713,535,979,4735209.38,11.52,48,2019-11-25,2023-11-04,APPROVED,2019-12-04,2019-12-13
390,916,261,911,239113.08,14.14,12,2025-04-16,2026-04-11,ACTIVE,2025-05-06,2025-05-11
391,86,533,981,4301078.66,11.94,24,2022-09-05,2024-08-25,CLOSED,2022-09-13,2022-09-23
392,307,280,49,8508438.88,17.42,12,2020-07-22,2021-07-17,ACTIVE,2020-07-30,2020-07-31
393,558,254,558,325210.09,15.16,24,2020-02-20,2022-02-09,APPROVED,2020-03-05,2020-03-14
394,70,824,139,6471743.73,15.67,48,2020-04-13,2024-03-23,ACTIVE,2020-04-29,2020-05-08
395,993,804,254,6334795.93,11.75,12,2018-01-10,2019-01-05,APPLIED,,
396,690,898,162,1641432.54,12.03,12,2018-11-11,2019-11-06,ACTIVE,2018-11-15,2018-11-23
397,783,376,185,359239.92,11.05,12,2020-09-11,2021-09-06,ACTIVE,2020-09-23,2020-09-25
398,222,75,951,1988731.55,16.06,60,2022-06-06,2027-05-11,ACTIVE,2022-06-28,2022-07-01
399,696,69,299,7691832.03,16.68,120,2019-12-28,2029-11-05,APPLIED,,
400,497,47,188,2481842.45,9.7,84,2022-10-13,2029-09-06,ACTIVE,2022-10-15,2022-10-16
401,188,638,357,6063732.2,15.59,84,2020-09-30,2027-08-25,APPLIED,,
402,792,468,498,6374259.02,13.77,12,2024-06-14,2025-06-09,ACTIVE,2024-06-15,2024-06-15
403,716,6,707,1096728.56,8.99,36,2018-11-21,2021-11-05,REJECTED,,
404,386,890,351,8436807.48,17.0,12,2019-12-15,2020-12-09,DEFAULTED,2020-01-12,2020-01-16
405,543,245,264,9912318.22,16.73,12,2023-09-22,2024-09-16,DEFAULTED,2023-10-08,2023-10-09
406,382,936,75,3160530.76,15.2,48,2021-06-01,2025-05-11,ACTIVE,2021-06-05,2021-06-06
407,477,1000,642,632894.68,9.82,24,2024-03-12,2026-03-02,ACTIVE,2024-03-17,2024-03-24
408,145,546,991,1904436.28,11.53,120,2020-11-08,2030-09-17,APPLIED,,
409,639,244,673,9913073.67,10.56,36,2018-02-09,2021-01-24,CLOSED,2018-02-27,2018-03-02
410,290,643,731,5700620.86,13.85,36,2020-04-19,2023-04-04,APPROVED,2020-05-02,2020-05-12
411,698,13,26,3777846.01,13.56,36,2020-05-29,2023-05-14,APPROVED,2020-06-21,2020-06-22
412,560,240,143,6848248.77,15.82,36,2020-02-05,2023-01-20,CLOSED,2020-02-18,2020-02-20
413,370,152,672,8696005.3,15.55,12,2018-12-28,2019-12-23,APPROVED,2019-01-01,2019-01-07
414,479,578,355,7269189.12,9.91,48,2020-05-31,2024-05-10,APPROVED,2020-06-13,2020-06-20
415,696,28,104,7505534.64,12.43,12,2023-01-01,2023-12-27,ACTIVE,2023-01-05,2023-01-11
416,946,480,814,8301898.1,9.22,60,2019-07-10,2024-06-13,REJECTED,,
417,8,184,328,1003714.33,13.55,48,2022-06-15,2026-05-25,CLOSED,2022-07-10,2022-07-12
418,443,454,240,7808150.77,12.7,12,2018-06-17,2019-06-12,ACTIVE,2018-06-27,2018-06-28
419,495,703,827,9314138.79,10.3,84,2025-03-09,2032-02-01,CLOSED,2025-03-19,2025-03-29
420,13,370,811,2013994.08,12.83,12,2021-02-25,2022-02-20,CLOSED,2021-02-27,2021-03-09
421,351,29,459,3257401.64,14.75,48,2023-12-02,2027-11-11,APPROVED,2023-12-13,2023-12-15
422,561,299,423,9294414.26,10.69,36,2020-08-11,2023-07-27,CLOSED,2020-08-28,2020-09-01
423,447,463,625,4946767.97,13.86,120,2024-04-09,2034-02-16,ACTIVE,2024-04-17,2024-04-17
424,667,461,403,2762386.75,10.54,12,2018-06-15,2019-06-10,ACTIVE,2018-07-02,2018-07-05
425,330,336,736,8963190.45,11.19,12,2019-11-01,2020-10-26,ACTIVE,2019-11-16,2019-11-26
426,610,454,249,9301981.21,10.52,60,2020-02-07,2025-01-11,ACTIVE,2020-02-11,2020-02-19
427,930,242,134,158277.61,11.64,24,2019-10-08,2021-09-27,APPLIED,,
428,198,262,29,4300417.64,14.55,84,2022-04-20,2029-03-14,ACTIVE,2022-04-23,2022-05-02
429,611,41,373,343228.56,13.95,84,2022-07-02,2029-05-26,ACTIVE,2022-07-05,2022-07-15
430,481,654,731,8327616.75,16.81,36,2023-04-29,2026-04-13,CLOSED,2023-05-23,2023-05-24
431,472,51,685,3959126.15,12.05,84,2022-12-07,2029-10-31,ACTIVE,2023-01-06,2023-01-14
432,570,416,975,1992664.05,15.52,12,2019-11-01,2020-10-26,CLOSED,2019-11-27,2019-12-01
433,850,58,459,7395847.11,15.89,48,2021-06-15,2025-05-25,ACTIVE,2021-07-03,2021-07-13
434,83,963,253,5446966.83,13.7,120,2019-05-09,2029-03-17,ACTIVE,2019-06-08,2019-06-09
435,103,772,972,8452933.87,11.42,12,2021-10-05,2022-09-30,ACTIVE,2021-10-21,2021-10-27
436,476,450,427,9026086.01,12.3,84,2021-10-17,2028-09-10,APPLIED,,
437,579,409,756,338424.94,14.8,120,2024-05-16,2034-03-25,APPROVED,2024-05-20,2024-05-27
438,433,314,340,797259.13,13.67,12,2023-03-27,2024-03-21,CLOSED,2023-03-29,2023-03-31
439,906,157,682,2096075.45,10.22,24,2021-12-04,2023-11-24,REJECTED,,
440,313,463,517,8746057.43,15.59,60,2025-05-15,2030-04-19,APPLIED,,
441,883,195,747,1530245.91,14.42,84,2021-12-18,2028-11-11,ACTIVE,2022-01-08,2022-01-10
442,545,275,537,5662083.11,8.54,120,2020-08-23,2030-07-02,ACTIVE,2020-09-09,2020-09-16
443,179,470,981,1755402.57,11.54,24,2020-02-18,2022-02-07,APPROVED,2020-03-13,2020-03-18
444,718,484,914,6860393.27,11.87,84,2020-11-10,2027-10-05,APPLIED,,
445,836,628,249,5774495.77,11.57,60,2022-10-02,2027-09-06,APPROVED,2022-10-22,2022-10-30
446,316,785,394,2897509.02,13.67,12,2019-07-09,2020-07-03,ACTIVE,2019-07-17,2019-07-26
447,571,239,327,7242222.73,9.32,60,2025-08-05,2030-07-10,ACTIVE,2025-08-28,2025-08-31
448,618,80,567,7343775.0,15.09,120,2023-02-03,2032-12-12,ACTIVE,2023-03-01,2023-03-03
449,485,255,342,9734430.06,11.25,12,2020-08-19,2021-08-14,CLOSED,2020-09-17,2020-09-17
450,962,400,646,1622473.93,17.71,24,2022-08-11,2024-07-31,ACTIVE,2022-08-19,2022-08-23
451,799,61,120,2654942.06,13.32,48,2019-01-12,2022-12-22,ACTIVE,2019-02-04,2019-02-07
452,262,904,706,9850244.43,13.01,24,2022-08-30,2024-08-19,APPROVED,2022-09-05,2022-09-13
453,570,430,187,8874597.42,15.03,12,2023-02-25,2024-02-20,APPLIED,,
454,283,273,373,3662544.3,15.61,84,2025-04-26,2032-03-20,DEFAULTED,2025-05-03,2025-05-07
455,893,298,957,1515616.82,8.58,48,2023-03-29,2027-03-08,ACTIVE,2023-04-27,2023-05-06
456,272,301,582,3357875.78,9.65,36,2019-11-14,2022-10-29,CLOSED,2019-11-17,2019-11-27
457,568,545,736,3027862.06,14.28,12,2021-05-14,2022-05-09,ACTIVE,2021-05-31,2021-06-01
458,921,376,77,1656129.15,7.6,36,2022-07-29,2025-07-13,APPROVED,2022-08-14,2022-08-24
459,626,178,924,2554169.58,10.14,12,2019-12-31,2020-12-25,ACTIVE,2020-01-29,2020-02-06
460,453,178,260,4437224.8,10.04,12,2020-05-28,2021-05-23,ACTIVE,2020-06-17,2020-06-26
461,541,904,508,3777839.04,13.93,36,2019-04-30,2022-04-14,ACTIVE,2019-05-28,2019-05-28
462,63,476,324,8104734.37,12.38,48,2025-04-20,2029-03-30,APPLIED,,
463,542,226,878,2815693.24,17.34,12,2019-12-28,2020-12-22,DEFAULTED,2020-01-26,2020-01-29
464,50,348,981,4682098.89,12.66,24,2019-12-04,2021-11-23,APPROVED,2019-12-28,2019-12-31
465,79,27,742,5056562.77,8.45,120,2022-07-15,2032-05-23,REJECTED,,
466,926,973,245,7440725.09,12.76,84,2025-08-19,2032-07-13,CLOSED,2025-09-01,2025-09-03
467,316,211,763,522086.04,14.37,120,2018-10-18,2028-08-26,DEFAULTED,2018-11-08,2018-11-14
468,14,436,431,7376994.14,11.21,48,2019-04-13,2023-03-23,CLOSED,2019-04-26,2019-05-05
469,642,424,249,7512017.72,13.62,60,2024-10-22,2029-09-26,APPLIED,,
470,832,151,819,8590092.48,7.64,84,2023-07-05,2030-05-29,ACTIVE,2023-07-28,2023-08-07
471,38,396,347,139094.44,11.61,48,2020-12-26,2024-12-05,ACTIVE,2021-01-07,2021-01-16
472,10,105,111,9008899.48,15.56,48,2019-07-23,2023-07-02,CLOSED,2019-07-30,2019-07-31
473,426,46,2,9102252.63,16.26,84,2020-02-06,2026-12-31,DEFAULTED,2020-02-22,2020-02-24
474,572,951,831,6228791.02,12.46,24,2023-09-26,2025-09-15,REJECTED,,
475,655,137,116,9258757.09,11.75,84,2022-05-21,2029-04-14,CLOSED,2022-05-30,2022-06-08
476,562,303,145,3750660.31,12.89,120,2024-12-08,2034-10-17,ACTIVE,2024-12-21,2024-12-30
477,620,834,652,7536897.93,10.21,84,2020-12-06,2027-10-31,APPROVED,2021-01-05,2021-01-05
478,663,70,293,893534.26,14.81,120,2019-07-13,2029-05-21,APPROVED,2019-07-14,2019-07-24
479,488,229,863,4908959.19,10.0,36,2023-12-25,2026-12-09,DEFAULTED,2023-12-28,2024-01-02
480,593,378,174,5212249.37,14.76,48,2021-08-12,2025-07-22,CLOSED,2021-09-04,2021-09-13
481,280,468,999,3270502.02,13.61,120,2022-11-25,2032-10-03,APPROVED,2022-12-20,2022-12-27
482,720,784,624,5063238.03,10.08,120,2018-04-28,2028-03-06,ACTIVE,2018-05-14,2018-05-21
483,589,481,676,8216906.51,12.81,12,2020-05-05,2021-04-30,ACTIVE,2020-05-19,2020-05-19
484,481,320,738,6276059.99,11.63,84,2024-07-30,2031-06-24,APPROVED,2024-08-08,2024-08-18
485,549,106,325,94196.91,14.48,60,2020-07-30,2025-07-04,ACTIVE,2020-08-07,2020-08-12
486,997,828,445,7433642.36,13.44,60,2023-12-14,2028-11-17,ACTIVE,2024-01-01,2024-01-11
487,420,634,648,9640110.77,15.81,36,2018-03-03,2021-02-15,CLOSED,2018-03-17,2018-03-20
488,366,315,693,4706629.52,14.7,12,2018-03-12,2019-03-07,DEFAULTED,2018-03-23,2018-03-24
489,817,176,90,616557.57,13.46,36,2019-06-15,2022-05-30,ACTIVE,2019-07-07,2019-07-09
490,389,319,859,6571232.62,10.94,24,2023-11-27,2025-11-16,APPLIED,,
491,804,134,876,2810359.34,10.36,12,2018-09-07,2019-09-02,ACTIVE,2018-10-03,2018-10-12
492,649,240,330,4082532.78,11.36,48,2019-10-08,2023-09-17,CLOSED,2019-10-29,2019-11-01
493,482,792,465,7649660.03,10.29,36,2021-09-17,2024-09-01,APPLIED,,
494,458,741,916,4202695.38,15.05,36,2022-01-24,2025-01-08,CLOSED,2022-02-04,2022-02-11
495,918,229,498,8761060.42,13.18,12,2021-12-15,2022-12-10,CLOSED,2022-01-08,2022-01-10
496,339,78,175,1746798.24,13.13,24,2024-03-06,2026-02-24,CLOSED,2024-03-20,2024-03-27
497,813,607,866,6420214.52,8.16,24,2023-07-08,2025-06-27,CLOSED,2023-08-02,2023-08-04
498,873,162,873,4828932.2,12.84,36,2019-12-19,2022-12-03,ACTIVE,2020-01-07,2020-01-17
499,780,868,439,3311165.47,12.02,48,2024-12-31,2028-12-10,ACTIVE,2025-01-09,2025-01-19
500,895,599,974,9358923.19,16.92,60,2019-08-06,2024-07-10,APPLIED,,
501,230,681,530,3427219.88,12.02,12,2018-01-04,2018-12-30,APPLIED,,
502,269,778,92,3457762.22,11.6,120,2019-06-12,2029-04-20,APPROVED,2019-06-26,2019-07-05
503,758,328,482,8894977.33,8.03,60,2024-02-04,2029-01-08,ACTIVE,2024-02-27,2024-03-01
504,692,965,623,8713932.09,12.27,84,2020-10-11,2027-09-05,ACTIVE,2020-10-31,2020-11-04
505,428,73,320,1351867.87,12.41,84,2019-11-18,2026-10-12,APPLIED,,
506,61,524,363,1450336.31,10.47,48,2020-10-04,2024-09-13,APPROVED,2020-11-02,2020-11-08
507,79,71,540,6008242.29,13.66,48,2020-02-13,2024-01-23,ACTIVE,2020-03-01,2020-03-03
508,667,392,924,3525817.05,11.0,12,2020-02-12,2021-02-06,ACTIVE,2020-03-06,2020-03-14
509,43,294,105,7133389.02,8.97,48,2023-05-25,2027-05-04,APPLIED,,
510,906,825,394,530283.55,13.51,12,2025-08-06,2026-08-01,APPROVED,2025-08-23,2025-08-28
511,299,289,89,5314952.64,10.66,12,2022-09-15,2023-09-10,ACTIVE,2022-10-13,2022-10-19
512,56,681,186,6785986.33,10.03,60,2020-03-26,2025-02-28,APPLIED,,
513,483,933,567,5425858.72,16.34,120,2018-10-01,2028-08-09,APPLIED,,
514,247,953,426,4880952.72,10.69,24,2022-08-20,2024-08-09,ACTIVE,2022-09-04,2022-09-11
515,466,246,874,4189576.04,16.19,120,2023-02-12,2032-12-21,ACTIVE,2023-02-24,2023-03-01
516,306,339,633,8861971.03,11.32,36,2023-08-28,2026-08-12,APPLIED,,
517,339,826,882,6973307.12,13.83,120,2019-03-31,2029-02-06,APPLIED,,
518,52,144,391,6261405.93,12.21,48,2022-03-02,2026-02-09,APPROVED,2022-03-29,2022-03-29
519,551,634,750,7523520.74,10.52,24,2020-10-18,2022-10-08,APPROVED,2020-11-16,2020-11-17
520,211,374,696,7464810.06,7.37,36,2025-05-06,2028-04-20,ACTIVE,2025-05-17,2025-05-17
521,476,24,147,3796334.88,11.01,120,2019-07-22,2029-05-30,CLOSED,2019-08-05,2019-08-05
522,395,451,289,7187148.48,8.09,24,2019-05-21,2021-05-10,CLOSED,2019-05-31,2019-06-04
523,835,520,489,4397945.39,14.46,48,2022-09-17,2026-08-27,REJECTED,,
524,576,251,753,9888020.0,9.58,60,2023-01-31,2028-01-05,ACTIVE,2023-02-27,2023-03-08
525,465,256,56,1783935.65,8.37,84,2022-11-25,2029-10-19,ACTIVE,2022-12-22,2022-12-29
526,941,173,354,1718901.43,9.52,36,2020-07-26,2023-07-11,CLOSED,2020-08-20,2020-08-25
527,520,635,212,4566808.86,14.37,12,2019-10-21,2020-10-15,ACTIVE,2019-10-27,2019-11-04
528,271,544,785,5615426.3,11.27,24,2024-08-20,2026-08-10,ACTIVE,2024-09-16,2024-09-25
529,977,984,308,8310005.82,12.64,12,2018-12-05,2019-11-30,ACTIVE,2018-12-29,2019-01-03
530,640,597,69,7503943.96,15.89,60,2021-02-05,2026-01-10,ACTIVE,2021-03-04,2021-03-10
531,673,301,306,4353961.91,11.63,12,2019-08-15,2020-08-09,APPROVED,2019-09-03,2019-09-03
532,31,265,75,9686920.82,13.0,48,2019-10-02,2023-09-11,REJECTED,,
533,900,875,756,5286872.79,14.84,120,2022-02-05,2031-12-15,ACTIVE,2022-02-21,2022-02-21
534,807,71,515,5899828.38,14.65,84,2024-09-19,2031-08-14,ACTIVE,2024-10-14,2024-10-14
535,128,915,702,3047548.54,13.42,48,2018-06-28,2022-06-07,CLOSED,2018-07-18,2018-07-28
536,772,234,434,4926420.84,17.05,84,2021-11-08,2028-10-02,DEFAULTED,2021-12-02,2021-12-04
537,930,516,715,327195.74,13.92,36,2021-06-22,2024-06-06,ACTIVE,2021-07-07,2021-07-14
538,922,729,34,8295122.98,15.5,12,2021-01-10,2022-01-05,CLOSED,2021-01-24,2021-01-24
539,690,255,109,4165373.81,14.09,48,2021-05-05,2025-04-14,APPLIED,,
540,500,602,633,1318651.65,13.23,36,2018-12-26,2021-12-10,ACTIVE,2019-01-04,2019-01-09
541,493,332,864,1815995.03,13.43,36,2025-04-06,2028-03-21,APPROVED,2025-04-23,2025-05-03
542,895,207,891,1298745.97,14.03,60,2022-06-25,2027-05-30,ACTIVE,2022-07-24,2022-08-01
543,347,943,93,9596745.62,16.46,84,2022-09-29,2029-08-23,DEFAULTED,2022-10-12,2022-10-20
544,958,521,72,3507885.12,13.83,36,2019-03-26,2022-03-10,ACTIVE,2019-04-07,2019-04-13
545,694,427,83,8603061.62,15.37,24,2024-07-12,2026-07-02,CLOSED,2024-07-14,2024-07-23
546,246,431,957,7475375.63,9.82,48,2022-07-27,2026-07-06,ACTIVE,2022-08-07,2022-08-16
547,904,380,322,1238214.59,13.47,60,2018-10-21,2023-09-25,APPROVED,2018-11-09,2018-11-14
548,426,193,192,1360403.62,16.37,12,2018-11-02,2019-10-28,ACTIVE,2018-11-14,2018-11-20
549,622,414,69,5954916.12,13.42,60,2019-08-19,2024-07-23,ACTIVE,2019-09-02,2019-09-11
550,462,866,757,8925213.62,10.56,48,2022-05-08,2026-04-17,ACTIVE,2022-05-26,2022-05-30
551,539,494,585,7548959.55,9.02,12,2024-10-20,2025-10-15,REJECTED,,
552,758,203,88,5737952.51,14.72,48,2018-08-28,2022-08-07,ACTIVE,2018-09-13,2018-09-23
553,53,267,726,2088413.68,8.96,48,2020-01-21,2023-12-31,APPROVED,2020-02-02,2020-02-11
554,750,81,433,2541874.61,15.06,36,2019-05-09,2022-04-23,APPLIED,,
555,289,416,601,9171307.59,14.02,120,2019-03-30,2029-02-05,ACTIVE,2019-04-06,2019-04-07
556,772,621,93,5728147.15,15.75,84,2022-10-08,2029-09-01,APPROVED,2022-10-30,2022-11-09
557,18,857,537,3660066.53,8.02,120,2022-05-10,2032-03-18,APPLIED,,
558,808,154,178,1966849.32,11.53,48,2021-11-27,2025-11-06,ACTIVE,2021-12-04,2021-12-14
559,755,362,503,4574999.4,9.47,24,2021-03-31,2023-03-21,APPROVED,2021-04-20,2021-04-28
560,317,820,67,68578.38,9.47,36,2018-02-04,2021-01-19,CLOSED,2018-02-27,2018-02-27
561,223,876,763,1635505.26,11.91,120,2020-06-11,2030-04-20,CLOSED,2020-06-21,2020-06-29
562,179,727,456,3080829.45,16.49,120,2022-04-10,2032-02-17,APPROVED,2022-05-06,2022-05-11
563,131,700,743,2331219.32,10.35,12,2022-08-20,2023-08-15,APPLIED,,
564,571,528,708,7540318.3,10.19,120,2020-09-21,2030-07-31,CLOSED,2020-10-09,2020-10-09
565,704,864,440,8576628.17,15.64,60,2024-07-14,2029-06-18,ACTIVE,2024-08-05,2024-08-11
566,990,143,678,717718.17,14.21,60,2025-04-14,2030-03-19,REJECTED,,
567,896,66,728,1074598.55,14.35,24,2019-11-02,2021-10-22,ACTIVE,2019-11-05,2019-11-12
568,497,815,618,348699.19,15.41,48,2025-02-24,2029-02-03,ACTIVE,2025-03-09,2025-03-15
569,235,402,667,7214418.1,10.32,24,2023-05-21,2025-05-10,APPROVED,2023-05-24,2023-06-03
570,253,163,425,9518987.33,10.36,36,2023-10-13,2026-09-27,APPROVED,2023-10-14,2023-10-17
571,206,701,504,6130549.71,9.91,12,2025-06-28,2026-06-23,ACTIVE,2025-07-07,2025-07-07
572,853,231,503,3644208.72,9.28,24,2020-03-21,2022-03-11,ACTIVE,2020-03-25,2020-04-04
573,206,160,728,2546788.36,13.1,24,2023-01-10,2024-12-30,REJECTED,,
574,338,425,463,8313150.0,14.59,12,2021-11-03,2022-10-29,APPLIED,,
575,826,849,803,7329236.7,11.18,24,2022-07-08,2024-06-27,ACTIVE,2022-07-26,2022-07-26
576,468,809,69,1301726.57,16.52,60,2022-06-19,2027-05-24,ACTIVE,2022-06-29,2022-07-08
577,300,815,555,6056142.96,11.95,24,2019-10-18,2021-10-07,CLOSED,2019-11-07,2019-11-15
578,244,520,515,8999636.83,15.24,84,2018-10-30,2025-09-23,ACTIVE,2018-11-08,2018-11-17
579,479,453,509,4165876.37,16.13,24,2020-10-04,2022-09-24,ACTIVE,2020-10-07,2020-10-13
580,878,361,452,4168612.82,9.53,84,2023-09-13,2030-08-07,DEFAULTED,2023-09-19,2023-09-21
581,721,970,825,7521194.75,9.43,36,2024-05-13,2027-04-28,ACTIVE,2024-06-04,2024-06-08
582,726,952,578,6680778.37,14.31,12,2019-06-21,2020-06-15,ACTIVE,2019-07-09,2019-07-13
583,595,798,304,1937633.22,10.67,120,2020-11-14,2030-09-23,CLOSED,2020-11-25,2020-12-02
584,492,854,829,9868184.17,17.28,120,2018-11-11,2028-09-19,CLOSED,2018-11-19,2018-11-27
585,549,865,448,3465449.7,15.57,24,2018-05-20,2020-05-09,CLOSED,2018-06-08,2018-06-09
586,715,377,609,3499454.12,11.54,36,2022-12-22,2025-12-06,ACTIVE,2022-12-27,2022-12-30
587,578,714,667,9731091.01,10.99,24,2022-02-02,2024-01-23,REJECTED,,
588,775,606,775,1923280.4,12.63,12,2019-04-25,2020-04-19,ACTIVE,2019-05-05,2019-05-06
589,158,653,471,355375.01,11.55,48,2024-04-20,2028-03-30,CLOSED,2024-05-12,2024-05-15
590,420,36,723,5333976.49,11.89,84,2022-12-01,2029-10-25,APPLIED,,
591,685,144,30,9028693.79,16.9,36,2025-02-09,2028-01-25,CLOSED,2025-02-27,2025-03-07
592,103,967,69,1621535.92,16.12,60,2024-06-24,2029-05-29,ACTIVE,2024-07-07,2024-07-14
593,439,226,454,1680723.18,11.74,120,2025-04-03,2035-02-10,ACTIVE,2025-04-13,2025-04-17
594,516,230,918,3784585.95,16.02,24,2018-01-04,2019-12-25,ACTIVE,2018-01-08,2018-01-17
595,645,714,3,3507693.2,11.9,48,2021-08-28,2025-08-07,ACTIVE,2021-09-07,2021-09-10
596,604,418,501,4809246.22,12.36,24,2022-05-21,2024-05-10,CLOSED,2022-05-28,2022-06-06
597,250,78,402,2550012.94,9.86,60,2024-08-15,2029-07-20,DEFAULTED,2024-08-26,2024-08-30
598,436,916,563,6555334.24,10.56,120,2020-09-14,2030-07-24,CLOSED,2020-09-16,2020-09-21
599,530,992,515,4316112.51,12.1,84,2019-10-21,2026-09-14,ACTIVE,2019-10-25,2019-10-27
600,991,604,821,1802169.09,17.71,48,2022-09-15,2026-08-25,APPLIED,,
601,279,508,797,5108491.56,10.72,24,2018-05-14,2020-05-03,ACTIVE,2018-05-31,2018-05-31
602,314,15,870,951704.08,10.98,48,2019-05-16,2023-04-25,CLOSED,2019-06-05,2019-06-12
603,788,751,14,456808.81,14.42,120,2024-07-03,2034-05-12,ACTIVE,2024-08-01,2024-08-01
604,462,215,532,5089355.76,9.68,120,2022-05-27,2032-04-04,ACTIVE,2022-06-21,2022-06-24
605,646,317,746,4986661.11,9.98,84,2022-07-05,2029-05-29,CLOSED,2022-07-13,2022-07-22
606,652,993,34,5566998.74,14.63,12,2020-05-12,2021-05-07,APPLIED,,
607,544,326,970,5773641.67,9.68,36,2023-11-15,2026-10-30,APPROVED,2023-11-19,2023-11-22
608,983,14,359,2973240.81,16.35,48,2024-01-28,2028-01-07,ACTIVE,2024-02-18,2024-02-20
609,368,646,70,1080467.83,15.14,12,2024-07-15,2025-07-10,ACTIVE,2024-07-22,2024-07-27
610,616,308,881,7492491.58,9.01,48,2019-11-12,2023-10-22,ACTIVE,2019-11-22,2019-11-23
611,846,186,322,5668934.5,14.31,60,2024-08-12,2029-07-17,APPLIED,,
612,700,234,779,7727419.72,13.26,60,2024-01-31,2029-01-04,CLOSED,2024-02-22,2024-02-28
613,480,399,874,4330549.19,17.1,120,2022-05-06,2032-03-14,CLOSED,2022-06-02,2022-06-10
614,592,961,328,8967913.85,16.14,48,2020-04-07,2024-03-17,CLOSED,2020-05-04,2020-05-08
615,18,664,218,5663541.47,12.09,12,2023-04-11,2024-04-05,ACTIVE,2023-04-29,2023-05-06
616,294,298,686,7012228.61,11.4,24,2023-12-03,2025-11-22,APPLIED,,
617,202,418,245,1652745.49,13.64,84,2025-06-14,2032-05-08,APPROVED,2025-07-04,2025-07-14
618,839,459,723,134808.56,11.29,84,2022-04-14,2029-03-08,APPROVED,2022-04-20,2022-04-20
619,484,126,357,9337378.11,14.24,84,2024-03-06,2031-01-29,ACTIVE,2024-03-14,2024-03-17
620,845,888,108,822906.41,10.66,48,2022-08-27,2026-08-06,APPLIED,,
621,449,850,460,4089617.36,15.31,36,2018-10-20,2021-10-04,ACTIVE,2018-11-12,2018-11-22
622,573,566,622,1390998.76,8.42,36,2020-07-21,2023-07-06,APPLIED,,
623,160,544,994,9826530.87,10.39,48,2022-11-29,2026-11-08,APPROVED,2022-12-11,2022-12-19
624,640,771,930,1897711.3,10.89,60,2018-02-22,2023-01-27,APPROVED,2018-02-23,2018-03-01
625,449,501,543,4847636.22,13.43,24,2025-03-20,2027-03-10,APPROVED,2025-04-14,2025-04-23
626,484,679,952,1790925.59,15.08,24,2023-03-22,2025-03-11,APPLIED,,
627,946,415,289,5783066.71,8.47,24,2020-11-25,2022-11-15,ACTIVE,2020-11-29,2020-12-03
628,324,235,464,3596171.81,10.72,60,2022-12-22,2027-11-26,CLOSED,2023-01-17,2023-01-21
629,695,831,972,8244811.23,10.27,12,2021-08-16,2022-08-11,APPLIED,,
630,430,671,864,9483999.89,14.34,36,2018-07-18,2021-07-02,CLOSED,2018-08-14,2018-08-22
631,375,972,107,7630880.76,7.57,48,2019-04-05,2023-03-15,ACTIVE,2019-04-19,2019-04-26
632,915,256,807,2360623.38,11.18,120,2018-11-02,2028-09-10,ACTIVE,2018-11-16,2018-11-20
633,754,431,507,9932209.35,11.49,36,2018-09-04,2021-08-19,ACTIVE,2018-09-29,2018-10-07
634,10,994,624,5468731.56,9.73,120,2020-05-08,2030-03-17,REJECTED,,
635,881,597,229,2628809.99,8.18,36,2018-09-05,2021-08-20,APPROVED,2018-09-21,2018-09-26
636,522,976,439,563625.39,15.06,48,2021-05-10,2025-04-19,CLOSED,2021-06-08,2021-06-13
637,386,208,705,2448396.61,9.75,36,2024-01-23,2027-01-07,ACTIVE,2024-01-31,2024-02-04
638,639,995,907,3627676.92,7.82,12,2021-08-07,2022-08-02,ACTIVE,2021-08-18,2021-08-19
639,325,885,902,8744207.74,14.54,36,2023-12-13,2026-11-27,DEFAULTED,2024-01-03,2024-01-05
640,413,197,549,5461963.85,15.45,24,2020-04-09,2022-03-30,CLOSED,2020-04-18,2020-04-28
641,757,895,930,1496171.39,8.52,60,2019-03-27,2024-02-29,ACTIVE,2019-04-20,2019-04-30
642,400,792,165,7166802.44,9.76,48,2025-02-01,2029-01-11,ACTIVE,2025-03-03,2025-03-10
643,982,754,257,4839945.13,13.57,48,2020-01-07,2023-12-17,REJECTED,,
644,221,648,481,294625.3,9.42,120,2021-11-12,2031-09-21,ACTIVE,2021-11-21,2021-11-28
645,574,776,455,7533387.86,13.16,36,2022-08-20,2025-08-04,ACTIVE,2022-09-08,2022-09-11
646,941,126,816,6126565.8,14.75,120,2024-05-31,2034-04-09,REJECTED,,
647,93,791,814,7141610.99,7.77,60,2020-07-02,2025-06-06,APPLIED,,
648,772,714,1,8677051.27,15.82,48,2022-05-24,2026-05-03,APPROVED,2022-06-01,2022-06-11
649,594,257,889,7336828.38,10.46,36,2022-01-16,2024-12-31,APPROVED,2022-01-28,2022-02-01
650,66,864,553,6148515.62,9.83,12,2023-12-11,2024-12-05,CLOSED,2024-01-10,2024-01-13
651,88,268,785,85821.8,11.25,24,2021-11-22,2023-11-12,ACTIVE,2021-11-23,2021-11-26
652,927,937,163,5075608.95,12.55,12,2020-02-21,2021-02-15,ACTIVE,2020-03-02,2020-03-11
653,10,316,458,5816741.01,16.28,36,2022-04-07,2025-03-22,ACTIVE,2022-04-11,2022-04-17
654,849,813,516,5862922.4,11.0,60,2019-07-25,2024-06-28,APPLIED,,
655,152,799,757,7947874.09,8.57,48,2022-09-08,2026-08-18,APPROVED,2022-09-26,2022-10-02
656,929,550,322,3890049.87,15.66,60,2020-05-11,2025-04-15,APPROVED,2020-05-24,2020-05-24
657,702,697,537,8248855.16,10.41,120,2019-12-18,2029-10-26,APPROVED,2020-01-06,2020-01-08
658,872,371,558,4421653.74,15.66,24,2025-04-20,2027-04-10,ACTIVE,2025-05-03,2025-05-10
659,956,897,681,2174010.78,8.84,60,2022-06-13,2027-05-18,APPROVED,2022-06-14,2022-06-22
660,301,397,43,1076121.64,14.22,120,2022-06-03,2032-04-11,REJECTED,,
661,156,527,788,192100.91,17.31,84,2022-07-18,2029-06-11,ACTIVE,2022-07-20,2022-07-28
662,846,830,291,7839750.3,10.99,12,2021-02-26,2022-02-21,ACTIVE,2021-03-19,2021-03-20
663,444,827,246,2578564.34,9.8,48,2020-06-30,2024-06-09,CLOSED,2020-07-22,2020-07-22
664,235,966,98,657577.71,17.01,60,2019-02-06,2024-01-11,ACTIVE,2019-02-14,2019-02-20
665,442,184,770,9712388.55,9.64,60,2022-01-26,2026-12-31,CLOSED,2022-02-05,2022-02-06
666,298,769,3,5357547.17,10.59,48,2024-11-25,2028-11-04,DEFAULTED,2024-12-23,2024-12-29
667,156,167,917,5770625.04,9.29,84,2019-03-03,2026-01-25,ACTIVE,2019-03-20,2019-03-24
668,540,438,82,412031.74,13.67,84,2022-08-26,2029-07-20,CLOSED,2022-09-19,2022-09-29
669,810,62,188,8669735.38,11.06,84,2021-04-28,2028-03-22,ACTIVE,2021-04-29,2021-05-09
670,107,453,269,6144207.55,15.41,60,2023-09-25,2028-08-29,CLOSED,2023-10-15,2023-10-16
671,931,843,737,3828361.99,11.13,24,2021-07-03,2023-06-23,APPROVED,2021-07-04,2021-07-10
672,399,642,504,5479604.79,8.19,12,2023-04-12,2024-04-06,CLOSED,2023-04-20,2023-04-22
673,931,78,441,3524001.08,12.58,12,2025-08-30,2026-08-25,APPROVED,2025-09-28,2025-10-01
674,793,538,586,1990669.4,8.25,84,2020-11-07,2027-10-02,CLOSED,2020-11-08,2020-11-15
675,79,820,70,6440279.05,11.33,12,2023-03-16,2024-03-10,CLOSED,2023-04-05,2023-04-13
676,384,25,173,2476634.7,13.27,48,2021-11-18,2025-10-28,ACTIVE,2021-12-12,2021-12-12
677,861,436,445,4472840.39,10.95,60,2021-10-23,2026-09-27,APPROVED,2021-10-31,2021-11-10
678,204,795,125,5021179.01,7.83,48,2023-02-08,2027-01-18,ACTIVE,2023-02-19,2023-02-24
679,262,754,830,706577.69,14.61,60,2024-03-12,2029-02-14,ACTIVE,2024-03-22,2024-03-31
680,183,161,6,8215862.58,12.84,48,2025-07-13,2029-06-22,DEFAULTED,2025-07-16,2025-07-21
681,806,670,186,523208.68,9.86,60,2025-08-17,2030-07-22,ACTIVE,2025-08-21,2025-08-28
682,894,402,561,85675.02,12.05,12,2019-10-09,2020-10-03,ACTIVE,2019-10-23,2019-10-25
683,343,989,47,8517823.47,10.43,24,2023-05-09,2025-04-28,CLOSED,2023-06-01,2023-06-03
684,286,768,941,6021422.49,9.0,24,2024-09-26,2026-09-16,APPROVED,2024-09-28,2024-10-01
685,838,988,705,7516495.35,10.38,36,2019-11-21,2022-11-05,ACTIVE,2019-12-11,2019-12-17
686,834,156,808,9733083.08,10.27,120,2023-09-03,2033-07-12,REJECTED,,
687,303,49,777,9130293.52,16.4,24,2025-08-13,2027-08-03,CLOSED,2025-08-29,2025-09-08
688,403,364,264,2144342.74,15.93,12,2020-12-25,2021-12-20,APPROVED,2021-01-18,2021-01-26
689,776,365,756,5269223.85,13.62,120,2018-04-18,2028-02-25,ACTIVE,2018-05-09,2018-05-13
690,841,99,295,5588419.9,12.33,24,2019-06-09,2021-05-29,ACTIVE,2019-06-11,2019-06-19
691,327,832,21,3360364.32,9.15,36,2021-01-20,2024-01-05,DEFAULTED,2021-02-06,2021-02-13
692,677,109,343,5866286.0,12.74,24,2019-04-28,2021-04-17,ACTIVE,2019-05-28,2019-05-31
693,478,500,175,1092488.02,14.27,24,2023-06-03,2025-05-23,APPROVED,2023-06-12,2023-06-19
694,587,708,238,5701600.86,14.12,48,2023-04-16,2027-03-26,APPLIED,,
695,963,258,875,7156852.42,6.74,24,2020-11-15,2022-11-05,ACTIVE,2020-12-02,2020-12-12
696,912,517,705,2806558.94,12.71,36,2022-06-11,2025-05-26,ACTIVE,2022-07-11,2022-07-18
697,773,214,491,2973025.42,14.13,60,2022-03-30,2027-03-04,ACTIVE,2022-03-31,2022-04-07
698,139,225,404,3815533.28,7.48,48,2021-04-11,2025-03-21,CLOSED,2021-05-07,2021-05-14
699,270,107,152,116466.38,7.46,24,2018-01-07,2019-12-28,APPROVED,2018-01-24,2018-02-02
700,216,514,655,1580812.16,10.46,84,2019-06-28,2026-05-22,CLOSED,2019-07-20,2019-07-29
701,641,289,5,3096054.52,15.39,36,2022-02-04,2025-01-19,APPLIED,,
702,19,141,406,6096619.11,15.53,60,2023-06-02,2028-05-06,REJECTED,,
703,383,136,707,9184410.11,8.33,36,2021-04-01,2024-03-16,DEFAULTED,2021-05-01,2021-05-01
704,223,683,759,1031539.07,7.64,12,2023-04-09,2024-04-03,ACTIVE,2023-04-24,2023-04-29
705,154,268,855,6492877.33,7.88,36,2021-10-17,2024-10-01,APPROVED,2021-10-30,2021-11-03
706,161,625,850,8797914.38,11.99,120,2024-11-16,2034-09-25,APPROVED,2024-11-23,2024-12-02
707,782,367,247,6014185.1,10.75,60,2022-06-15,2027-05-20,APPLIED,,
708,670,551,355,1922649.88,11.65,48,2024-04-08,2028-03-18,CLOSED,2024-05-07,2024-05-10
709,298,722,886,350442.16,10.97,12,2024-12-12,2025-12-07,CLOSED,2024-12-28,2025-01-01
710,467,337,279,7288764.25,7.35,60,2025-05-03,2030-04-07,ACTIVE,2025-05-18,2025-05-18
711,283,780,603,9530005.15,8.12,36,2022-09-05,2025-08-20,ACTIVE,2022-09-08,2022-09-17
712,318,374,843,7928973.66,12.49,48,2021-10-09,2025-09-18,ACTIVE,2021-10-24,2021-10-27
713,625,395,97,7808962.53,9.8,24,2020-04-01,2022-03-22,CLOSED,2020-04-10,2020-04-10
714,352,482,211,9089810.6,12.17,84,2024-07-05,2031-05-30,APPLIED,,
715,53,532,887,7470891.66,15.04,84,2019-03-25,2026-02-16,CLOSED,2019-04-10,2019-04-15
716,440,640,655,2815242.32,7.96,84,2023-04-25,2030-03-19,CLOSED,2023-05-25,2023-05-27
717,825,107,920,6862800.37,16.83,120,2023-09-05,2033-07-14,ACTIVE,2023-09-20,2023-09-21
718,694,737,435,9531231.34,14.65,60,2019-02-18,2024-01-23,ACTIVE,2019-03-07,2019-03-14
719,186,238,421,2510108.07,10.37,48,2019-05-02,2023-04-11,APPLIED,,
720,551,880,340,4424554.41,12.29,12,2022-09-15,2023-09-10,ACTIVE,2022-10-15,2022-10-16
721,964,149,395,3310533.4,13.79,60,2019-10-17,2024-09-20,ACTIVE,2019-10-20,2019-10-28
722,993,148,862,7713478.1,17.75,48,2019-11-12,2023-10-22,CLOSED,2019-12-07,2019-12-15
723,639,657,869,5363578.65,8.79,60,2025-04-10,2030-03-15,APPROVED,2025-04-29,2025-05-09
724,597,66,640,8797897.96,12.01,36,2023-12-11,2026-11-25,APPROVED,2024-01-04,2024-01-09
725,694,574,798,3380608.71,13.69,36,2023-03-21,2026-03-05,CLOSED,2023-03-23,2023-03-27
726,220,467,921,4192455.81,9.18,48,2021-08-07,2025-07-17,ACTIVE,2021-08-20,2021-08-27
727,23,505,842,1276411.15,12.28,36,2020-11-12,2023-10-28,APPROVED,2020-12-05,2020-12-06
728,278,768,313,72552.08,8.98,24,2021-01-18,2023-01-08,APPLIED,,
729,456,379,421,499100.44,8.27,48,2019-05-19,2023-04-28,APPLIED,,
730,433,320,993,7766242.72,8.79,12,2024-10-23,2025-10-18,ACTIVE,2024-11-11,2024-11-17
731,537,759,166,1805826.41,15.42,24,2025-06-03,2027-05-24,CLOSED,2025-06-27,2025-07-01
732,158,465,947,2101018.81,10.88,120,2024-08-08,2034-06-17,CLOSED,2024-08-27,2024-09-05
733,153,918,885,3779597.87,11.45,12,2025-03-14,2026-03-09,DEFAULTED,2025-03-30,2025-04-02
734,832,421,418,6329143.11,11.27,36,2021-02-03,2024-01-19,ACTIVE,2021-02-15,2021-02-23
735,923,856,473,8371337.24,16.24,48,2025-06-25,2029-06-04,REJECTED,,
736,250,978,683,4868933.8,11.56,84,2018-09-03,2025-07-28,CLOSED,2018-09-14,2018-09-17
737,998,602,763,6973786.61,12.52,120,2024-08-14,2034-06-23,APPLIED,,
738,441,710,826,4980873.91,10.99,36,2021-08-19,2024-08-03,APPROVED,2021-09-01,2021-09-01
739,787,651,110,4780865.72,17.77,36,2018-03-24,2021-03-08,APPROVED,2018-04-23,2018-04-25
740,359,387,977,7943014.92,11.05,24,2019-05-11,2021-04-30,APPROVED,2019-05-15,2019-05-21
741,699,407,868,4967317.45,9.39,12,2023-05-22,2024-05-16,CLOSED,2023-05-23,2023-05-30
742,114,160,903,4506411.38,12.28,12,2023-04-04,2024-03-29,APPLIED,,
743,441,219,760,9576975.9,11.89,12,2021-04-25,2022-04-20,APPROVED,2021-05-18,2021-05-25
744,162,584,738,6094520.48,11.56,84,2021-04-19,2028-03-13,APPROVED,2021-05-07,2021-05-17
745,104,499,931,7206931.71,13.65,84,2019-07-09,2026-06-02,DEFAULTED,2019-07-15,2019-07-22
746,36,148,756,3510020.53,13.85,120,2018-10-22,2028-08-30,ACTIVE,2018-10-30,2018-11-08
747,69,327,523,3124357.18,13.69,36,2023-05-31,2026-05-15,APPLIED,,
748,429,56,846,2863459.53,12.16,48,2023-09-30,2027-09-09,APPROVED,2023-10-21,2023-10-21
749,699,210,447,6222526.72,8.74,36,2019-03-17,2022-03-01,ACTIVE,2019-04-12,2019-04-17
750,34,680,833,1888593.07,15.8,84,2020-08-31,2027-07-26,APPROVED,2020-09-23,2020-10-02
751,892,483,232,981286.98,11.2,36,2025-07-15,2028-06-29,APPLIED,,
752,834,730,443,3869585.91,10.43,60,2021-08-15,2026-07-20,APPROVED,2021-08-16,2021-08-21
753,240,754,651,1828661.65,11.24,120,2025-04-24,2035-03-03,APPLIED,,
754,884,422,579,2811532.64,13.31,24,2019-11-14,2021-11-03,DEFAULTED,2019-12-01,2019-12-07
755,936,76,478,5523989.65,13.34,48,2024-03-19,2028-02-27,CLOSED,2024-03-27,2024-04-04
756,33,977,341,4558185.96,9.21,48,2020-07-04,2024-06-13,ACTIVE,2020-07-30,2020-08-06
757,878,572,776,9356961.2,10.89,60,2022-04-26,2027-03-31,APPROVED,2022-05-07,2022-05-12
758,137,419,113,3187263.5,6.83,60,2018-02-15,2023-01-20,REJECTED,,
759,357,682,375,9818684.87,13.79,12,2019-10-03,2020-09-27,ACTIVE,2019-10-15,2019-10-15
760,576,409,545,4952484.15,9.93,84,2021-03-30,2028-02-22,APPLIED,,
761,791,196,352,9287443.52,12.52,60,2024-02-16,2029-01-20,ACTIVE,2024-03-08,2024-03-10
762,956,957,326,5635097.99,14.84,84,2022-06-23,2029-05-17,APPROVED,2022-07-07,2022-07-07
763,36,393,664,1911508.63,16.67,36,2018-09-15,2021-08-30,ACTIVE,2018-10-01,2018-10-10
764,894,774,458,6963132.6,14.71,36,2024-07-24,2027-07-09,APPROVED,2024-08-22,2024-08-30
765,257,603,343,2217901.96,12.73,24,2019-12-09,2021-11-28,ACTIVE,2019-12-16,2019-12-20
766,784,890,258,8081985.3,15.78,84,2025-04-01,2032-02-24,APPLIED,,
767,68,640,505,4259948.64,11.02,48,2020-03-19,2024-02-27,DEFAULTED,2020-04-02,2020-04-03
768,407,284,700,3798234.75,14.64,12,2022-11-03,2023-10-29,CLOSED,2022-11-11,2022-11-13
769,832,145,131,8476185.65,13.56,36,2023-01-16,2025-12-31,APPLIED,,
770,693,523,98,9803237.46,13.22,60,2021-01-09,2025-12-14,ACTIVE,2021-01-13,2021-01-15
771,597,738,454,769402.04,13.9,120,2021-01-21,2030-11-30,APPLIED,,
772,861,569,616,8803231.0,11.52,12,2020-10-05,2021-09-30,ACTIVE,2020-10-31,2020-11-04
773,568,683,783,9177276.07,15.35,24,2019-05-05,2021-04-24,CLOSED,2019-06-03,2019-06-09
774,528,113,500,7553056.98,11.12,24,2018-02-03,2020-01-24,CLOSED,2018-02-20,2018-02-20
775,332,528,555,8073963.69,12.38,24,2018-02-18,2020-02-08,ACTIVE,2018-03-11,2018-03-19
776,43,560,124,2714318.54,10.03,84,2021-03-03,2028-01-26,CLOSED,2021-03-04,2021-03-09
777,35,567,859,7423696.94,10.06,24,2018-07-17,2020-07-06,ACTIVE,2018-08-09,2018-08-12
778,350,981,657,5206221.52,16.53,120,2022-11-05,2032-09-13,CLOSED,2022-11-24,2022-12-03
779,39,650,189,9616233.46,14.05,84,2018-10-08,2025-09-01,APPLIED,,
780,719,425,583,3069433.87,10.11,60,2019-07-16,2024-06-19,REJECTED,,
781,77,165,935,9562297.48,10.78,12,2022-10-28,2023-10-23,REJECTED,,
782,850,433,795,2619873.72,13.12,84,2019-09-03,2026-07-28,CLOSED,2019-09-27,2019-10-02
783,580,537,885,1941952.28,11.37,12,2018-07-31,2019-07-26,ACTIVE,2018-08-26,2018-08-30
784,637,522,844,5621995.26,14.07,84,2024-07-23,2031-06-17,DEFAULTED,2024-08-16,2024-08-21
785,614,77,868,1763023.61,8.0,12,2024-06-28,2025-06-23,APPLIED,,
786,251,230,81,7253737.49,9.95,120,2022-11-08,2032-09-16,ACTIVE,2022-11-30,2022-12-05
787,508,733,924,8723444.48,11.63,12,2022-05-20,2023-05-15,ACTIVE,2022-06-17,2022-06-25
788,647,99,217,275860.91,12.53,60,2024-12-29,2029-12-03,ACTIVE,2024-12-31,2025-01-04
789,241,950,514,5719605.73,13.8,12,2021-04-05,2022-03-31,ACTIVE,2021-04-18,2021-04-22
790,361,41,542,3886911.43,15.05,48,2024-04-27,2028-04-06,CLOSED,2024-05-04,2024-05-06
791,788,131,868,2299793.21,9.87,12,2019-08-29,2020-08-23,REJECTED,,
792,915,745,566,9178718.61,9.05,84,2019-01-21,2025-12-15,DEFAULTED,2019-02-04,2019-02-05
793,915,223,686,8670750.5,12.08,24,2022-01-27,2024-01-17,ACTIVE,2022-02-07,2022-02-15
794,407,122,517,7471410.74,16.58,60,2023-08-27,2028-07-31,APPROVED,2023-09-04,2023-09-08
795,906,988,38,5204877.81,9.09,36,2025-02-07,2028-01-23,CLOSED,2025-02-16,2025-02-18
796,692,655,486,5173833.86,10.77,60,2024-02-14,2029-01-18,DEFAULTED,2024-02-18,2024-02-27
797,177,16,444,6138529.89,13.91,60,2024-11-16,2029-10-21,APPROVED,2024-11-28,2024-12-08
798,938,613,425,8111841.61,12.86,36,2022-11-20,2025-11-04,ACTIVE,2022-11-25,2022-11-28
799,425,552,242,874931.37,11.56,84,2021-10-26,2028-09-19,APPROVED,2021-11-04,2021-11-05
800,546,211,628,7408322.85,12.59,24,2021-11-11,2023-11-01,REJECTED,,
801,651,482,856,5632185.7,14.76,36,2018-05-15,2021-04-29,APPROVED,2018-06-10,2018-06-12
802,916,527,19,924908.54,15.33,60,2018-11-27,2023-11-01,ACTIVE,2018-11-28,2018-12-04
803,134,578,304,3660403.93,10.92,120,2019-07-01,2029-05-09,CLOSED,2019-07-23,2019-08-01
804,294,274,466,2270937.77,11.64,60,2020-05-24,2025-04-28,APPROVED,2020-06-22,2020-07-02
805,289,714,253,6231784.71,11.19,120,2020-06-07,2030-04-16,APPROVED,2020-06-15,2020-06-16
806,847,542,442,8387892.69,11.56,12,2023-04-04,2024-03-29,CLOSED,2023-04-25,2023-04-25
807,910,435,433,6415324.42,17.96,36,2020-11-18,2023-11-03,ACTIVE,2020-12-09,2020-12-19
808,140,770,53,7138682.72,11.31,24,2025-06-04,2027-05-25,CLOSED,2025-06-14,2025-06-14
809,565,236,522,2540711.77,15.1,120,2024-04-03,2034-02-10,APPROVED,2024-04-04,2024-04-05
810,658,560,458,4714316.39,15.16,36,2024-12-18,2027-12-03,CLOSED,2025-01-08,2025-01-11
811,193,888,956,7482401.66,11.69,120,2019-06-30,2029-05-08,ACTIVE,2019-07-19,2019-07-22
812,964,631,133,1382627.66,11.92,48,2023-07-11,2027-06-20,ACTIVE,2023-08-05,2023-08-07
813,467,468,259,3653014.14,13.92,12,2018-07-16,2019-07-11,APPROVED,2018-07-20,2018-07-30
814,824,534,539,8778777.5,10.59,60,2019-02-13,2024-01-18,DEFAULTED,2019-02-23,2019-03-03
815,317,443,36,2311379.18,11.26,36,2023-12-16,2026-11-30,APPROVED,2024-01-12,2024-01-18
816,729,785,548,4917403.67,12.51,84,2021-05-04,2028-03-28,APPROVED,2021-05-30,2021-05-30
817,777,767,815,6688170.38,15.2,24,2025-01-07,2026-12-28,ACTIVE,2025-01-26,2025-02-03
818,253,378,680,5054537.28,14.34,12,2023-01-06,2024-01-01,CLOSED,2023-01-08,2023-01-14
819,591,719,976,7236554.14,12.57,24,2024-08-12,2026-08-02,APPROVED,2024-08-23,2024-08-26
820,134,661,655,592976.15,11.06,84,2021-07-23,2028-06-16,ACTIVE,2021-07-26,2021-08-01
821,730,682,721,6471791.67,9.31,48,2021-04-02,2025-03-12,ACTIVE,2021-04-17,2021-04-27
822,464,538,681,7941406.68,10.08,60,2024-05-21,2029-04-25,ACTIVE,2024-06-04,2024-06-07
823,735,425,765,9199105.08,17.31,120,2024-06-09,2034-04-18,ACTIVE,2024-07-02,2024-07-06
824,799,653,336,9782512.97,9.22,84,2018-09-22,2025-08-16,APPLIED,,
825,574,344,767,4410363.98,15.21,120,2025-02-03,2034-12-13,ACTIVE,2025-02-24,2025-02-24
826,90,634,288,4633231.52,8.99,24,2024-05-27,2026-05-17,ACTIVE,2024-06-09,2024-06-19
827,202,518,938,7830280.49,14.32,120,2021-12-17,2031-10-26,APPROVED,2022-01-05,2022-01-14
828,899,506,696,4674425.93,7.43,36,2023-05-15,2026-04-29,ACTIVE,2023-06-05,2023-06-07
829,830,886,814,1394696.84,7.25,60,2025-03-26,2030-02-28,APPLIED,,
830,808,31,100,7436431.49,8.06,24,2022-07-29,2024-07-18,ACTIVE,2022-08-18,2022-08-18
831,405,187,328,903776.0,14.74,48,2024-07-28,2028-07-07,ACTIVE,2024-08-06,2024-08-15
832,786,773,780,475308.73,12.65,36,2022-12-29,2025-12-13,APPLIED,,
833,715,804,687,9909366.2,10.92,120,2023-09-26,2033-08-04,APPLIED,,
834,731,272,647,9403706.2,11.07,84,2023-06-05,2030-04-29,DEFAULTED,2023-06-14,2023-06-16
835,675,179,496,8585190.63,14.19,84,2021-04-15,2028-03-09,CLOSED,2021-05-09,2021-05-18
836,982,404,434,3528231.18,16.65,84,2024-12-11,2031-11-05,APPROVED,2024-12-28,2024-12-31
837,874,46,973,9941374.1,14.61,12,2019-05-25,2020-05-19,ACTIVE,2019-05-30,2019-06-04
838,66,185,669,2210576.24,10.51,60,2020-04-22,2025-03-27,CLOSED,2020-04-30,2020-05-05
839,238,968,443,4659792.82,11.39,60,2025-08-16,2030-07-21,ACTIVE,2025-08-31,2025-09-03
840,257,925,740,7880810.93,8.3,60,2021-10-03,2026-09-07,ACTIVE,2021-10-19,2021-10-24
841,50,212,682,742509.48,11.4,24,2025-04-04,2027-03-25,ACTIVE,2025-04-24,2025-04-25
842,263,2,482,9128991.86,7.44,60,2025-01-15,2029-12-20,APPROVED,2025-02-01,2025-02-01
843,979,808,423,899123.66,11.54,36,2024-06-19,2027-06-04,ACTIVE,2024-07-05,2024-07-09
844,404,403,909,7094421.53,12.91,120,2023-07-31,2033-06-08,CLOSED,2023-08-09,2023-08-16
845,156,813,865,8984338.29,12.19,48,2023-02-25,2027-02-04,APPLIED,,
846,959,175,297,7692062.9,12.16,48,2022-09-30,2026-09-09,ACTIVE,2022-10-26,2022-10-29
847,802,753,52,2219337.11,8.86,120,2020-03-18,2030-01-25,ACTIVE,2020-04-15,2020-04-24
848,381,733,148,8841593.14,12.96,24,2022-12-30,2024-12-19,CLOSED,2023-01-28,2023-02-03
849,502,212,328,7306486.22,14.69,48,2024-04-13,2028-03-23,CLOSED,2024-05-07,2024-05-07
850,678,512,181,5249789.49,10.08,12,2024-09-04,2025-08-30,APPROVED,2024-09-19,2024-09-25
851,275,971,744,4181228.66,15.29,60,2018-10-22,2023-09-26,APPROVED,2018-11-04,2018-11-05
852,267,625,715,6408159.32,13.16,36,2025-05-12,2028-04-26,ACTIVE,2025-06-11,2025-06-14
853,110,790,587,3978859.53,11.32,36,2022-12-13,2025-11-27,ACTIVE,2023-01-05,2023-01-09
854,262,229,595,8681510.44,13.79,12,2021-07-28,2022-07-23,APPLIED,,
855,620,857,345,3962824.63,12.25,120,2020-06-10,2030-04-19,REJECTED,,
856,64,668,404,2048472.31,7.83,48,2019-04-29,2023-04-08,CLOSED,2019-05-01,2019-05-06
857,696,80,399,2626818.45,8.84,60,2023-03-09,2028-02-11,CLOSED,2023-04-04,2023-04-14
858,57,893,308,8400794.57,13.22,12,2019-01-06,2020-01-01,APPROVED,2019-01-27,2019-02-01
859,784,885,914,7549700.69,15.3,84,2023-05-06,2030-03-30,CLOSED,2023-05-28,2023-06-07
860,253,619,426,3680660.03,7.42,24,2025-01-18,2027-01-08,CLOSED,2025-02-12,2025-02-21
861,325,595,768,5464046.8,10.68,120,2023-04-05,2033-02-11,ACTIVE,2023-04-16,2023-04-21
862,306,530,607,5868465.72,12.58,12,2023-04-27,2024-04-21,APPLIED,,
863,187,711,602,9203339.16,15.04,60,2024-09-29,2029-09-03,DEFAULTED,2024-10-10,2024-10-14
864,721,563,188,9740841.1,11.26,84,2018-02-08,2025-01-02,APPLIED,,
865,131,588,254,2208064.67,12.09,12,2019-03-06,2020-02-29,APPROVED,2019-03-11,2019-03-17
866,522,586,200,4736102.61,7.68,60,2018-03-22,2023-02-24,APPROVED,2018-03-30,2018-04-05
867,777,559,865,5380655.97,9.49,48,2023-08-09,2027-07-19,ACTIVE,2023-09-01,2023-09-03
868,760,623,70,5286692.49,11.96,12,2025-01-05,2025-12-31,ACTIVE,2025-01-08,2025-01-17
869,362,816,424,7541238.36,11.47,12,2025-06-22,2026-06-17,REJECTED,,
870,374,345,572,6020341.71,12.57,120,2022-02-18,2031-12-28,ACTIVE,2022-02-23,2022-03-03
871,331,570,503,6698399.94,11.38,24,2022-11-26,2024-11-15,APPROVED,2022-12-22,2023-01-01
872,155,787,152,5492032.88,10.52,24,2019-12-28,2021-12-17,ACTIVE,2020-01-05,2020-01-08
873,366,974,148,5454520.12,13.42,24,2024-11-13,2026-11-03,ACTIVE,2024-11-25,2024-11-28
874,360,823,928,6006336.63,11.25,36,2023-06-08,2026-05-23,DEFAULTED,2023-06-22,2023-06-30
875,681,318,871,7388319.68,9.3,24,2021-02-08,2023-01-29,ACTIVE,2021-02-19,2021-02-19
876,466,701,155,8973819.27,10.86,48,2018-02-10,2022-01-20,DEFAULTED,2018-02-14,2018-02-22
877,972,362,744,6858728.57,14.69,60,2018-07-21,2023-06-25,DEFAULTED,2018-08-06,2018-08-11
878,413,758,318,8197306.88,13.8,48,2018-04-15,2022-03-25,CLOSED,2018-04-26,2018-05-04
879,114,667,13,3234601.86,8.79,120,2018-01-07,2027-11-16,ACTIVE,2018-01-28,2018-02-05
880,912,697,844,4233648.36,13.09,84,2020-11-30,2027-10-25,APPROVED,2020-12-14,2020-12-15
881,603,218,458,5337336.23,16.35,36,2024-02-23,2027-02-07,REJECTED,,
882,386,199,850,3871766.86,12.47,120,2022-05-11,2032-03-19,CLOSED,2022-05-19,2022-05-22
883,240,308,837,4469927.94,13.33,24,2024-06-09,2026-05-30,ACTIVE,2024-06-17,2024-06-20
884,976,492,592,8946938.57,14.05,48,2022-10-29,2026-10-08,DEFAULTED,2022-11-04,2022-11-12
885,118,631,948,788932.06,9.89,24,2020-06-14,2022-06-04,ACTIVE,2020-06-21,2020-06-29
886,908,655,511,2486494.03,14.28,12,2018-07-25,2019-07-20,ACTIVE,2018-07-31,2018-08-01
887,615,297,9,3228936.17,9.89,36,2020-10-31,2023-10-16,ACTIVE,2020-11-25,2020-12-01
888,28,640,490,8649764.14,11.15,12,2022-10-16,2023-10-11,APPROVED,2022-10-19,2022-10-23
889,364,973,602,4893779.39,14.44,60,2022-08-06,2027-07-11,ACTIVE,2022-08-25,2022-09-02
890,770,760,959,3204983.1,9.5,36,2024-03-30,2027-03-15,APPLIED,,
891,770,306,497,9770986.87,13.29,48,2022-11-21,2026-10-31,ACTIVE,2022-12-11,2022-12-18
892,662,542,540,3533243.76,13.36,48,2021-05-11,2025-04-20,ACTIVE,2021-05-31,2021-06-10
893,697,355,925,6563065.1,14.28,120,2019-04-23,2029-03-01,APPROVED,2019-05-19,2019-05-29
894,627,549,260,9593937.96,10.28,12,2024-09-27,2025-09-22,DEFAULTED,2024-09-30,2024-10-06
895,249,865,579,3235321.81,13.33,24,2020-10-24,2022-10-14,ACTIVE,2020-11-09,2020-11-13
896,243,450,656,1620218.8,13.51,12,2023-09-11,2024-09-05,APPROVED,2023-09-26,2023-10-03
897,379,393,925,8157460.92,15.97,120,2024-12-17,2034-10-26,APPLIED,,
898,562,775,577,8334433.62,13.18,24,2022-03-10,2024-02-28,ACTIVE,2022-04-07,2022-04-17
899,551,869,997,2248370.07,14.06,48,2024-09-01,2028-08-11,APPLIED,,
900,798,30,941,644371.28,10.43,24,2021-08-02,2023-07-23,APPROVED,2021-08-26,2021-08-27
901,449,236,389,3254740.46,12.16,84,2018-05-13,2025-04-06,ACTIVE,2018-06-01,2018-06-02
902,586,230,284,3064021.88,10.45,24,2022-08-02,2024-07-22,APPLIED,,
903,674,758,891,4720015.34,15.7,60,2020-02-11,2025-01-15,ACTIVE,2020-02-19,2020-02-19
904,794,782,417,3395535.54,8.66,120,2020-03-08,2030-01-15,CLOSED,2020-03-20,2020-03-29
905,968,484,322,9330389.39,15.1,60,2025-07-09,2030-06-13,ACTIVE,2025-07-28,2025-08-03
906,831,161,516,1899749.71,12.07,60,2024-08-31,2029-08-05,ACTIVE,2024-09-01,2024-09-09
907,502,574,501,7650875.96,12.39,24,2023-04-12,2025-04-01,ACTIVE,2023-05-10,2023-05-18
908,150,797,719,7878351.98,16.49,24,2023-03-20,2025-03-09,CLOSED,2023-04-03,2023-04-06
909,49,603,955,4715185.06,12.85,36,2025-03-11,2028-02-24,CLOSED,2025-04-04,2025-04-07
910,889,448,866,3878965.7,7.94,24,2023-08-09,2025-07-29,ACTIVE,2023-08-25,2023-09-02
911,830,334,953,3383018.04,11.38,60,2018-08-15,2023-07-20,ACTIVE,2018-08-25,2018-08-29
912,373,678,48,4464719.43,13.95,36,2022-06-26,2025-06-10,APPROVED,2022-07-16,2022-07-16
913,703,84,18,9294345.09,15.78,12,2020-01-16,2021-01-10,ACTIVE,2020-01-21,2020-01-27
914,365,152,460,5192097.31,14.88,36,2022-04-30,2025-04-14,APPROVED,2022-05-11,2022-05-20
915,312,687,81,7391469.0,10.61,120,2019-05-11,2029-03-19,APPLIED,,
916,453,328,209,5861334.16,15.22,120,2022-12-17,2032-10-25,APPROVED,2023-01-12,2023-01-22
917,324,567,93,7180944.1,16.1,84,2024-03-15,2031-02-07,ACTIVE,2024-03-17,2024-03-25
918,688,513,312,121102.15,11.35,84,2021-07-15,2028-06-08,CLOSED,2021-08-07,2021-08-15
919,826,3,374,1998176.31,11.14,60,2024-12-08,2029-11-12,ACTIVE,2024-12-13,2024-12-19
920,535,223,892,6211175.94,9.56,36,2023-02-01,2026-01-16,CLOSED,2023-02-02,2023-02-07
921,85,817,195,8527951.54,10.92,84,2022-08-29,2029-07-23,ACTIVE,2022-09-01,2022-09-03
922,548,110,326,3911859.98,13.42,84,2023-01-17,2029-12-11,CLOSED,2023-02-13,2023-02-15
923,496,886,968,5230899.54,9.99,12,2023-01-17,2024-01-12,ACTIVE,2023-02-13,2023-02-21
924,790,160,115,2923415.01,11.59,24,2024-06-07,2026-05-28,APPROVED,2024-06-10,2024-06-13
925,485,106,491,2451271.66,16.5,60,2022-10-12,2027-09-16,ACTIVE,2022-10-31,2022-10-31
926,849,981,542,3751190.77,12.41,48,2022-07-30,2026-07-09,ACTIVE,2022-08-21,2022-08-29
927,210,882,436,7794719.15,10.96,24,2019-05-22,2021-05-11,ACTIVE,2019-05-28,2019-05-31
928,549,405,436,3392922.82,9.57,24,2022-06-23,2024-06-12,ACTIVE,2022-07-05,2022-07-10
929,578,365,460,7857387.15,16.44,36,2021-09-01,2024-08-16,APPROVED,2021-09-27,2021-09-27
930,327,967,763,7584286.78,13.78,120,2022-12-16,2032-10-24,ACTIVE,2023-01-07,2023-01-09
931,363,13,301,439037.22,10.31,84,2023-12-24,2030-11-17,ACTIVE,2024-01-17,2024-01-25
932,562,67,27,6300417.4,15.5,12,2021-08-25,2022-08-20,ACTIVE,2021-08-30,2021-09-02
933,351,497,516,2955012.67,10.69,60,2023-04-20,2028-03-24,ACTIVE,2023-04-22,2023-04-30
934,22,157,296,9414936.04,13.29,48,2021-03-18,2025-02-25,APPLIED,,
935,61,809,479,7364666.6,17.95,120,2021-05-25,2031-04-03,ACTIVE,2021-05-29,2021-06-04
936,389,15,536,6727614.24,15.98,84,2025-08-19,2032-07-13,CLOSED,2025-08-22,2025-08-27
937,651,376,645,3854946.7,15.54,36,2020-08-04,2023-07-20,ACTIVE,2020-08-05,2020-08-09
938,452,680,671,3595124.33,12.59,36,2021-07-01,2024-06-15,ACTIVE,2021-07-11,2021-07-11
939,972,657,568,5892251.86,10.06,84,2023-05-11,2030-04-04,APPLIED,,
940,896,914,585,6248556.96,7.14,12,2025-04-19,2026-04-14,ACTIVE,2025-05-09,2025-05-13
941,639,248,341,4399092.94,9.85,48,2025-04-14,2029-03-24,CLOSED,2025-04-16,2025-04-26
942,231,808,672,3967727.68,14.26,12,2022-07-11,2023-07-06,APPROVED,2022-07-16,2022-07-18
943,312,372,334,7723593.65,17.27,84,2019-02-03,2025-12-28,ACTIVE,2019-02-20,2019-02-23
944,242,358,67,7834360.21,11.37,36,2025-03-18,2028-03-02,ACTIVE,2025-03-27,2025-03-31
945,663,652,893,7845107.89,12.81,120,2022-07-25,2032-06-02,ACTIVE,2022-08-02,2022-08-12
946,623,37,789,454234.65,8.38,36,2022-01-02,2024-12-17,APPROVED,2022-02-01,2022-02-09
947,19,280,719,9730302.39,16.16,24,2024-03-03,2026-02-21,CLOSED,2024-03-21,2024-03-27
948,508,648,170,8429579.96,11.31,12,2018-02-11,2019-02-06,ACTIVE,2018-02-24,2018-02-25
949,757,449,53,5668057.66,12.93,24,2023-01-09,2024-12-29,APPROVED,2023-01-25,2023-01-25
950,976,605,514,9687624.84,14.33,12,2022-07-23,2023-07-18,REJECTED,,
951,933,575,106,2267638.93,12.92,36,2025-01-10,2027-12-26,ACTIVE,2025-01-23,2025-02-01
952,112,696,185,5517683.17,10.0,12,2019-02-19,2020-02-14,ACTIVE,2019-03-02,2019-03-06
953,950,419,395,9953513.7,13.36,60,2020-08-06,2025-07-11,APPLIED,,
954,887,358,225,4245952.08,11.22,60,2022-07-07,2027-06-11,ACTIVE,2022-07-22,2022-07-28
955,177,789,888,1659913.44,13.08,60,2024-07-20,2029-06-24,ACTIVE,2024-08-05,2024-08-15
956,599,965,317,4908410.99,8.82,36,2024-03-24,2027-03-09,APPLIED,,
957,578,664,518,6188107.95,11.32,36,2023-03-25,2026-03-09,DEFAULTED,2023-04-15,2023-04-18
958,92,777,345,7751364.94,8.66,120,2022-10-04,2032-08-12,APPLIED,,
959,285,177,392,9381336.67,10.73,24,2020-12-21,2022-12-11,CLOSED,2021-01-15,2021-01-19
960,459,90,919,4203056.66,11.83,48,2020-12-21,2024-11-30,APPROVED,2020-12-25,2020-12-30
961,190,441,268,2875092.34,11.84,120,2025-05-25,2035-04-03,ACTIVE,2025-06-15,2025-06-17
962,614,925,811,4170169.98,12.78,12,2022-02-20,2023-02-15,APPROVED,2022-03-14,2022-03-24
963,860,588,818,8840573.79,15.67,36,2023-03-12,2026-02-24,ACTIVE,2023-03-21,2023-03-30
964,519,497,849,4314286.8,6.71,12,2020-02-15,2021-02-09,CLOSED,2020-03-12,2020-03-15
965,455,253,609,3952160.63,11.24,36,2019-11-06,2022-10-21,ACTIVE,2019-11-12,2019-11-19
966,687,427,3,7065084.16,11.2,48,2025-05-26,2029-05-05,ACTIVE,2025-06-05,2025-06-11
967,268,866,782,8940789.69,7.52,36,2019-11-29,2022-11-13,ACTIVE,2019-12-03,2019-12-06
968,361,196,290,1591478.61,13.17,60,2022-04-28,2027-04-02,APPLIED,,
969,203,147,837,9449341.24,15.1,24,2018-12-28,2020-12-17,APPROVED,2019-01-06,2019-01-07
970,884,705,369,3479541.21,14.18,60,2024-06-15,2029-05-20,ACTIVE,2024-06-24,2024-06-26
971,892,991,644,3652176.61,11.97,12,2023-05-26,2024-05-20,ACTIVE,2023-06-07,2023-06-13
972,925,555,516,6404196.25,11.29,60,2021-01-26,2025-12-31,ACTIVE,2021-02-12,2021-02-14
973,714,14,450,1605724.14,6.79,36,2022-05-22,2025-05-06,APPROVED,2022-06-01,2022-06-01
974,709,680,189,6582922.8,11.79,84,2023-12-09,2030-11-02,DEFAULTED,2024-01-02,2024-01-05
975,156,417,482,1625655.61,8.13,60,2019-09-26,2024-08-30,CLOSED,2019-10-01,2019-10-08
976,458,938,739,4323968.71,15.28,120,2024-11-21,2034-09-30,ACTIVE,2024-12-08,2024-12-16
977,881,127,595,6363859.8,14.81,12,2022-04-26,2023-04-21,ACTIVE,2022-05-11,2022-05-21
978,724,469,771,2977515.59,10.66,84,2024-06-13,2031-05-08,APPROVED,2024-07-03,2024-07-12
979,199,807,75,2052476.84,14.28,48,2025-02-22,2029-02-01,CLOSED,2025-02-28,2025-03-06
980,419,517,267,7107701.9,16.47,84,2018-01-19,2024-12-13,DEFAULTED,2018-01-30,2018-02-02
981,415,665,433,8980766.29,16.7,36,2020-05-07,2023-04-22,CLOSED,2020-05-09,2020-05-12
982,78,407,127,9024317.69,16.4,36,2020-04-25,2023-04-10,CLOSED,2020-05-11,2020-05-18
983,612,16,350,2471090.99,10.31,48,2020-04-29,2024-04-08,ACTIVE,2020-05-17,2020-05-20
984,194,205,105,6559142.15,9.7,48,2025-06-15,2029-05-25,DEFAULTED,2025-07-09,2025-07-10
985,525,17,108,4010230.45,9.9,48,2018-02-16,2022-01-26,APPROVED,2018-03-02,2018-03-04
986,551,60,890,1236378.4,15.23,120,2023-08-14,2033-06-22,ACTIVE,2023-09-06,2023-09-15
987,660,895,375,9552609.39,14.05,12,2021-12-19,2022-12-14,APPROVED,2022-01-17,2022-01-27
988,916,247,577,4866040.35,14.94,24,2022-01-12,2024-01-02,ACTIVE,2022-01-21,2022-01-22
989,881,326,594,8044501.16,8.68,48,2022-03-27,2026-03-06,CLOSED,2022-03-28,2022-04-05
990,431,867,188,2395021.16,9.02,84,2018-09-02,2025-07-27,APPROVED,2018-09-04,2018-09-06
991,421,935,669,1787163.14,7.44,60,2023-07-19,2028-06-22,ACTIVE,2023-08-08,2023-08-10
992,149,956,946,9594039.53,10.0,84,2024-03-03,2031-01-26,REJECTED,,
993,150,890,982,8942882.63,15.83,12,2019-02-11,2020-02-06,DEFAULTED,2019-03-08,2019-03-11
994,346,45,979,4187320.52,7.86,48,2023-12-09,2027-11-18,APPROVED,2023-12-12,2023-12-17
995,888,492,865,6154818.56,11.52,48,2025-04-22,2029-04-01,APPLIED,,
996,140,727,630,8848534.7,11.83,12,2024-04-30,2025-04-25,REJECTED,,
997,490,658,363,1880158.07,12.7,48,2023-12-15,2027-11-24,ACTIVE,2024-01-14,2024-01-19
998,51,547,220,4216539.89,9.43,60,2022-05-22,2027-04-26,ACTIVE,2022-06-17,2022-06-27
999,956,168,117,2944561.08,13.33,24,2020-07-14,2022-07-04,ACTIVE,2020-07-21,2020-07-21
1000,539,703,998,4561099.83,12.56,12,2020-03-20,2021-03-15,ACTIVE,2020-03-27,2020-04-05
