schedule_id,loan_id,due_date,due_amount,principal_due,interest_due,status,paid_date
1,648,2023-02-18,180771.9,98962.99,81808.91,PARTIAL,2023-04-01
2,551,2025-02-17,629079.96,347734.46,281345.5,PARTIAL,2025-02-24
3,591,2027-01-30,250797.05,144356.27,106440.78,DUE,
4,772,2021-07-02,733602.58,556548.03,177054.55,MISSED,
5,495,2022-06-13,730088.37,662300.05,67788.32,PARTIAL,2022-07-14
6,140,2020-10-24,301833.89,210999.63,90834.26,DUE,
7,762,2025-12-04,67084.5,51510.35,15574.15,DUE,
8,934,2023-07-06,196144.5,124146.64,71997.86,PARTIAL,2023-08-25
9,731,2025-07-03,75242.77,34381.6,40861.17,MISSED,
10,962,2022-05-21,347514.16,174785.65,172728.51,PARTIAL,2022-06-02
11,676,2024-04-06,51596.56,33225.56,18371.0,DUE,
12,266,2023-10-18,119060.04,83505.0,35555.04,MISSED,
13,169,2024-02-26,75914.49,51993.57,23920.92,PAID,2024-03-24
14,120,2022-01-11,96961.29,47951.58,49009.71,PAID,2022-01-11
15,331,2028-01-24,22097.6,14004.08,8093.52,PAID,2028-03-10
16,53,2031-03-31,1008.42,877.76,130.66,PAID,2031-04-01
17,742,2023-11-30,375534.28,282684.35,92849.93,DUE,
18,609,2025-04-11,90038.99,61490.37,28548.62,PAID,2025-04-21
19,37,2024-04-12,12582.4,10757.34,1825.06,PARTIAL,2024-04-23
20,642,2025-09-29,149308.38,60044.59,89263.79,PARTIAL,2025-11-17
21,148,2024-12-20,23549.28,17647.06,5902.22,PARTIAL,2025-01-20
22,579,2021-01-02,173578.18,89630.35,83947.83,PAID,2021-02-02
23,887,2021-07-28,89692.67,64858.02,24834.65,DUE,
24,172,2026-03-20,5911.33,2647.11,3264.22,DUE,
25,815,2024-11-10,64204.98,31663.1,32541.88,PAID,2025-01-03
26,370,2024-08-27,105954.68,69398.96,36555.72,PAID,2024-09-17
27,808,2027-01-25,297445.11,232071.35,65373.76,PARTIAL,2027-03-25
28,217,2018-10-17,358335.26,228318.84,130016.42,DUE,
29,238,2020-07-01,165453.31,142688.05,22765.26,PARTIAL,2020-07-04
30,565,2024-08-13,142943.8,124450.19,18493.61,MISSED,
31,485,2024-01-11,1569.95,655.71,914.24,PAID,2024-02-10
32,791,2020-05-25,191649.43,87634.28,104015.15,DUE,
33,806,2023-10-01,698991.06,298519.97,400471.09,MISSED,
34,556,2026-03-21,68192.23,32843.55,35348.68,MISSED,
35,14,2026-05-12,61142.12,41610.35,19531.77,PARTIAL,2026-07-03
36,590,2024-08-22,63499.72,58767.43,4732.29,DUE,
37,555,2022-09-10,76427.56,35491.93,40935.63,PARTIAL,2022-09-15
38,800,2022-05-10,308680.12,147289.63,161390.49,MISSED,
39,939,2027-06-19,70145.86,65185.98,4959.88,DUE,
40,987,2022-10-15,796050.78,573840.52,222210.26,MISSED,
41,990,2021-10-16,28512.16,20466.49,8045.67,DUE,
42,106,2029-05-27,42188.19,27132.14,15056.05,PARTIAL,2029-07-03
43,920,2023-06-01,172532.67,91285.4,81247.27,PARTIAL,2023-07-24
44,944,2027-12-03,217621.12,173305.63,44315.49,PAID,2028-01-02
45,129,2024-04-27,91089.57,53665.69,37423.88,DUE,
46,773,2019-09-02,382386.5,183658.34,198728.16,MISSED,
47,519,2021-07-15,313480.03,215243.54,98236.49,PAID,2021-08-01
48,779,2021-03-26,114478.97,89780.93,24698.04,MISSED,
49,554,2021-08-26,70607.63,52658.42,17949.21,DUE,
50,344,2022-02-20,28536.34,26761.82,1774.52,PAID,2022-04-12
51,843,2026-04-10,24975.66,19237.19,5738.47,PARTIAL,2026-05-31
52,497,2023-10-06,267508.94,222888.93,44620.01,PARTIAL,2023-11-03
53,688,2021-11-20,178695.23,120293.2,58402.03,DUE,
54,479,2024-06-22,136359.98,99557.2,36802.78,DUE,
55,760,2028-01-23,58958.14,46436.62,12521.52,DUE,
56,238,2021-06-26,165453.31,83348.96,82104.35,MISSED,
57,835,2023-09-02,102204.65,91626.95,10577.7,PAID,2023-09-09
58,641,2024-02-29,24936.19,16423.32,8512.87,PAID,2024-03-17
59,12,2023-06-18,124581.14,101448.19,23132.95,DUE,
60,382,2026-10-18,52920.47,36684.17,16236.3,MISSED,
61,431,2025-07-24,47132.45,40058.57,7073.88,DUE,
62,675,2024-02-09,536689.92,294991.0,241698.92,PAID,2024-03-14
63,478,2020-03-09,7446.12,4515.78,2930.34,DUE,
64,352,2022-01-23,70881.03,34035.43,36845.6,DUE,
65,116,2021-08-18,732027.64,502949.24,229078.4,PARTIAL,2021-09-26
66,263,2030-07-13,115215.25,91044.09,24171.16,DUE,
67,639,2024-10-08,242894.66,194039.88,48854.78,MISSED,
68,334,2020-05-11,53799.53,24999.34,28800.19,PAID,2020-05-25
69,404,2020-11-09,703067.29,432030.48,271036.81,PARTIAL,2020-12-14
70,123,2024-12-08,182735.47,95509.56,87225.91,PAID,2025-01-27
71,462,2026-09-12,168848.63,69693.55,99155.08,DUE,
72,717,2024-08-30,57190.0,40705.09,16484.91,DUE,
73,912,2023-02-21,124019.98,105935.02,18084.96,DUE,
74,919,2027-02-26,33302.94,17864.0,15438.94,PAID,2027-03-09
75,281,2030-08-12,71233.68,39125.66,32108.02,PAID,2030-09-05
76,356,2031-02-18,4310.21,2353.5,1956.71,PARTIAL,2031-02-23
77,683,2024-09-30,354909.31,260617.04,94292.27,DUE,
78,658,2026-11-11,184235.57,123053.74,61181.83,PARTIAL,2027-01-04
79,334,2018-12-18,53799.53,50838.8,2960.73,DUE,
80,355,2022-11-16,766874.29,674759.48,92114.81,MISSED,
81,594,2019-06-28,157691.08,141393.44,16297.64,DUE,
82,914,2023-06-24,144224.93,79085.03,65139.9,PARTIAL,2023-07-28
83,979,2028-05-07,42759.93,21923.31,20836.62,PARTIAL,2028-06-15
84,280,2022-12-06,84179.9,57956.33,26223.57,DUE,
85,35,2023-04-21,44221.78,27816.36,16405.42,PARTIAL,2023-05-16
86,628,2025-11-06,59936.2,27052.96,32883.24,PAID,2025-11-18
87,957,2024-04-18,171891.89,76864.52,95027.37,MISSED,
88,604,2030-06-14,42411.3,20893.7,21517.6,MISSED,
89,295,2024-01-16,241714.26,198021.66,43692.6,PAID,2024-03-01
90,50,2027-06-19,22171.18,13099.66,9071.52,PARTIAL,2027-07-25
91,839,2028-08-30,77663.21,55279.53,22383.68,MISSED,
92,285,2018-06-23,240670.6,164556.3,76114.3,DUE,
93,385,2023-06-01,266982.93,122983.65,143999.28,DUE,
94,453,2023-12-22,739549.79,448696.46,290853.33,DUE,
95,19,2023-07-18,105277.58,77160.05,28117.53,DUE,
96,554,2021-05-28,70607.63,40986.9,29620.73,MISSED,
97,297,2024-01-09,149954.74,82376.71,67578.03,PARTIAL,2024-02-23
98,546,2023-08-21,155736.99,113169.76,42567.23,DUE,
99,538,2021-07-09,691260.25,606402.53,84857.72,MISSED,
100,395,2019-01-05,527899.66,419282.79,108616.87,PARTIAL,2019-03-02
101,579,2021-06-01,173578.18,93848.44,79729.74,MISSED,
102,979,2027-11-09,42759.93,19596.76,23163.17,PAID,2027-12-28
103,421,2026-09-17,67862.53,47610.18,20252.35,DUE,
104,8,2024-01-23,361954.76,269746.5,92208.26,MISSED,
105,722,2023-03-26,160697.46,123639.54,37057.92,PAID,2023-03-29
106,83,2020-08-25,145347.2,61321.86,84025.34,PAID,2020-08-26
107,503,2027-06-18,148249.62,122614.52,25635.1,DUE,
108,476,2032-09-27,31255.5,19787.91,11467.59,PAID,2032-11-11
109,177,2024-11-03,88178.71,51538.62,36640.09,DUE,
110,87,2028-05-06,105709.44,85343.26,20366.18,DUE,
111,170,2027-07-26,122707.09,78769.55,43937.54,MISSED,
112,101,2020-02-10,82313.63,71465.39,10848.24,DUE,
113,461,2022-01-14,104939.97,91592.96,13347.01,PARTIAL,2022-01-22
114,270,2028-12-17,77958.71,51262.77,26695.94,DUE,
115,63,2026-03-17,65862.11,57853.3,8008.81,PAID,2026-05-07
116,354,2028-04-14,163446.08,105270.72,58175.36,MISSED,
117,324,2020-04-30,253404.93,114248.82,139156.11,PARTIAL,2020-05-16
118,306,2022-08-28,123616.44,73246.99,50369.45,PARTIAL,2022-10-18
119,452,2024-03-22,410426.85,314189.86,96236.99,PARTIAL,2024-03-27
120,610,2021-12-31,156093.57,67911.87,88181.7,DUE,
121,994,2024-05-07,87235.84,82219.62,5016.22,PARTIAL,2024-05-08
122,710,2030-01-07,121479.4,87842.82,33636.58,DUE,
123,343,2020-03-19,169216.78,154319.93,14896.85,PARTIAL,2020-04-07
124,877,2021-08-04,114312.14,72305.66,42006.48,PARTIAL,2021-08-13
125,849,2024-12-09,152218.46,96133.89,56084.57,PAID,2025-01-13
126,925,2027-02-18,40854.53,30161.31,10693.22,PAID,2027-04-09
127,597,2029-04-21,42500.22,35554.35,6945.87,DUE,
128,469,2029-07-28,125200.3,77878.9,47321.4,MISSED,
129,498,2021-11-08,134137.01,105413.37,28723.64,PARTIAL,2021-12-19
130,305,2025-08-22,108710.51,44327.6,64382.91,PAID,2025-08-28
131,858,2019-07-05,700066.21,465158.32,234907.89,MISSED,
132,10,2024-09-26,2731.67,2476.5,255.17,PARTIAL,2024-11-15
133,571,2025-08-27,510879.14,233143.37,277735.77,PAID,2025-09-13
134,378,2018-05-09,338216.72,283302.71,54914.01,MISSED,
135,564,2023-03-10,62835.99,40187.28,22648.71,PARTIAL,2023-03-12
136,692,2020-12-18,244428.58,154437.39,89991.19,DUE,
137,896,2023-11-10,135018.23,96247.89,38770.34,PAID,2023-12-09
138,123,2025-09-04,182735.47,114816.37,67919.1,PAID,2025-10-28
139,930,2029-05-13,63202.39,47741.56,15460.83,PARTIAL,2029-05-24
140,926,2024-10-17,78149.81,31312.49,46837.32,MISSED,
141,645,2025-01-06,209260.77,103661.56,105599.21,MISSED,
142,352,2022-03-24,70881.03,48037.08,22843.95,PAID,2022-04-01
143,812,2025-10-28,28804.74,13083.79,15720.95,PARTIAL,2025-12-08
144,814,2020-07-07,146312.96,133988.37,12324.59,MISSED,
145,943,2019-03-05,91947.54,40937.62,51009.92,PAID,2019-03-18
146,208,2023-06-03,37435.32,30923.55,6511.77,PAID,2023-07-14
147,643,2020-05-06,100832.19,43190.72,57641.47,PARTIAL,2020-06-30
148,940,2026-03-15,520713.08,272081.08,248632.0,PARTIAL,2026-05-07
149,891,2026-10-01,203562.23,126102.96,77459.27,PARTIAL,2026-10-02
150,800,2023-02-04,308680.12,139412.38,169267.74,PARTIAL,2023-02-18
151,239,2021-01-05,46090.49,37706.44,8384.05,PARTIAL,2021-01-30
152,303,2024-07-18,139620.35,72736.14,66884.21,MISSED,
153,182,2023-06-18,134608.91,94973.49,39635.42,MISSED,
154,348,2025-10-16,25383.01,19736.34,5646.67,PARTIAL,2025-11-19
155,957,2024-07-17,171891.89,91234.01,80657.88,PARTIAL,2024-08-22
156,155,2022-07-03,294358.04,173536.48,120821.56,MISSED,
157,260,2023-04-20,21141.91,19517.82,1624.09,MISSED,
158,770,2021-06-08,163387.29,99341.71,64045.58,PAID,2021-07-19
159,627,2021-06-23,240961.11,191627.01,49334.1,PAID,2021-07-01
160,165,2019-06-09,102432.44,65426.05,37006.39,DUE,
161,478,2019-08-12,7446.12,3370.18,4075.94,PAID,2019-10-06
162,86,2021-09-17,122211.17,104246.22,17964.95,PARTIAL,2021-10-08
163,502,2022-03-28,28814.69,26880.98,1933.71,DUE,
164,920,2023-10-29,172532.67,158964.08,13568.59,PARTIAL,2023-11-04
165,183,2023-06-09,385568.57,269745.66,115822.91,PAID,2023-08-04
166,710,2026-05-28,121479.4,67992.19,53487.21,DUE,
167,481,2028-12-23,27254.18,21594.5,5659.68,PARTIAL,2029-01-09
168,715,2022-11-04,88939.19,66368.63,22570.56,MISSED,
169,917,2028-10-20,85487.43,68841.25,16646.18,MISSED,
170,155,2023-02-28,294358.04,150386.64,143971.4,MISSED,
171,854,2021-09-26,723459.2,330136.07,393323.13,DUE,
172,768,2023-02-01,316519.56,134129.08,182390.48,PARTIAL,2023-02-24
173,707,2024-12-31,100236.42,78242.25,21994.17,DUE,
174,648,2024-10-10,180771.9,106191.18,74580.72,PARTIAL,2024-12-04
175,830,2024-03-20,309851.31,246832.09,63019.22,PAID,2024-04-02
176,6,2020-11-02,104776.63,95791.05,8985.58,PAID,2020-11-20
177,183,2023-07-09,385568.57,203207.89,182360.68,MISSED,
178,94,2019-07-06,240056.94,226909.9,13147.04,PARTIAL,2019-07-20
179,223,2027-06-24,69557.69,55758.07,13799.62,PARTIAL,2027-08-21
180,87,2028-02-06,105709.44,78479.92,27229.52,MISSED,
181,642,2029-01-11,149308.38,72850.24,76458.14,DUE,
182,68,2025-03-19,45787.62,26291.37,19496.25,PAID,2025-04-16
183,771,2030-01-04,6411.68,2595.41,3816.27,PAID,2030-02-19
184,57,2029-03-01,54103.51,45799.37,8304.14,MISSED,
185,646,2027-02-15,51054.71,23951.07,27103.64,DUE,
186,746,2026-12-09,29250.17,13203.17,16047.0,PAID,2026-12-13
187,42,2019-01-09,323066.47,136355.66,186710.81,DUE,
188,32,2026-09-18,85573.4,52695.97,32877.43,DUE,
189,841,2026-02-28,30937.9,15539.08,15398.82,DUE,
190,319,2026-06-23,769838.78,452068.7,317770.08,MISSED,
191,921,2027-02-04,101523.23,70473.74,31049.49,MISSED,
192,728,2022-01-13,3023.0,1357.09,1665.91,PAID,2022-02-17
193,863,2027-12-13,153388.99,91584.65,61804.34,MISSED,
194,703,2022-03-27,255122.5,121055.91,134066.59,PAID,2022-05-18
195,588,2019-07-24,160273.37,129148.56,31124.81,DUE,
196,171,2024-10-05,38246.98,31901.05,6345.93,PAID,2024-10-24
197,275,2030-03-13,82151.79,57431.34,24720.45,DUE,
198,504,2025-02-17,103737.29,75646.59,28090.7,MISSED,
199,366,2020-08-09,85697.12,56578.48,29118.64,MISSED,
200,323,2026-04-05,174443.21,90245.77,84197.44,PARTIAL,2026-05-13
201,978,2026-04-04,35446.61,24981.74,10464.87,DUE,
202,263,2028-09-21,115215.25,61043.13,54172.12,DUE,
203,171,2030-05-07,38246.98,29102.14,9144.84,PARTIAL,2030-05-28
204,701,2023-05-30,86001.51,46659.54,39341.97,PARTIAL,2023-07-06
205,721,2023-05-29,55175.56,51522.97,3652.59,DUE,
206,972,2021-06-25,106736.6,66541.24,40195.36,PARTIAL,2021-08-07
207,826,2025-08-20,193051.31,134995.45,58055.86,DUE,
208,572,2020-09-17,151842.03,72846.14,78995.89,PAID,2020-10-28
209,731,2026-02-28,75242.77,58197.65,17045.12,PARTIAL,2026-03-17
210,465,2030-10-31,42138.02,35496.34,6641.68,PARTIAL,2030-12-04
211,312,2027-07-21,22210.91,13222.3,8988.61,MISSED,
212,797,2028-02-29,102308.83,85436.46,16872.37,PARTIAL,2028-03-19
213,994,2025-09-29,87235.84,38750.75,48485.09,PARTIAL,2025-10-10
214,121,2032-01-25,54462.81,32807.81,21655.0,PAID,2032-03-04
215,761,2027-04-01,154790.73,69838.16,84952.57,PAID,2027-04-25
216,736,2019-05-01,57963.5,38476.57,19486.93,PAID,2019-05-13
217,809,2030-06-01,21172.6,9462.57,11710.03,PAID,2030-07-28
218,548,2019-01-31,113366.97,72823.62,40543.35,PARTIAL,2019-03-14
219,407,2024-07-10,26370.61,24208.33,2162.28,PAID,2024-07-23
220,751,2027-06-05,27257.97,15739.13,11518.84,PARTIAL,2027-07-22
221,947,2025-11-23,405429.27,367437.65,37991.62,PARTIAL,2026-01-08
222,585,2018-09-17,144393.74,124146.92,20246.82,MISSED,
223,177,2023-03-14,88178.71,75238.97,12939.74,MISSED,
224,452,2024-05-21,410426.85,358463.45,51963.4,PAID,2024-05-24
225,967,2022-05-17,248355.27,176059.15,72296.12,PAID,2022-07-10
226,627,2022-07-18,240961.11,192445.21,48515.9,PARTIAL,2022-08-12
227,573,2024-02-04,106116.18,51837.22,54278.96,MISSED,
228,352,2021-07-27,70881.03,50307.18,20573.85,DUE,
229,780,2023-01-26,51157.23,42498.38,8658.85,PAID,2023-03-02
230,956,2025-02-17,136344.75,93307.33,43037.42,DUE,
231,523,2026-07-28,91623.86,47270.76,44353.1,PARTIAL,2026-07-28
232,454,2027-11-12,43601.72,32366.6,11235.12,PARTIAL,2027-12-16
233,654,2021-04-15,97715.37,57344.17,40371.2,PARTIAL,2021-04-17
234,401,2026-03-03,72187.29,33598.25,38589.04,DUE,
235,702,2023-11-29,101610.32,55460.65,46149.67,PAID,2023-12-28
236,993,2019-11-08,745240.22,434860.95,310379.27,MISSED,
237,165,2019-04-10,102432.44,67422.41,35010.03,MISSED,
238,949,2023-07-08,236169.07,182134.31,54034.76,PAID,2023-07-27
239,236,2018-12-02,422598.15,361537.32,61060.83,PARTIAL,2018-12-19
240,893,2023-03-03,54692.21,34195.98,20496.23,PARTIAL,2023-03-08
241,727,2022-05-06,35455.87,25741.79,9714.08,MISSED,
242,352,2021-07-27,70881.03,53699.97,17181.06,DUE,
243,304,2021-08-02,104888.27,64161.2,40727.07,PAID,2021-08-17
244,558,2023-04-21,40976.03,23634.77,17341.26,PARTIAL,2023-05-12
245,819,2024-09-11,301523.09,135411.7,166111.39,PAID,2024-09-19
246,76,2025-09-20,181324.31,137058.54,44265.77,PARTIAL,2025-10-25
247,103,2023-05-03,180156.4,79880.68,100275.72,DUE,
248,983,2022-03-20,51481.06,45395.9,6085.16,PAID,2022-03-23
249,567,2021-05-25,44774.94,30725.48,14049.46,PAID,2021-05-26
250,580,2025-05-05,49626.34,37693.56,11932.78,PAID,2025-05-14
251,730,2024-11-22,647186.89,317578.8,329608.09,PARTIAL,2025-01-17
252,71,2027-06-14,88018.27,55865.02,32153.25,MISSED,
253,47,2029-10-19,140288.7,117743.97,22544.73,MISSED,
254,892,2024-02-25,73609.24,37594.24,36015.0,PAID,2024-03-31
255,169,2025-02-20,75914.49,59905.6,16008.89,MISSED,
256,297,2021-03-25,149954.74,116368.35,33586.39,DUE,
257,683,2023-06-08,354909.31,258759.12,96150.19,MISSED,
258,500,2020-10-29,155982.05,90509.88,65472.17,PARTIAL,2020-12-05
259,675,2023-10-12,536689.92,269368.99,267320.93,PARTIAL,2023-11-18
260,19,2024-08-11,105277.58,48784.65,56492.93,DUE,
261,223,2024-05-10,69557.69,40540.23,29017.46,PAID,2024-05-13
262,122,2024-02-27,108378.46,63504.89,44873.57,PARTIAL,2024-04-10
263,204,2026-01-25,15054.46,12056.71,2997.75,MISSED,
264,440,2028-06-28,145767.62,76157.62,69610.0,DUE,
265,437,2029-05-20,2820.21,2112.55,707.66,MISSED,
266,306,2019-08-14,123616.44,51001.52,72614.92,DUE,
267,275,2030-01-12,82151.79,40789.78,41362.01,DUE,
268,76,2024-04-28,181324.31,163255.82,18068.49,PARTIAL,2024-06-27
269,979,2028-11-03,42759.93,28716.72,14043.21,DUE,
270,912,2024-05-16,124019.98,75185.67,48834.31,PAID,2024-05-26
271,104,2023-07-19,69280.7,58594.71,10685.99,PARTIAL,2023-09-13
272,847,2023-12-28,18494.48,10624.45,7870.03,PAID,2024-01-21
273,844,2033-05-09,59120.18,43020.93,16099.25,PARTIAL,2033-05-09
274,362,2028-04-22,135471.81,115017.99,20453.82,MISSED,
275,56,2024-05-19,11538.42,5624.27,5914.15,PARTIAL,2024-07-08
276,593,2031-05-02,14006.03,7137.7,6868.33,PAID,2031-06-21
277,747,2026-04-15,86787.7,64990.7,21797.0,MISSED,
278,898,2023-04-04,347268.07,235444.81,111823.26,DUE,
279,101,2018-04-21,82313.63,51030.67,31282.96,PARTIAL,2018-06-20
280,788,2029-09-04,4597.68,4082.88,514.8,PAID,2029-10-07
281,353,2024-04-02,156251.03,144575.73,11675.3,PAID,2024-04-04
282,322,2022-03-04,184562.23,140845.57,43716.66,MISSED,
283,106,2023-11-25,42188.19,37019.04,5169.15,DUE,
284,443,2020-10-15,73141.77,55509.83,17631.94,DUE,
285,472,2022-12-04,187685.41,91783.13,95902.28,PARTIAL,2023-01-18
286,143,2032-01-20,76428.96,31801.95,44627.01,PARTIAL,2032-01-23
287,188,2027-10-20,112795.34,83614.63,29180.71,DUE,
288,908,2024-06-12,328264.67,234239.29,94025.38,PAID,2024-07-20
289,932,2022-04-22,525034.78,346799.78,178235.0,DUE,
290,49,2024-03-03,157013.84,85481.82,71532.02,PARTIAL,2024-04-09
291,103,2024-01-28,180156.4,148586.17,31570.23,DUE,
292,759,2020-03-31,818223.74,716235.98,101987.76,PAID,2020-05-26
293,845,2024-09-17,187173.71,132120.54,55053.17,MISSED,
294,536,2024-11-22,58647.87,43876.86,14771.01,PARTIAL,2024-11-28
295,787,2022-10-17,726953.71,490467.86,236485.85,DUE,
296,267,2022-10-15,156095.97,120808.27,35287.7,MISSED,
297,500,2023-12-13,155982.05,111840.89,44141.16,PARTIAL,2024-02-05
298,805,2021-04-03,51931.54,30005.93,21925.61,MISSED,
299,625,2026-10-11,201984.84,173009.83,28975.01,PAID,2026-11-17
300,118,2019-03-08,68467.41,44562.51,23904.9,DUE,
301,644,2022-08-09,2455.21,1519.48,935.73,PARTIAL,2022-09-21
302,15,2025-05-24,74925.43,58765.75,16159.68,MISSED,
303,707,2023-10-08,100236.42,52761.1,47475.32,PARTIAL,2023-11-07
304,794,2027-02-07,124523.51,90653.59,33869.92,PARTIAL,2027-02-13
305,926,2024-04-20,78149.81,59390.67,18759.14,PAID,2024-06-08
306,978,2029-10-15,35446.61,20065.91,15380.7,MISSED,
307,901,2022-05-22,38746.91,25948.14,12798.77,MISSED,
308,285,2018-11-20,240670.6,153640.21,87030.39,PAID,2019-01-08
309,456,2021-05-07,93274.33,84385.24,8889.09,MISSED,
310,782,2024-05-09,31188.97,22009.93,9179.04,MISSED,
311,211,2028-04-07,41433.2,26674.79,14758.41,MISSED,
312,304,2021-05-04,104888.27,64861.66,40026.61,DUE,
313,97,2023-01-29,23422.49,19740.83,3681.66,PARTIAL,2023-03-07
314,831,2026-07-18,18828.67,17789.61,1039.06,PAID,2026-08-06
315,73,2024-07-13,21378.44,14362.43,7016.01,MISSED,
316,535,2021-02-12,63490.59,35900.24,27590.35,PAID,2021-03-04
317,417,2025-10-27,20910.72,11216.74,9693.98,PAID,2025-11-07
318,333,2019-03-08,112366.62,45568.88,66797.74,DUE,
319,28,2022-06-28,88679.42,67566.04,21113.38,PAID,2022-08-11
320,121,2033-09-16,54462.81,29810.98,24651.83,DUE,
321,277,2020-02-22,114771.48,49268.47,65503.01,DUE,
322,760,2022-08-22,58958.14,25056.93,33901.21,DUE,
323,663,2022-12-17,53720.09,45486.7,8233.39,MISSED,
324,265,2024-04-10,73468.44,33155.14,40313.3,PARTIAL,2024-05-23
325,487,2020-06-20,267780.85,121321.04,146459.81,PARTIAL,2020-08-15
326,133,2019-12-15,95692.75,79261.19,16431.56,DUE,
327,191,2024-09-19,129757.48,56737.25,73020.23,PARTIAL,2024-10-09
328,823,2031-10-01,76659.21,53390.34,23268.87,PARTIAL,2031-11-24
329,799,2026-11-29,10415.85,8460.19,1955.66,DUE,
330,768,2023-07-01,316519.56,134128.31,182391.25,PAID,2023-07-30
331,530,2024-07-19,125065.73,104124.51,20941.22,MISSED,
332,276,2022-07-12,92212.89,57665.04,34547.85,PARTIAL,2022-07-22
333,338,2021-06-06,101415.71,50520.76,50894.95,PARTIAL,2021-07-19
334,473,2020-10-03,108360.15,99802.96,8557.19,MISSED,
335,640,2020-08-07,227581.83,169801.0,57780.83,PARTIAL,2020-09-01
336,416,2021-10-27,138364.97,101505.28,36859.69,PAID,2021-12-24
337,883,2024-07-09,186247.0,124056.36,62190.64,PAID,2024-08-14
338,471,2021-10-22,2897.8,1368.77,1529.03,PAID,2021-12-05
339,119,2024-09-12,139309.63,127137.11,12172.52,MISSED,
340,1000,2020-04-19,380091.65,258395.93,121695.72,MISSED,
341,965,2021-02-28,109782.24,56477.18,53305.06,PARTIAL,2021-04-17
342,751,2027-01-06,27257.97,16156.43,11101.54,MISSED,
343,969,2019-12-23,393722.55,346779.91,46942.64,DUE,
344,563,2022-11-18,194268.28,138565.23,55703.05,DUE,
345,705,2022-11-11,180357.7,166817.37,13540.33,PARTIAL,2022-12-05
346,718,2023-08-26,158853.86,115542.03,43311.83,DUE,
347,980,2019-07-13,84615.5,59773.96,24841.54,PARTIAL,2019-07-13
348,956,2025-01-18,136344.75,88338.39,48006.36,PAID,2025-02-13
349,709,2025-03-12,29203.51,22266.56,6936.95,PARTIAL,2025-04-20
350,919,2026-07-01,33302.94,15313.88,17989.06,PARTIAL,2026-08-21
351,999,2021-10-07,122690.04,89527.73,33162.31,PARTIAL,2021-10-25
352,467,2022-03-31,4350.72,1936.37,2414.35,PAID,2022-05-27
353,503,2027-06-18,148249.62,108678.28,39571.34,MISSED,
354,916,2029-09-11,48844.45,20018.53,28825.92,MISSED,
355,22,2026-06-19,17041.87,14036.56,3005.31,PAID,2026-07-04
356,700,2024-12-28,18819.19,9044.58,9774.61,DUE,
357,15,2028-11-04,74925.43,37070.06,37855.37,MISSED,
358,550,2022-06-07,185941.95,117456.72,68485.23,MISSED,
359,749,2022-03-01,172847.96,82345.79,90502.17,PARTIAL,2022-03-28
360,322,2024-07-21,184562.23,105649.57,78912.66,DUE,
361,625,2025-08-17,201984.84,97372.71,104612.13,PAID,2025-08-24
362,131,2025-11-11,140055.13,98203.78,41851.35,MISSED,
363,639,2024-02-11,242894.66,124517.28,118377.38,PARTIAL,2024-04-03
364,550,2023-07-02,185941.95,153490.0,32451.95,PAID,2023-08-16
365,918,2023-03-07,1441.69,757.18,684.51,MISSED,
366,148,2025-02-18,23549.28,13369.71,10179.57,PAID,2025-03-07
367,74,2022-09-22,207577.38,180034.47,27542.91,PAID,2022-10-27
368,538,2021-12-06,691260.25,530278.74,160981.51,PARTIAL,2022-01-23
369,557,2028-07-07,30500.55,23073.81,7426.74,PARTIAL,2028-08-10
370,961,2032-06-17,23959.1,11781.01,12178.09,PAID,2032-06-30
371,703,2022-04-26,255122.5,119855.83,135266.67,PARTIAL,2022-05-23
372,773,2020-05-29,382386.5,178078.86,204307.64,MISSED,
373,84,2021-01-24,484428.06,329204.67,155223.39,DUE,
374,785,2025-03-25,146918.63,91091.26,55827.37,PAID,2025-05-23
375,938,2022-02-26,99864.56,53121.76,46742.8,PAID,2022-03-26
376,960,2024-09-01,87563.68,50340.69,37222.99,PAID,2024-09-06
377,798,2024-04-13,225328.93,132855.47,92473.46,PARTIAL,2024-06-04
378,310,2021-07-28,15380.25,9929.94,5450.31,PAID,2021-08-27
379,29,2023-12-12,278494.02,119250.83,159243.19,PARTIAL,2024-01-14
380,930,2029-06-12,63202.39,57205.3,5997.09,MISSED,
381,822,2025-10-13,132356.78,109161.18,23195.6,PAID,2025-12-10
382,180,2025-05-21,26917.71,15848.61,11069.1,MISSED,
383,206,2022-11-02,161683.34,84092.81,77590.53,PARTIAL,2022-12-04
384,881,2026-02-12,148259.34,112123.1,36136.24,PAID,2026-04-03
385,449,2021-01-16,811202.51,702205.71,108996.8,PAID,2021-03-03
386,52,2018-03-15,328753.21,203855.5,124897.71,DUE,
387,851,2022-04-04,69687.14,57840.7,11846.44,PAID,2022-04-04
388,655,2025-02-24,165580.71,110629.66,54951.05,MISSED,
389,765,2021-09-29,92412.58,56372.49,36040.09,PARTIAL,2021-10-31
390,365,2030-07-17,100465.95,68853.87,31612.08,MISSED,
391,978,2025-06-08,35446.61,28355.74,7090.87,PARTIAL,2025-07-07
392,861,2025-09-21,45533.72,23880.48,21653.24,PARTIAL,2025-10-05
393,514,2023-03-18,203373.03,137144.47,66228.56,DUE,
394,189,2024-07-05,5720.36,3968.74,1751.62,PARTIAL,2024-08-24
395,692,2019-06-27,244428.58,141667.64,102760.94,PARTIAL,2019-08-09
396,852,2027-10-29,178004.43,108386.66,69617.77,DUE,
397,975,2023-01-08,27094.26,13352.67,13741.59,DUE,
398,158,2029-01-13,89215.68,68882.79,20332.89,DUE,
399,473,2026-07-04,108360.15,81009.13,27351.02,PAID,2026-07-21
400,554,2019-08-07,70607.63,62389.81,8217.82,PARTIAL,2019-08-17
401,164,2024-02-22,65517.03,49882.14,15634.89,MISSED,
402,336,2023-10-19,783798.98,363457.75,420341.23,MISSED,
403,734,2022-05-29,175809.53,157151.97,18657.56,MISSED,
404,155,2022-05-04,294358.04,130512.09,163845.95,DUE,
405,66,2023-03-02,39360.62,25403.91,13956.71,PARTIAL,2023-03-23
406,711,2024-10-24,264722.37,172088.01,92634.36,PARTIAL,2024-11-23
407,254,2025-03-07,216907.31,100110.24,116797.07,MISSED,
408,465,2030-02-03,42138.02,23892.92,18245.1,PARTIAL,2030-02-19
409,709,2025-10-08,29203.51,24362.44,4841.07,DUE,
410,805,2027-11-28,51931.54,34795.44,17136.1,DUE,
411,718,2021-04-08,158853.86,106195.47,52658.39,MISSED,
412,532,2023-09-11,201810.85,159717.2,42093.65,DUE,
413,241,2024-09-25,114711.07,96994.16,17716.91,PARTIAL,2024-11-12
414,590,2024-05-24,63499.72,33052.31,30447.41,DUE,
415,942,2022-08-10,330643.97,234106.73,96537.24,PAID,2022-08-29
416,124,2021-06-16,38038.7,25253.85,12784.85,DUE,
417,799,2025-03-09,10415.85,8215.73,2200.12,DUE,
418,829,2026-04-20,23244.95,17186.51,6058.44,PAID,2026-04-23
419,796,2028-07-22,86230.56,45391.33,40839.23,DUE,
420,195,2025-11-20,59835.76,32802.57,27033.19,DUE,
421,847,2029-11-26,18494.48,9933.53,8560.95,PAID,2029-12-02
422,155,2024-01-24,294358.04,210218.27,84139.77,DUE,
423,814,2023-03-24,146312.96,80298.11,66014.85,DUE,
424,790,2027-08-10,80977.32,56490.89,24486.43,PARTIAL,2027-09-15
425,869,2026-04-18,628436.53,411221.33,217215.2,PAID,2026-06-01
426,182,2022-12-20,134608.91,97028.61,37580.3,MISSED,
427,538,2021-02-09,691260.25,512959.88,178300.37,PAID,2021-04-08
428,535,2019-10-21,63490.59,56214.62,7275.97,MISSED,
429,216,2024-02-09,53509.68,24174.53,29335.15,DUE,
430,430,2024-04-23,231322.69,96502.19,134820.5,MISSED,
431,851,2021-04-09,69687.14,49407.26,20279.88,PAID,2021-06-06
432,42,2019-06-08,323066.47,225682.5,97383.97,MISSED,
433,593,2025-12-29,14006.03,12637.93,1368.1,PARTIAL,2026-02-01
434,403,2021-06-08,30464.68,12840.45,17624.23,MISSED,
435,716,2029-10-20,33514.79,30898.55,2616.24,MISSED,
436,868,2025-06-04,440557.71,242267.6,198290.11,PARTIAL,2025-07-11
437,66,2023-04-01,39360.62,27557.92,11802.7,DUE,
438,44,2020-07-16,543506.45,319949.52,223556.93,PAID,2020-08-13
439,797,2025-11-11,102308.83,59094.72,43214.11,MISSED,
440,235,2025-08-10,60813.25,48960.67,11852.58,DUE,
441,539,2023-12-21,86778.62,41182.04,45596.58,PARTIAL,2024-01-01
442,875,2021-10-06,307846.65,125932.4,181914.25,PAID,2021-11-16
443,750,2025-09-04,22483.25,20462.44,2020.81,PAID,2025-10-05
444,708,2026-03-29,40055.21,19507.99,20547.22,PARTIAL,2026-05-21
445,976,2026-09-12,36033.07,24067.72,11965.35,PAID,2026-09-27
446,71,2023-07-05,88018.27,69145.79,18872.48,PAID,2023-07-23
447,70,2022-07-21,66349.7,40542.26,25807.44,PAID,2022-08-24
448,163,2025-07-07,119451.79,78134.25,41317.54,PARTIAL,2025-08-26
449,597,2027-01-02,42500.22,20082.15,22418.07,MISSED,
450,478,2020-10-05,7446.12,5654.72,1791.4,PARTIAL,2020-10-31
451,28,2023-06-23,88679.42,44674.96,44004.46,PARTIAL,2023-08-22
452,404,2020-12-09,703067.29,409360.18,293707.11,MISSED,
453,294,2024-07-27,95682.28,78244.66,17437.62,DUE,
454,629,2022-03-14,687067.6,574262.39,112805.21,PAID,2022-03-30
455,708,2027-09-20,40055.21,27785.65,12269.56,MISSED,
456,801,2021-01-29,156449.6,104720.88,51728.72,MISSED,
457,712,2023-05-02,165186.95,134817.63,30369.32,MISSED,
458,808,2025-12-01,297445.11,219465.9,77979.21,DUE,
459,782,2024-12-05,31188.97,20714.41,10474.56,PAID,2024-12-29
460,787,2022-06-19,726953.71,420979.38,305974.33,DUE,
461,937,2023-06-20,107081.85,96424.49,10657.36,DUE,
462,801,2018-06-14,156449.6,64587.83,91861.77,MISSED,
463,871,2024-10-16,279100.0,183923.83,95176.17,PAID,2024-12-11
464,120,2023-11-02,96961.29,83141.68,13819.61,PAID,2023-12-18
465,419,2027-05-28,110882.6,73418.64,37463.96,PARTIAL,2027-06-01
466,601,2019-11-05,212853.81,141881.44,70972.37,DUE,
467,213,2023-10-22,282819.11,142055.35,140763.76,DUE,
468,751,2028-03-31,27257.97,12229.32,15028.65,PAID,2028-04-14
469,640,2022-01-29,227581.83,109819.31,117762.52,MISSED,
470,997,2025-05-08,39169.96,29638.13,9531.83,PARTIAL,2025-05-24
471,676,2025-07-30,51596.56,30571.4,21025.16,PARTIAL,2025-09-17
472,290,2026-06-21,57216.59,52694.2,4522.39,MISSED,
473,532,2022-05-19,201810.85,159421.44,42389.41,PAID,2022-06-06
474,290,2026-01-22,57216.59,48579.51,8637.08,MISSED,
475,945,2031-03-10,65375.9,28876.72,36499.18,PARTIAL,2031-03-11
476,418,2019-01-13,650679.23,459984.67,190694.56,MISSED,
477,583,2029-01-01,16146.94,11590.62,4556.32,PARTIAL,2029-01-09
478,889,2022-09-05,81562.99,63176.2,18386.79,MISSED,
479,124,2019-09-25,38038.7,25098.37,12940.33,PAID,2019-10-07
480,464,2020-12-28,195087.45,87198.39,107889.06,PAID,2021-01-17
481,738,2022-10-13,138357.61,124741.3,13616.31,MISSED,
482,531,2020-04-11,362830.16,257626.63,105203.53,DUE,
483,182,2022-03-25,134608.91,126602.32,8006.59,PAID,2022-05-24
484,85,2025-02-21,357840.38,319929.0,37911.38,PAID,2025-03-13
485,818,2024-01-01,421211.44,350991.66,70219.78,DUE,
486,375,2024-09-20,196764.63,130462.99,66301.64,DUE,
487,178,2024-01-14,200774.22,99232.44,101541.78,PARTIAL,2024-03-02
488,858,2020-01-01,700066.21,319364.32,380701.89,PAID,2020-01-13
489,325,2025-12-15,354146.06,167083.65,187062.41,PARTIAL,2026-01-02
490,236,2018-11-02,422598.15,325335.86,97262.29,PAID,2018-12-28
491,935,2026-09-26,61372.22,33127.36,28244.86,DUE,
492,888,2023-01-14,720813.68,428999.24,291814.44,PAID,2023-01-17
493,45,2021-04-20,418391.51,223865.81,194525.7,DUE,
494,577,2020-01-16,252339.29,175999.05,76340.24,DUE,
495,158,2026-08-27,89215.68,59311.48,29904.2,MISSED,
496,675,2023-10-12,536689.92,341911.72,194778.2,MISSED,
497,526,2021-09-19,47747.26,19781.82,27965.44,DUE,
498,502,2021-04-02,28814.69,20983.05,7831.64,PARTIAL,2021-04-05
499,630,2019-09-11,263444.44,232240.49,31203.95,MISSED,
500,359,2023-11-27,35583.99,18404.59,17179.4,MISSED,
501,908,2025-01-08,328264.67,227904.53,100360.14,PARTIAL,2025-02-10
502,116,2021-01-20,732027.64,589448.74,142578.9,DUE,
503,731,2027-01-24,75242.77,60566.99,14675.78,MISSED,
504,577,2021-06-09,252339.29,220033.64,32305.65,DUE,
505,570,2025-05-05,264416.31,224022.46,40393.85,DUE,
506,639,2024-10-08,242894.66,97540.51,145354.15,PARTIAL,2024-11-16
507,768,2023-06-01,316519.56,187585.66,128933.9,PARTIAL,2023-06-06
508,929,2023-01-24,218260.75,92010.93,126249.82,MISSED,
509,553,2021-08-13,43508.62,35441.52,8067.1,PARTIAL,2021-09-22
510,826,2025-12-18,193051.31,167204.12,25847.19,PARTIAL,2025-12-21
511,959,2021-04-20,390889.03,166462.03,224427.0,MISSED,
512,373,2024-11-05,24504.97,12155.12,12349.85,MISSED,
513,725,2025-10-06,93905.8,46063.17,47842.63,PARTIAL,2025-11-05
514,805,2028-02-26,51931.54,39581.17,12350.37,PARTIAL,2028-02-29
515,132,2022-12-19,117128.56,68517.82,48610.74,PAID,2023-02-14
516,736,2019-12-27,57963.5,44292.76,13670.74,PAID,2020-01-26
517,173,2021-03-04,52444.83,28739.4,23705.43,PARTIAL,2021-04-16
518,798,2024-11-09,225328.93,205296.26,20032.67,DUE,
519,254,2023-04-17,216907.31,140797.39,76109.92,PARTIAL,2023-05-21
520,136,2023-11-14,830564.02,447051.87,383512.15,MISSED,
521,481,2027-08-01,27254.18,13127.82,14126.36,MISSED,
522,453,2024-01-21,739549.79,493072.63,246477.16,PAID,2024-02-26
523,12,2023-10-16,124581.14,71713.59,52867.55,DUE,
524,417,2023-07-10,20910.72,14614.72,6296.0,MISSED,
525,437,2026-05-06,2820.21,1755.26,1064.95,MISSED,
526,637,2025-09-14,68011.02,27691.56,40319.46,DUE,
527,471,2022-02-19,2897.8,1903.01,994.79,PAID,2022-03-01
528,633,2019-05-02,275894.7,186158.14,89736.56,PARTIAL,2019-06-05
529,16,2020-02-23,6577.22,4077.75,2499.47,PARTIAL,2020-04-03
530,684,2025-09-21,250892.6,142265.82,108626.78,DUE,
531,696,2023-06-06,77959.97,56700.44,21259.53,PARTIAL,2023-06-30
532,341,2023-06-01,116589.42,89297.24,27292.18,PARTIAL,2023-07-18
533,536,2024-10-23,58647.87,41535.74,17112.13,DUE,
534,655,2024-03-01,165580.71,118199.45,47381.26,PAID,2024-04-04
535,230,2024-01-09,148988.54,118031.18,30957.36,DUE,
536,727,2021-08-09,35455.87,16811.62,18644.25,PAID,2021-08-31
537,925,2023-03-11,40854.53,18184.53,22670.0,MISSED,
538,792,2022-04-05,109270.46,96483.71,12786.75,MISSED,
539,194,2026-11-01,183116.39,135855.09,47261.3,DUE,
540,359,2028-09-01,35583.99,19188.75,16395.24,DUE,
541,486,2024-01-13,123894.04,94607.1,29286.94,PARTIAL,2024-01-27
542,346,2022-03-22,338872.66,265642.94,73229.72,MISSED,
543,384,2023-09-13,262708.84,116698.34,146010.5,PAID,2023-10-10
544,952,2019-04-20,459806.93,406487.49,53319.44,DUE,
545,555,2026-05-22,76427.56,65204.82,11222.74,PARTIAL,2026-06-16
546,206,2026-01-15,161683.34,71467.57,90215.77,PARTIAL,2026-02-12
547,699,2019-07-31,4852.77,4539.3,313.47,DUE,
548,785,2024-09-26,146918.63,92853.96,54064.67,DUE,
549,541,2028-02-20,50444.31,39916.88,10527.43,MISSED,
550,369,2022-07-28,115584.3,78377.63,37206.67,PARTIAL,2022-08-09
551,910,2024-12-01,161623.57,117135.9,44487.67,MISSED,
552,552,2021-05-14,119540.68,102987.16,16553.52,MISSED,
553,729,2021-08-06,10397.93,7104.2,3293.73,DUE,
554,639,2026-01-31,242894.66,141247.3,101647.36,DUE,
555,589,2027-04-05,7403.65,6860.99,542.66,MISSED,
556,293,2030-06-07,86567.15,49041.16,37525.99,MISSED,
557,199,2021-03-16,251114.11,111977.56,139136.55,MISSED,
558,522,2020-04-15,299464.52,168105.99,131358.53,MISSED,
559,293,2028-09-15,86567.15,78604.48,7962.67,MISSED,
560,24,2025-01-12,208217.97,87828.82,120389.15,PARTIAL,2025-02-28
561,348,2027-09-06,25383.01,20227.61,5155.4,PAID,2027-09-25
562,554,2021-04-28,70607.63,61711.46,8896.17,PARTIAL,2021-06-15
563,967,2021-02-21,248355.27,226216.74,22138.53,MISSED,
564,723,2027-03-31,89392.98,50909.08,38483.9,DUE,
565,744,2024-09-30,72553.82,46012.41,26541.41,PAID,2024-10-30
566,465,2023-02-10,42138.02,38027.79,4110.23,PARTIAL,2023-04-03
567,967,2021-12-18,248355.27,121450.84,126904.43,MISSED,
568,910,2025-03-31,161623.57,114828.61,46794.96,DUE,
569,553,2020-05-20,43508.62,37078.98,6429.64,PAID,2020-06-17
570,828,2024-03-10,129845.16,53831.45,76013.71,PARTIAL,2024-03-26
571,408,2023-05-27,15870.3,13474.44,2395.86,MISSED,
572,737,2032-09-01,58114.89,47863.69,10251.2,MISSED,
573,41,2027-10-22,4955.49,4640.81,314.68,MISSED,
574,650,2024-05-09,512376.3,363925.49,148450.81,PAID,2024-07-03
575,165,2020-03-05,102432.44,68288.54,34143.9,PARTIAL,2020-04-18
576,841,2026-09-26,30937.9,15958.6,14979.3,PAID,2026-11-11
577,822,2025-08-14,132356.78,69448.22,62908.56,DUE,
578,270,2031-01-06,77958.71,41859.8,36098.91,PAID,2031-01-28
579,872,2020-10-23,228834.7,155875.04,72959.66,PAID,2020-11-24
580,821,2024-08-14,134828.99,66824.18,68004.81,DUE,
581,964,2020-09-12,359523.9,228765.11,130758.79,PARTIAL,2020-09-25
582,265,2023-12-12,73468.44,54058.06,19410.38,DUE,
583,36,2021-10-11,750174.75,308845.82,441328.93,PAID,2021-12-04
584,550,2022-11-04,185941.95,74389.08,111552.87,DUE,
585,211,2025-07-22,41433.2,33607.64,7825.56,MISSED,
586,420,2021-04-26,167832.84,110194.31,57638.53,DUE,
587,521,2027-02-10,31636.12,21553.37,10082.75,MISSED,
588,816,2024-01-19,58540.52,33347.16,25193.36,DUE,
589,401,2022-04-23,72187.29,66727.45,5459.84,MISSED,
590,797,2027-02-04,102308.83,60375.25,41933.58,PAID,2027-03-31
591,750,2027-01-27,22483.25,18430.34,4052.91,PAID,2027-02-18
592,64,2022-06-10,209012.69,101323.38,107689.31,DUE,
593,371,2019-12-11,41540.4,25033.66,16506.74,MISSED,
594,336,2024-01-17,783798.98,736070.93,47728.05,PAID,2024-02-16
595,75,2029-12-20,10391.73,6808.64,3583.09,MISSED,
596,764,2026-09-12,193420.35,173967.42,19452.93,MISSED,
597,172,2026-01-19,5911.33,2807.67,3103.66,PAID,2026-02-01
598,544,2019-05-25,97441.25,44839.72,52601.53,DUE,
599,783,2019-03-28,161829.36,143298.27,18531.09,DUE,
600,119,2023-03-22,139309.63,91043.24,48266.39,PARTIAL,2023-04-10
601,406,2021-07-31,65844.39,45865.57,19978.82,PARTIAL,2021-09-04
602,933,2025-05-09,49250.21,26887.27,22362.94,DUE,
603,500,2023-07-16,155982.05,90140.67,65841.38,MISSED,
604,561,2028-06-29,13629.21,11871.08,1758.13,PAID,2028-07-05
605,951,2025-10-07,62989.97,58469.88,4520.09,PAID,2025-10-14
606,878,2020-01-05,170777.23,148503.19,22274.04,PAID,2020-01-22
607,613,2027-08-08,36087.91,21924.26,14163.65,DUE,
608,858,2019-09-03,700066.21,390423.86,309642.35,DUE,
609,860,2026-10-10,153360.83,80009.03,73351.8,PARTIAL,2026-10-16
610,306,2018-08-19,123616.44,75266.71,48349.73,MISSED,
611,712,2023-10-29,165186.95,114068.25,51118.7,PAID,2023-12-26
612,975,2020-10-20,27094.26,19921.0,7173.26,MISSED,
613,691,2022-02-14,93343.45,86278.3,7065.15,PAID,2022-03-14
614,542,2024-08-13,21645.77,9040.89,12604.88,PARTIAL,2024-09-26
615,640,2021-06-03,227581.83,118000.32,109581.51,PARTIAL,2021-06-26
616,944,2027-02-06,217621.12,165508.98,52112.14,DUE,
617,70,2020-01-03,66349.7,28962.38,37387.32,DUE,
618,269,2027-09-27,73261.76,56573.54,16688.22,PARTIAL,2027-10-05
619,330,2018-09-27,180064.08,159677.93,20386.15,PARTIAL,2018-11-02
620,375,2023-09-26,196764.63,180840.07,15924.56,DUE,
621,793,2023-08-20,361281.27,221537.67,139743.6,PARTIAL,2023-09-25
622,748,2026-05-17,59655.41,25767.95,33887.46,PARTIAL,2026-06-02
623,370,2023-11-01,105954.68,80991.24,24963.44,DUE,
624,267,2024-06-06,156095.97,75128.69,80967.28,DUE,
625,5,2025-05-25,75406.47,31720.97,43685.5,PAID,2025-06-26
626,559,2023-01-20,190624.98,126190.17,64434.81,MISSED,
627,75,2026-05-10,10391.73,8942.4,1449.33,MISSED,
628,23,2018-11-28,190592.14,175028.72,15563.42,DUE,
629,145,2028-06-02,28208.23,12824.24,15383.99,DUE,
630,35,2026-04-05,44221.78,27593.82,16627.96,MISSED,
631,624,2020-09-09,31628.52,18803.78,12824.74,DUE,
632,42,2018-12-10,323066.47,222736.72,100329.75,MISSED,
633,322,2022-10-30,184562.23,91619.33,92942.9,PARTIAL,2022-12-14
634,444,2026-05-13,81671.35,49907.08,31764.27,PAID,2026-05-24
635,170,2026-11-28,122707.09,52805.35,69901.74,PARTIAL,2027-01-18
636,273,2022-11-05,4066.04,3429.78,636.26,MISSED,
637,91,2019-12-22,271608.75,160508.61,111100.14,MISSED,
638,510,2025-12-04,44190.3,32272.47,11917.83,PAID,2026-01-12
639,222,2022-03-09,152600.68,133848.81,18751.87,MISSED,
640,773,2020-11-25,382386.5,328658.71,53727.79,MISSED,
641,10,2024-09-26,2731.67,1470.05,1261.62,MISSED,
642,146,2031-01-07,11553.05,6148.37,5404.68,PAID,2031-03-08
643,576,2025-10-31,21695.44,19481.61,2213.83,PARTIAL,2025-11-05
644,474,2024-09-20,259532.96,194551.78,64981.18,DUE,
645,312,2026-11-23,22210.91,14786.21,7424.7,DUE,
646,314,2025-12-03,77804.92,39482.93,38321.99,DUE,
647,704,2023-12-05,85961.59,52858.21,33103.38,MISSED,
648,897,2027-08-04,67978.84,60005.83,7973.01,PARTIAL,2027-08-25
649,219,2026-01-23,102272.6,49775.1,52497.5,PARTIAL,2026-02-05
650,572,2020-11-16,151842.03,73763.71,78078.32,MISSED,
651,781,2023-01-26,796858.12,698336.1,98522.02,PARTIAL,2023-01-29
652,436,2024-01-05,107453.4,60952.26,46501.14,PAID,2024-02-03
653,242,2032-06-22,11855.3,9609.89,2245.41,PAID,2032-08-18
654,974,2026-05-27,78368.13,68279.18,10088.95,DUE,
655,267,2024-12-03,156095.97,84469.15,71626.82,MISSED,
656,373,2025-03-05,24504.97,20297.76,4207.21,DUE,
657,255,2020-12-11,519124.81,223695.11,295429.7,PARTIAL,2021-01-27
658,303,2022-04-30,139620.35,97425.57,42194.78,PAID,2022-05-03
659,218,2030-04-15,110036.76,73971.79,36064.97,DUE,
660,834,2024-09-27,111948.88,87396.02,24552.86,DUE,
661,283,2028-09-22,6484.08,3557.96,2926.12,PAID,2028-09-24
662,373,2024-04-09,24504.97,10384.6,14120.37,DUE,
663,838,2023-06-06,36842.94,26641.18,10201.76,PAID,2023-07-28
664,261,2025-11-03,109409.0,83696.22,25712.78,MISSED,
665,714,2024-10-03,108212.03,46548.91,61663.12,MISSED,
666,899,2026-10-21,46841.04,31716.25,15124.79,MISSED,
667,383,2020-07-03,62754.64,43098.63,19656.01,PARTIAL,2020-07-12
668,167,2020-08-08,204686.72,102708.57,101978.15,MISSED,
669,451,2021-01-31,55311.29,38021.74,17289.55,MISSED,
670,344,2022-06-20,28536.34,22293.11,6243.23,PARTIAL,2022-07-09
671,993,2019-05-12,745240.22,536367.28,208872.94,MISSED,
672,506,2022-07-26,30215.34,12469.3,17746.04,PAID,2022-08-04
673,824,2022-08-02,116458.49,54941.72,61516.77,MISSED,
674,845,2025-07-14,187173.71,107002.43,80171.28,PARTIAL,2025-07-22
675,879,2019-12-28,26955.02,22094.17,4860.85,PAID,2020-01-02
676,435,2022-05-03,704411.16,304242.11,400169.05,PARTIAL,2022-05-14
677,196,2025-06-27,54358.63,45422.93,8935.7,PARTIAL,2025-08-04
678,561,2025-03-17,13629.21,6019.25,7609.96,PARTIAL,2025-03-28
679,765,2020-01-08,92412.58,74128.09,18284.49,PAID,2020-02-19
680,326,2022-12-12,88392.85,78196.83,10196.02,MISSED,
681,638,2021-12-05,302306.41,140909.15,161397.26,PARTIAL,2021-12-08
682,297,2024-01-09,149954.74,80219.98,69734.76,MISSED,
683,729,2020-07-12,10397.93,6303.84,4094.09,PAID,2020-07-16
684,942,2023-03-08,330643.97,193712.62,136931.35,PARTIAL,2023-03-21
685,224,2020-08-05,392825.87,258018.89,134806.98,PARTIAL,2020-10-02
686,495,2022-08-12,730088.37,553113.7,176974.67,PAID,2022-08-15
687,895,2022-09-14,134805.08,124676.52,10128.56,PARTIAL,2022-10-18
688,365,2029-10-20,100465.95,48079.9,52386.05,MISSED,
689,365,2027-08-02,100465.95,91231.44,9234.51,MISSED,
690,877,2023-05-26,114312.14,84832.35,29479.79,DUE,
691,354,2028-09-11,163446.08,122621.84,40824.24,MISSED,
692,225,2022-03-26,662536.17,275411.63,387124.54,PAID,2022-05-10
693,504,2026-03-14,103737.29,94375.16,9362.13,DUE,
694,942,2022-12-08,330643.97,253979.58,76664.39,PARTIAL,2023-01-17
695,885,2020-11-11,32872.17,30223.76,2648.41,PAID,2020-12-07
696,545,2025-10-05,358460.9,224178.18,134282.72,DUE,
697,472,2021-04-13,187685.41,77508.58,110176.83,MISSED,
698,81,2022-10-05,218967.11,199552.32,19414.79,PARTIAL,2022-12-04
699,791,2020-02-25,191649.43,115008.29,76641.14,DUE,
700,45,2021-07-19,418391.51,381556.86,36834.65,DUE,
701,576,2025-04-04,21695.44,13468.09,8227.35,MISSED,
702,907,2023-08-10,318786.5,142662.3,176124.2,DUE,
703,66,2027-02-09,39360.62,17300.96,22059.66,MISSED,
704,854,2021-10-26,723459.2,525215.13,198244.07,DUE,
705,844,2024-06-25,59120.18,47359.85,11760.33,MISSED,
706,520,2026-06-30,207355.83,156129.66,51226.17,PARTIAL,2026-08-17
707,416,2020-06-04,138364.97,104669.96,33695.01,PARTIAL,2020-06-15
708,62,2025-12-10,78273.45,33400.11,44873.34,DUE,
709,797,2025-06-14,102308.83,63644.21,38664.62,MISSED,
710,428,2028-10-15,51195.45,20773.94,30421.51,PARTIAL,2028-10-30
711,342,2025-04-30,71434.94,62141.5,9293.44,PAID,2025-06-16
712,961,2033-08-11,23959.1,10469.09,13490.01,PARTIAL,2033-09-25
713,459,2020-02-29,212847.46,153268.12,59579.34,DUE,
714,710,2026-01-28,121479.4,93098.62,28380.78,PAID,2026-02-28
715,724,2024-07-08,244386.05,102078.04,142308.01,MISSED,
716,801,2019-09-07,156449.6,73422.39,83027.21,MISSED,
717,375,2025-09-15,196764.63,168722.24,28042.39,DUE,
718,961,2027-05-15,23959.1,12747.47,11211.63,DUE,
719,827,2024-02-05,65252.34,56986.77,8265.57,DUE,
720,333,2020-11-27,112366.62,89000.49,23366.13,PAID,2021-01-22
721,84,2021-08-22,484428.06,230452.85,253975.21,DUE,
722,755,2024-07-17,115083.12,86924.28,28158.84,PARTIAL,2024-09-08
723,405,2024-01-20,826026.52,680624.52,145402.0,DUE,
724,810,2025-05-17,130953.23,90195.38,40757.85,MISSED,
725,781,2023-10-23,796858.12,518109.41,278748.71,DUE,
726,668,2023-05-23,4905.14,3489.98,1415.16,MISSED,
727,548,2019-03-02,113366.97,67158.19,46208.78,PARTIAL,2019-03-21
728,945,2025-09-07,65375.9,39153.21,26222.69,PAID,2025-09-13
729,561,2021-08-05,13629.21,7118.4,6510.81,DUE,
730,153,2022-03-30,203778.44,114272.28,89506.16,MISSED,
731,4,2031-12-29,21150.81,15176.79,5974.02,MISSED,
732,198,2026-01-13,55523.55,47344.76,8178.79,PAID,2026-02-04
733,667,2019-06-01,68697.92,62708.88,5989.04,PARTIAL,2019-07-15
734,7,2022-06-27,19198.48,17165.92,2032.56,MISSED,
735,261,2028-02-21,109409.0,50356.91,59052.09,MISSED,
736,709,2025-03-12,29203.51,21799.42,7404.09,PARTIAL,2025-03-24
737,419,2031-01-07,110882.6,86430.11,24452.49,PAID,2031-01-12
738,303,2023-08-23,139620.35,125316.62,14303.73,PAID,2023-10-10
739,631,2020-10-26,158976.68,111926.74,47049.94,DUE,
740,798,2025-05-08,225328.93,193075.34,32253.59,DUE,
741,839,2029-12-23,77663.21,49887.22,27775.99,PARTIAL,2030-02-07
742,906,2026-07-22,31662.5,24270.59,7391.91,PARTIAL,2026-08-12
743,549,2021-04-10,99248.6,42656.52,56592.08,PAID,2021-04-20
744,455,2027-02-06,31575.35,21026.24,10549.11,MISSED,
745,703,2021-05-01,255122.5,120238.08,134884.42,DUE,
746,434,2027-04-27,45391.39,28985.94,16405.45,MISSED,
747,130,2025-07-17,22475.22,11176.06,11299.16,PAID,2025-09-03
748,745,2022-07-23,85796.81,46325.06,39471.75,PARTIAL,2022-08-14
749,911,2019-04-12,56383.63,44638.31,11745.32,DUE,
750,416,2021-11-26,138364.97,92543.01,45821.96,PAID,2021-11-30
751,751,2025-08-14,27257.97,23657.28,3600.69,PAID,2025-08-14
752,426,2021-04-02,155033.02,123729.49,31303.53,PARTIAL,2021-04-14
753,855,2028-01-30,33023.54,22108.42,10915.12,DUE,
754,700,2024-12-28,18819.19,10179.45,8639.74,PARTIAL,2025-01-25
755,897,2032-09-06,67978.84,64479.45,3499.39,PARTIAL,2032-09-17
756,831,2025-10-21,18828.67,12297.17,6531.5,PAID,2025-11-11
757,216,2024-10-06,53509.68,28999.63,24510.05,MISSED,
758,129,2022-04-08,91089.57,85819.68,5269.89,MISSED,
759,533,2028-09-01,44057.27,41034.92,3022.35,PAID,2028-09-11
760,166,2028-12-22,156873.15,91435.91,65437.24,PAID,2029-01-12
761,27,2021-02-01,79868.83,73991.58,5877.25,PAID,2021-03-01
762,957,2025-08-11,171891.89,93484.56,78407.33,MISSED,
763,656,2023-06-25,64834.16,26195.03,38639.13,PAID,2023-07-28
764,261,2028-03-22,109409.0,96376.74,13032.26,PAID,2028-05-20
765,489,2019-07-15,17126.6,10048.6,7078.0,MISSED,
766,901,2023-07-16,38746.91,31018.94,7727.97,PAID,2023-07-26
767,187,2023-01-10,217355.5,188470.19,28885.31,PAID,2023-02-25
768,930,2023-06-14,63202.39,26447.17,36755.22,PARTIAL,2023-06-14
769,650,2024-03-10,512376.3,265481.67,246894.63,PARTIAL,2024-03-18
770,989,2022-07-25,167593.77,84342.97,83250.8,MISSED,
771,656,2021-07-05,64834.16,45653.67,19180.49,PARTIAL,2021-09-01
772,787,2022-09-17,726953.71,434283.39,292670.32,DUE,
773,813,2018-08-15,304417.85,142741.61,161676.24,PARTIAL,2018-09-26
774,746,2023-02-28,29250.17,15559.22,13690.95,PAID,2023-03-25
775,387,2024-07-20,159438.66,113394.19,46044.47,PAID,2024-08-15
776,893,2022-12-03,54692.21,37150.46,17541.75,PARTIAL,2023-01-11
777,73,2022-12-21,21378.44,15335.85,6042.59,PARTIAL,2023-02-13
778,711,2023-05-03,264722.37,228135.43,36586.94,PARTIAL,2023-05-21
779,821,2022-12-23,134828.99,107750.36,27078.63,PAID,2023-02-05
780,166,2027-06-01,156873.15,96387.75,60485.4,MISSED,
781,195,2026-07-18,59835.76,52021.38,7814.38,PARTIAL,2026-09-11
782,910,2024-01-06,161623.57,112796.02,48827.55,DUE,
783,516,2026-07-13,246165.86,169593.58,76572.28,MISSED,
784,112,2021-07-14,31780.78,29322.77,2458.01,MISSED,
785,236,2018-07-05,422598.15,358126.95,64471.2,PAID,2018-08-24
786,525,2023-04-24,21237.33,15540.87,5696.46,DUE,
787,348,2026-02-13,25383.01,20367.19,5015.82,MISSED,
788,523,2023-09-12,91623.86,51531.96,40091.9,MISSED,
789,468,2019-05-13,153687.38,125392.9,28294.48,PARTIAL,2019-06-24
790,588,2019-06-24,160273.37,70337.7,89935.67,PARTIAL,2019-08-19
791,33,2025-05-19,650135.48,392802.16,257333.32,PARTIAL,2025-06-19
792,407,2025-03-07,26370.61,11935.32,14435.29,PAID,2025-05-05
793,435,2022-06-02,704411.16,546870.75,157540.41,PARTIAL,2022-07-10
794,913,2020-02-15,774528.76,504925.22,269603.54,PAID,2020-03-08
795,104,2022-06-24,69280.7,47278.9,22001.8,PARTIAL,2022-08-22
796,375,2024-08-21,196764.63,96482.78,100281.85,PAID,2024-09-04
797,310,2023-09-16,15380.25,11232.63,4147.62,MISSED,
798,867,2025-05-30,112097.0,51534.0,60563.0,PAID,2025-06-08
799,722,2021-01-05,160697.46,139041.03,21656.43,PARTIAL,2021-02-05
800,411,2020-08-27,104940.17,61723.56,43216.61,MISSED,
801,459,2020-07-28,212847.46,199918.48,12928.98,PARTIAL,2020-09-08
802,782,2024-04-09,31188.97,13912.32,17276.65,PARTIAL,2024-05-15
803,938,2024-06-15,99864.56,77481.94,22382.62,PAID,2024-08-03
804,944,2026-11-08,217621.12,117957.78,99663.34,PARTIAL,2026-12-02
805,498,2022-01-07,134137.01,96551.44,37585.57,PAID,2022-02-08
806,602,2020-03-11,19827.17,11983.43,7843.74,PAID,2020-05-04
807,630,2019-02-13,263444.44,222371.11,41073.33,PAID,2019-04-13
808,485,2021-09-23,1569.95,1278.64,291.31,PAID,2021-11-01
809,49,2022-01-13,157013.84,143496.13,13517.71,DUE,
810,779,2019-09-03,114478.97,89979.04,24499.93,MISSED,
811,459,2020-12-25,212847.46,116035.87,96811.59,PARTIAL,2021-02-12
812,840,2024-02-20,131346.85,90405.36,40941.49,MISSED,
813,854,2022-04-24,723459.2,654197.02,69262.18,PAID,2022-05-02
814,4,2026-12-25,21150.81,9196.81,11954.0,DUE,
815,1000,2020-05-19,380091.65,236477.14,143614.51,PARTIAL,2020-06-04
816,858,2019-03-07,700066.21,535368.9,164697.31,PAID,2019-04-01
817,771,2027-06-19,6411.68,4321.21,2090.47,DUE,
818,517,2026-10-20,58110.89,47616.72,10494.17,DUE,
819,731,2025-10-01,75242.77,44284.79,30957.98,MISSED,
820,275,2033-03-27,82151.79,33807.56,48344.23,PARTIAL,2033-03-31
821,592,2024-11-21,27025.6,19475.48,7550.12,PARTIAL,2025-01-05
822,909,2028-01-25,130977.36,97982.16,32995.2,DUE,
823,867,2024-04-05,112097.0,101260.17,10836.83,PARTIAL,2024-04-15
824,400,2023-09-08,29545.74,16880.29,12665.45,PAID,2023-11-04
825,455,2024-11-18,31575.35,13124.21,18451.14,PARTIAL,2024-11-23
826,172,2028-12-04,5911.33,2905.66,3005.67,PARTIAL,2029-01-27
827,863,2029-04-06,153388.99,129011.16,24377.83,PAID,2029-05-17
828,472,2019-09-21,187685.41,132838.78,54846.63,DUE,
829,762,2025-01-08,67084.5,39587.52,27496.98,PARTIAL,2025-01-22
830,931,2024-12-18,5226.63,3690.58,1536.05,DUE,
831,38,2025-01-23,683183.76,390278.02,292905.74,PAID,2025-02-08
832,412,2020-05-05,190229.13,163363.44,26865.69,DUE,
833,911,2023-03-22,56383.63,52427.9,3955.73,PARTIAL,2023-04-07
834,684,2026-06-18,250892.6,178948.89,71943.71,MISSED,
835,923,2023-04-17,435908.29,270346.58,165561.71,PAID,2023-04-23
836,668,2026-03-08,4905.14,2103.93,2801.21,DUE,
837,9,2024-02-02,164746.84,105297.79,59449.05,MISSED,
838,861,2023-11-01,45533.72,24939.05,20594.67,PAID,2023-12-18
839,593,2029-01-12,14006.03,11961.38,2044.65,MISSED,
840,614,2020-06-06,186831.54,174671.09,12160.45,PARTIAL,2020-06-23
841,687,2025-10-12,380428.9,325884.37,54544.53,MISSED,
842,278,2021-05-17,117889.73,95500.52,22389.21,PAID,2021-05-31
843,873,2025-11-08,227271.67,161969.54,65302.13,PARTIAL,2025-12-29
844,546,2025-04-12,155736.99,140290.97,15446.02,MISSED,
845,971,2024-03-21,304348.05,232691.28,71656.77,MISSED,
846,290,2026-11-18,57216.59,44725.03,12491.56,PARTIAL,2026-11-22
847,180,2019-04-23,26917.71,12967.3,13950.41,PARTIAL,2019-05-29
848,389,2020-02-23,98650.2,58459.44,40190.76,PAID,2020-04-11
849,512,2020-06-24,113099.77,89159.8,23939.97,PAID,2020-07-23
850,147,2026-04-07,18475.28,10784.82,7690.46,MISSED,
851,277,2021-07-16,114771.48,69993.9,44777.58,DUE,
852,252,2023-12-04,109340.51,91566.19,17774.32,MISSED,
853,60,2028-02-28,67376.98,38821.14,28555.84,DUE,
854,917,2028-10-20,85487.43,41797.76,43689.67,PARTIAL,2028-11-20
855,751,2027-07-05,27257.97,24639.73,2618.24,MISSED,
856,988,2022-03-13,202751.68,163448.5,39303.18,DUE,
857,583,2025-06-21,16146.94,8723.16,7423.78,DUE,
858,274,2025-10-05,108898.16,77899.15,30999.01,PARTIAL,2025-11-06
859,251,2029-08-14,25831.6,21579.74,4251.86,PARTIAL,2029-09-08
860,740,2019-07-10,330958.96,154660.49,176298.47,MISSED,
861,516,2025-06-18,246165.86,173459.44,72706.42,MISSED,
862,466,2030-04-25,88580.06,61093.12,27486.94,PARTIAL,2030-05-09
863,751,2026-04-11,27257.97,15504.38,11753.59,MISSED,
864,785,2024-12-25,146918.63,123320.7,23597.93,PAID,2024-12-27
865,233,2021-03-30,137995.32,84854.28,53141.04,DUE,
866,896,2024-07-07,135018.23,96384.58,38633.65,PAID,2024-07-15
867,388,2028-01-07,85939.32,35396.3,50543.02,MISSED,
868,115,2024-11-23,17147.01,10359.0,6788.01,MISSED,
869,901,2025-03-07,38746.91,32415.61,6331.3,PARTIAL,2025-03-15
870,889,2027-01-12,81562.99,75077.85,6485.14,PAID,2027-03-08
871,403,2021-10-06,30464.68,15531.93,14932.75,DUE,
872,691,2022-03-16,93343.45,60548.42,32795.03,MISSED,
873,75,2029-07-23,10391.73,6633.25,3758.48,DUE,
874,468,2020-11-03,153687.38,142286.3,11401.08,DUE,
875,707,2023-04-11,100236.42,42261.74,57974.68,MISSED,
876,346,2021-03-27,338872.66,196416.21,142456.45,PARTIAL,2021-04-23
877,400,2025-03-01,29545.74,23036.81,6508.93,PAID,2025-03-26
878,200,2024-08-31,190060.38,145780.42,44279.96,DUE,
879,214,2034-10-06,7715.82,5713.23,2002.59,PAID,2034-12-01
880,181,2024-10-17,86690.38,75730.07,10960.31,PARTIAL,2024-12-04
881,188,2021-12-20,112795.34,48632.73,64162.61,MISSED,
882,609,2025-07-10,90038.99,84142.46,5896.53,PAID,2025-09-05
883,32,2026-12-17,85573.4,64477.11,21096.29,MISSED,
884,577,2021-09-07,252339.29,203245.5,49093.79,MISSED,
885,741,2023-06-21,413943.12,373996.33,39946.79,DUE,
886,179,2028-02-13,57362.43,29282.73,28079.7,MISSED,
887,854,2022-07-23,723459.2,515741.2,207718.0,PAID,2022-09-08
888,507,2023-06-27,125171.71,82504.79,42666.92,PARTIAL,2023-08-04
889,8,2022-12-29,361954.76,180362.16,181592.6,PAID,2023-02-04
890,853,2023-09-09,110523.88,81842.76,28681.12,DUE,
891,70,2020-11-28,66349.7,34171.51,32178.19,DUE,
892,763,2020-04-07,53097.46,30616.22,22481.24,MISSED,
893,904,2023-01-22,28296.13,22422.07,5874.06,PARTIAL,2023-01-25
894,947,2026-02-21,405429.27,371087.61,34341.66,PARTIAL,2026-03-31
895,654,2020-01-21,97715.37,88809.82,8905.55,DUE,
896,232,2020-04-23,202972.43,141310.57,61661.86,PAID,2020-06-17
897,422,2022-11-29,258178.17,209577.34,48600.83,PAID,2023-01-02
898,861,2024-10-26,45533.72,37575.84,7957.88,PAID,2024-10-31
899,245,2024-02-16,57026.27,23246.06,33780.21,DUE,
900,732,2031-10-31,17508.49,9103.67,8404.82,PAID,2031-12-05
901,203,2025-11-08,52418.2,47428.29,4989.91,MISSED,
902,766,2027-05-21,96214.11,88456.2,7757.91,MISSED,
903,72,2027-03-21,48835.06,38857.0,9978.06,DUE,
904,291,2024-08-16,99306.35,76492.93,22813.42,DUE,
905,621,2020-05-12,113600.48,100748.82,12851.66,MISSED,
906,90,2024-11-22,104580.64,83248.23,21332.41,DUE,
907,518,2022-10-28,130445.96,98469.12,31976.84,DUE,
908,408,2028-03-31,15870.3,14689.88,1180.42,PARTIAL,2028-05-12
909,920,2023-11-28,172532.67,144808.66,27724.01,PAID,2023-12-08
910,954,2023-10-30,70765.87,30777.59,39988.28,MISSED,
911,762,2027-10-25,67084.5,48212.44,18872.06,PARTIAL,2027-12-09
912,693,2024-10-25,45520.33,42992.95,2527.38,PAID,2024-12-05
913,666,2025-09-21,111615.57,47218.71,64396.86,DUE,
914,697,2025-03-14,49550.42,36149.35,13401.07,DUE,
915,941,2025-05-14,91647.77,60893.34,30754.43,PAID,2025-05-23
916,745,2021-01-29,85796.81,65175.14,20621.67,MISSED,
917,308,2022-05-02,72439.26,46498.58,25940.68,PAID,2022-06-22
918,36,2021-02-13,750174.75,557894.4,192280.35,PARTIAL,2021-03-02
919,127,2021-12-12,129067.3,87756.04,41311.26,PAID,2021-12-31
920,780,2021-01-06,51157.23,27507.47,23649.76,PARTIAL,2021-01-21
921,498,2021-07-11,134137.01,63884.62,70252.39,PARTIAL,2021-07-16
922,827,2027-03-21,65252.34,44087.29,21165.05,PARTIAL,2027-04-20
923,767,2022-11-04,88748.93,37614.48,51134.45,PAID,2022-12-11
924,134,2028-05-10,171149.07,131560.38,39588.69,PAID,2028-05-15
925,57,2031-02-19,54103.51,23598.01,30505.5,MISSED,
926,935,2022-02-19,61372.22,44706.21,16666.01,DUE,
927,11,2027-01-19,18493.55,13919.71,4573.84,MISSED,
928,788,2028-01-13,4597.68,3619.29,978.39,PAID,2028-03-12
929,979,2026-06-17,42759.93,39901.77,2858.16,DUE,
930,29,2023-11-12,278494.02,225885.35,52608.67,PAID,2024-01-05
931,309,2023-08-31,85767.63,50732.28,35035.35,PARTIAL,2023-10-08
932,704,2023-11-05,85961.59,43998.77,41962.82,DUE,
933,939,2027-05-20,70145.86,57478.89,12666.97,MISSED,
934,860,2026-07-12,153360.83,86094.79,67266.04,DUE,
935,969,2020-06-20,393722.55,258951.78,134770.77,MISSED,
936,807,2023-03-08,178203.46,153015.96,25187.5,MISSED,
937,90,2025-01-21,104580.64,68810.47,35770.17,MISSED,
938,649,2024-12-01,203800.79,130607.35,73193.44,PAID,2025-01-06
939,981,2022-07-26,249465.73,116983.38,132482.35,DUE,
940,309,2023-09-30,85767.63,70553.87,15213.76,MISSED,
941,376,2027-07-06,120932.03,90168.99,30763.04,DUE,
942,972,2021-07-25,106736.6,83113.79,23622.81,PARTIAL,2021-07-29
943,49,2023-02-07,157013.84,65315.03,91698.81,PAID,2023-03-01
944,943,2025-05-02,91947.54,68915.0,23032.54,PAID,2025-05-05
945,397,2021-03-10,29936.66,13566.51,16370.15,MISSED,
946,424,2019-03-12,230198.9,112470.58,117728.32,PARTIAL,2019-05-08
947,122,2025-10-19,108378.46,96251.67,12126.79,DUE,
948,44,2020-10-14,543506.45,399415.51,144090.94,MISSED,
949,965,2020-01-05,109782.24,93678.63,16103.61,PARTIAL,2020-01-31
950,578,2019-02-27,107138.53,64858.0,42280.53,DUE,
951,519,2021-08-14,313480.03,236291.1,77188.93,PARTIAL,2021-09-25
952,90,2023-11-28,104580.64,84865.21,19715.43,DUE,
953,937,2021-12-27,107081.85,50239.56,56842.29,DUE,
954,778,2025-11-19,43385.18,28792.68,14592.5,DUE,
955,912,2025-04-11,124019.98,106139.63,17880.35,MISSED,
956,340,2019-09-04,369693.2,226472.36,143220.84,PAID,2019-09-14
957,893,2027-03-12,54692.21,37585.36,17106.85,PARTIAL,2027-03-30
958,119,2022-01-26,139309.63,73402.28,65907.35,PAID,2022-02-15
959,566,2028-09-25,11961.97,5143.33,6818.64,PAID,2028-11-07
960,945,2023-05-21,65375.9,28293.73,37082.17,MISSED,
961,767,2022-10-05,88748.93,36235.41,52513.52,PAID,2022-10-20
962,846,2023-11-24,160251.31,92098.34,68152.97,PAID,2023-12-06
963,339,2025-03-23,157855.92,101051.86,56804.06,MISSED,
964,318,2027-07-23,74713.38,33282.87,41430.51,PARTIAL,2027-08-22
965,919,2025-04-07,33302.94,29694.04,3608.9,PAID,2025-04-17
966,520,2027-06-25,207355.83,180211.65,27144.18,PARTIAL,2027-07-01
967,390,2025-06-15,19926.09,11385.42,8540.67,PARTIAL,2025-08-07
968,287,2023-07-01,3019.16,2550.43,468.73,PARTIAL,2023-08-07
969,932,2021-10-24,525034.78,416534.91,108499.87,PAID,2021-12-16
970,315,2026-10-11,25603.01,19595.92,6007.09,MISSED,
971,747,2024-12-21,86787.7,65787.98,20999.72,PARTIAL,2025-02-05
972,239,2021-06-04,46090.49,43520.78,2569.71,DUE,
973,279,2024-08-16,95947.01,49829.55,46117.46,DUE,
974,683,2025-02-27,354909.31,306411.33,48497.98,PARTIAL,2025-04-03
975,797,2025-05-15,102308.83,69108.09,33200.74,PARTIAL,2025-06-26
976,526,2022-06-16,47747.26,25301.8,22445.46,DUE,
977,876,2020-05-30,186954.57,87679.32,99275.25,PAID,2020-06-22
978,974,2029-08-09,78368.13,59948.91,18419.22,PARTIAL,2029-09-17
979,65,2021-03-31,280355.77,213097.41,67258.36,PARTIAL,2021-05-19
980,246,2020-09-21,11694.31,10690.1,1004.21,PAID,2020-10-04
981,69,2020-12-04,481100.03,407916.89,73183.14,PAID,2021-01-17
982,544,2021-04-14,97441.25,78694.46,18746.79,PARTIAL,2021-05-05
983,413,2019-09-24,724667.11,425784.89,298882.22,DUE,
984,877,2019-06-16,114312.14,101771.11,12541.03,DUE,
985,654,2022-06-09,97715.37,40055.61,57659.76,PAID,2022-07-13
986,724,2025-08-02,244386.05,199297.43,45088.62,PAID,2025-08-30
987,609,2025-01-11,90038.99,39250.26,50788.73,PAID,2025-03-01
988,761,2025-08-09,154790.73,95647.06,59143.67,DUE,
989,560,2019-03-01,1904.96,1477.87,427.09,DUE,
990,262,2021-09-13,71337.73,32980.59,38357.14,PAID,2021-09-15
991,118,2019-07-06,68467.41,28916.99,39550.42,MISSED,
992,604,2031-12-06,42411.3,28777.96,13633.34,PAID,2031-12-23
993,19,2022-09-21,105277.58,68150.65,37126.93,MISSED,
994,808,2025-09-02,297445.11,250111.2,47333.91,MISSED,
995,647,2020-10-30,119026.85,54156.97,64869.88,DUE,
996,576,2026-04-29,21695.44,18276.93,3418.51,PAID,2026-06-17
997,113,2027-03-10,158279.44,144123.53,14155.91,PAID,2027-03-29
998,853,2025-04-01,110523.88,56544.22,53979.66,DUE,
999,377,2025-11-20,392082.11,204609.57,187472.54,PAID,2026-01-13
1000,632,2027-02-18,19671.86,12890.96,6780.9,PARTIAL,2027-03-02
