payment_id,loan_id,payment_date,payment_amount,principal,interest,late_fee,payment_method,status
1,439,2021-06-30,87336.48,55924.37,31412.11,0.0,UPI,PENDING
2,694,2023-07-28,118783.35,94741.88,24041.47,0.0,Cheque,PENDING
3,883,2022-02-05,93123.5,57547.67,35575.83,0.0,Cheque,PENDING
4,946,2021-02-21,12617.63,5509.38,7108.25,0.0,UPI,POSTED
5,321,2024-11-29,125988.23,110923.6,15064.63,0.0,Cash,FAILED
6,468,2018-01-12,153687.38,135232.63,18454.75,0.0,Cash,FAILED
7,512,2024-12-03,113099.77,48125.36,64974.41,0.0,ECS,PENDING
8,706,2022-06-16,73315.95,63168.59,10147.36,0.0,UPI,PENDING
9,226,2023-09-09,113364.8,94117.06,19247.74,0.0,Cheque,PENDING
10,33,2021-04-26,325067.74,204676.09,120391.65,0.0,IMPS,POSTED
11,880,2025-01-23,100801.16,49344.03,51457.13,0.0,NEFT,POSTED
12,343,2019-12-17,84608.39,42426.32,42182.07,0.0,NEFT,FAILED
13,13,2019-12-16,198215.05,168355.7,29859.35,0.0,IMPS,FAILED
14,840,2022-04-15,131346.85,117413.03,13933.82,0.0,IMPS,FAILED
15,99,2021-04-17,34737.69,22760.81,11976.88,0.0,Cash,FAILED
16,94,2021-07-14,480113.88,217803.57,262310.31,0.0,IMPS,PENDING
17,379,2024-04-14,78537.58,41799.25,36738.33,694.98,UPI,POSTED
18,340,2023-08-11,739386.4,415025.91,324360.49,0.0,Cheque,FAILED
19,629,2018-09-30,687067.6,497927.73,189139.87,0.0,IMPS,FAILED
20,664,2024-09-23,21919.26,12863.56,9055.7,0.0,UPI,PENDING
21,668,2025-08-15,4905.14,2175.64,2729.5,1185.55,ECS,POSTED
22,562,2019-01-03,25673.58,19692.97,5980.61,0.0,Cash,POSTED
23,785,2018-09-17,73459.32,32598.16,40861.16,0.0,Cash,POSTED
24,215,2022-10-02,32957.62,23416.13,9541.49,0.0,ECS,POSTED
25,323,2025-07-05,87221.6,48408.74,38812.86,712.23,Cash,FAILED
26,870,2019-02-22,75254.26,57187.54,18066.72,0.0,IMPS,POSTED
27,29,2022-01-23,417741.03,279850.36,137890.67,0.0,NEFT,PENDING
28,933,2025-07-17,49250.21,29386.92,19863.29,0.0,NEFT,POSTED
29,17,2021-05-12,60638.17,24812.08,35826.09,0.0,IMPS,POSTED
30,898,2023-10-06,347268.07,243066.42,104201.65,873.43,IMPS,FAILED
31,37,2023-03-21,18873.6,12147.38,6726.22,0.0,ECS,FAILED
32,383,2021-06-27,31377.32,18325.2,13052.12,0.0,Cheque,POSTED
33,588,2020-04-19,160273.37,96695.9,63577.47,0.0,Cash,POSTED
34,857,2022-12-19,65670.46,62217.45,3453.01,0.0,ECS,FAILED
35,412,2019-01-15,380458.26,240857.06,139601.2,0.0,NEFT,PENDING
36,836,2019-02-16,42002.75,35678.4,6324.35,0.0,Cheque,POSTED
37,389,2024-09-27,98650.2,92538.42,6111.78,0.0,Cheque,PENDING
38,552,2019-10-18,119540.68,78258.76,41281.92,0.0,Cash,FAILED
39,635,2019-06-23,73022.5,45910.84,27111.66,0.0,ECS,PENDING
40,398,2024-04-26,66291.06,50995.3,15295.76,0.0,ECS,PENDING
41,908,2018-03-27,492397.01,371637.43,120759.58,0.0,ECS,POSTED
42,12,2019-11-27,249162.28,130542.04,118620.24,0.0,UPI,POSTED
43,28,2024-12-30,88679.42,53295.61,35383.81,0.0,Cash,FAILED
44,113,2021-10-01,158279.44,81200.86,77078.58,0.0,IMPS,POSTED
45,576,2021-11-18,43390.88,33117.9,10272.98,0.0,Cash,PENDING
46,581,2023-09-28,417844.16,332867.9,84976.26,0.0,ECS,POSTED
47,750,2024-01-24,44966.5,29698.3,15268.2,0.0,Cash,POSTED
48,116,2024-04-17,1098041.46,492704.33,605337.13,0.0,UPI,FAILED
49,698,2018-12-25,39745.14,31655.88,8089.26,0.0,Cash,FAILED
50,334,2025-07-01,53799.53,27688.18,26111.35,0.0,NEFT,POSTED
51,283,2018-11-30,12968.16,11643.87,1324.29,0.0,Cash,POSTED
52,149,2023-06-29,168716.31,112506.46,56209.85,0.0,NEFT,POSTED
53,764,2023-09-20,193420.35,158160.68,35259.67,0.0,ECS,FAILED
54,743,2018-10-08,798081.33,615549.17,182532.16,0.0,UPI,POSTED
55,851,2023-09-10,69687.14,34814.1,34873.04,0.0,IMPS,FAILED
56,301,2025-05-22,683451.28,363303.88,320147.4,0.0,Cheque,PENDING
57,528,2024-04-20,116988.05,73522.44,43465.61,0.0,IMPS,PENDING
58,115,2018-05-21,17147.01,16029.27,1117.74,0.0,IMPS,FAILED
59,606,2018-03-11,231958.28,182508.61,49449.67,0.0,NEFT,FAILED
60,302,2019-11-04,67311.06,37104.98,30206.08,0.0,ECS,FAILED
61,128,2024-01-18,244268.7,209104.76,35163.94,1718.51,ECS,POSTED
62,507,2023-07-10,250343.42,138107.88,112235.54,0.0,NEFT,POSTED
63,860,2021-10-30,306721.66,235305.55,71416.11,0.0,IMPS,FAILED
64,827,2025-03-02,32626.17,21987.05,10639.12,0.0,IMPS,FAILED
65,118,2020-08-10,68467.41,46246.89,22220.52,0.0,ECS,POSTED
66,644,2021-10-02,2455.21,1810.13,645.08,1024.37,Cash,FAILED
67,377,2021-03-24,392082.11,194718.48,197363.63,0.0,Cash,POSTED
68,650,2018-08-08,512376.3,251203.13,261173.17,0.0,ECS,POSTED
69,275,2018-02-10,82151.79,70804.41,11347.38,0.0,Cash,PENDING
70,737,2025-02-20,116229.78,68089.45,48140.33,0.0,Cash,POSTED
71,849,2024-06-13,152218.46,70621.64,81596.82,0.0,UPI,PENDING
72,45,2025-02-05,209195.76,95744.72,113451.04,0.0,Cheque,PENDING
73,555,2024-07-03,76427.56,31708.43,44719.13,0.0,Cheque,POSTED
74,863,2023-11-28,153388.99,104274.43,49114.56,0.0,Cheque,PENDING
75,365,2021-01-17,200931.9,181099.13,19832.77,0.0,UPI,FAILED
76,450,2019-07-31,67603.08,38000.28,29602.8,0.0,UPI,POSTED
77,296,2023-06-28,327730.45,272929.36,54801.09,0.0,NEFT,FAILED
78,111,2023-01-09,338524.45,212105.61,126418.84,0.0,Cheque,POSTED
79,964,2020-12-12,359523.9,208185.68,151338.22,0.0,IMPS,PENDING
80,313,2022-09-19,538639.42,452742.58,85896.84,0.0,Cheque,POSTED
81,818,2021-04-12,842422.88,484402.2,358020.68,0.0,UPI,FAILED
82,775,2023-09-24,504622.73,386787.16,117835.57,0.0,Cash,PENDING
83,886,2018-03-12,310811.76,228666.42,82145.34,0.0,IMPS,POSTED
84,85,2023-05-03,536760.57,301423.42,235337.15,0.0,Cheque,POSTED
85,230,2022-11-25,297977.08,219057.94,78919.14,746.44,Cheque,POSTED
86,631,2020-05-29,158976.68,105988.41,52988.27,0.0,NEFT,FAILED
87,796,2022-12-13,172461.12,80554.87,91906.25,0.0,NEFT,POSTED
88,264,2019-04-19,198887.12,188454.25,10432.87,1977.84,ECS,FAILED
89,209,2023-11-29,224704.84,115905.02,108799.82,0.0,NEFT,PENDING
90,487,2019-07-17,267780.85,140925.04,126855.81,0.0,Cash,POSTED
91,45,2022-12-26,418391.51,377682.14,40709.37,0.0,IMPS,POSTED
92,843,2023-05-10,12487.83,11471.71,1016.12,0.0,Cash,POSTED
93,166,2020-08-19,235309.72,212806.76,22502.96,0.0,UPI,FAILED
94,569,2023-06-29,300600.75,154916.24,145684.51,402.67,ECS,FAILED
95,350,2023-12-09,391962.68,365393.3,26569.38,0.0,IMPS,FAILED
96,952,2024-02-15,459806.93,429063.54,30743.39,402.32,ECS,FAILED
97,619,2021-02-25,111159.26,98204.86,12954.4,0.0,Cheque,FAILED
98,355,2023-09-10,1150311.44,906683.41,243628.03,0.0,UPI,FAILED
99,96,2023-12-02,75222.77,67817.75,7405.02,0.0,Cheque,FAILED
100,277,2020-01-13,172157.22,80235.2,91922.02,0.0,UPI,FAILED
101,241,2021-03-14,114711.07,95097.23,19613.84,0.0,IMPS,POSTED
102,206,2025-05-19,242525.01,196412.31,46112.7,0.0,IMPS,PENDING
103,193,2021-06-18,7352.6,3699.63,3652.97,0.0,Cash,FAILED
104,102,2024-09-06,222534.34,104633.43,117900.91,0.0,ECS,FAILED
105,692,2020-06-02,244428.58,136897.69,107530.89,0.0,NEFT,FAILED
106,995,2018-05-11,64112.69,47257.45,16855.24,0.0,UPI,PENDING
107,231,2019-04-03,164233.7,83101.18,81132.52,0.0,UPI,POSTED
108,4,2025-05-17,31726.22,24125.68,7600.54,0.0,NEFT,PENDING
109,261,2023-05-21,164113.5,87228.68,76884.82,0.0,ECS,PENDING
110,122,2019-07-09,54189.23,48818.68,5370.55,0.0,Cash,FAILED
111,831,2024-01-20,28243.0,18002.68,10240.32,0.0,ECS,POSTED
112,151,2021-05-27,71445.51,50933.21,20512.3,0.0,UPI,POSTED
113,483,2019-10-29,684742.21,383444.29,301297.92,0.0,NEFT,POSTED
114,452,2022-04-22,615640.27,443629.68,172010.59,0.0,IMPS,POSTED
115,836,2024-01-23,42002.75,18770.74,23232.01,1174.4,Cash,FAILED
116,591,2022-01-01,125398.52,79556.03,45842.49,0.0,ECS,POSTED
117,901,2023-12-31,19373.46,8310.29,11063.17,0.0,ECS,POSTED
118,478,2022-11-28,7446.12,3220.47,4225.65,0.0,NEFT,POSTED
119,100,2022-05-13,555112.73,325700.03,229412.7,0.0,ECS,POSTED
120,35,2018-03-21,44221.78,27075.43,17146.35,0.0,Cheque,PENDING
121,483,2021-07-02,684742.21,494433.55,190308.66,1002.09,UPI,POSTED
122,562,2021-01-11,25673.58,23987.93,1685.65,0.0,ECS,FAILED
123,710,2024-02-18,121479.4,102171.58,19307.82,0.0,ECS,PENDING
124,233,2018-07-14,137995.32,63330.92,74664.4,0.0,ECS,FAILED
125,163,2020-02-26,119451.79,60506.15,58945.64,0.0,NEFT,PENDING
126,846,2019-04-09,80125.65,38191.13,41934.52,0.0,ECS,FAILED
127,892,2020-04-22,147218.48,65885.83,81332.65,0.0,NEFT,POSTED
128,452,2018-04-11,410426.85,172535.9,237890.95,0.0,UPI,PENDING
129,571,2019-12-16,1021758.28,605635.06,416123.22,0.0,NEFT,FAILED
130,164,2021-08-28,65517.03,56794.93,8722.1,0.0,IMPS,FAILED
131,689,2021-02-15,43910.2,26646.14,17264.06,0.0,Cash,FAILED
132,95,2021-05-01,46190.06,27466.7,18723.36,0.0,ECS,POSTED
133,395,2021-10-17,527899.66,314232.15,213667.51,0.0,IMPS,POSTED
134,854,2020-04-15,723459.2,352732.63,370726.57,930.28,Cash,PENDING
135,764,2019-05-30,193420.35,120914.63,72505.72,0.0,Cash,POSTED
136,505,2021-05-30,32187.34,20668.08,11519.26,0.0,IMPS,PENDING
137,963,2019-11-12,245571.49,137970.65,107600.84,0.0,UPI,POSTED
138,369,2024-09-12,115584.3,62808.33,52775.97,795.82,Cheque,PENDING
139,546,2018-08-04,155736.99,85577.11,70159.88,0.0,Cheque,FAILED
140,950,2022-06-19,403651.03,315668.12,87982.91,0.0,Cheque,FAILED
141,498,2020-06-28,67068.51,30830.72,36237.79,0.0,IMPS,PENDING
142,867,2021-11-06,112097.0,99586.03,12510.97,0.0,IMPS,POSTED
143,950,2019-01-12,403651.03,332903.75,70747.28,0.0,UPI,PENDING
144,287,2020-01-22,3019.16,1215.69,1803.47,0.0,UPI,FAILED
145,268,2020-05-25,152433.0,99983.98,52449.02,215.53,Cheque,PENDING
146,858,2024-02-23,350033.1,242283.49,107749.61,0.0,IMPS,FAILED
147,736,2022-02-21,57963.5,54620.17,3343.33,0.0,NEFT,PENDING
148,268,2021-08-06,76216.5,57048.53,19167.97,0.0,Cheque,PENDING
149,589,2024-05-03,14807.3,9857.42,4949.88,0.0,UPI,PENDING
150,945,2019-10-26,130751.8,94075.79,36676.01,1489.31,IMPS,POSTED
151,394,2023-12-12,134827.99,113052.51,21775.48,0.0,Cheque,PENDING
152,600,2023-07-20,75090.38,51842.39,23247.99,0.0,UPI,PENDING
153,536,2025-03-10,58647.87,52728.6,5919.27,0.0,NEFT,PENDING
154,239,2018-08-21,69135.74,31722.64,37413.1,0.0,Cheque,PENDING
155,987,2022-12-04,1194076.17,920710.25,273365.92,1231.18,IMPS,POSTED
156,111,2024-10-03,338524.45,261892.46,76631.99,0.0,IMPS,PENDING
157,494,2018-10-18,233483.08,185067.93,48415.15,0.0,Cheque,POSTED
158,476,2021-10-09,31255.5,16221.57,15033.93,0.0,ECS,POSTED
159,742,2019-08-25,751068.56,629573.83,121494.73,799.49,Cheque,FAILED
160,395,2020-02-20,527899.66,232569.6,295330.06,0.0,Cash,PENDING
161,464,2018-08-16,195087.45,99914.12,95173.33,0.0,Cheque,FAILED
162,252,2022-03-22,54670.25,28521.07,26149.18,0.0,ECS,PENDING
163,320,2022-07-27,48769.87,40708.94,8060.93,0.0,Cash,POSTED
164,728,2024-04-30,6046.0,3379.32,2666.68,0.0,NEFT,PENDING
165,505,2021-09-05,24140.51,22308.94,1831.57,0.0,UPI,POSTED
166,158,2023-11-18,133823.52,73120.18,60703.34,0.0,ECS,PENDING
167,80,2020-02-16,1520.81,1236.01,284.8,1020.62,Cheque,PENDING
168,104,2023-12-07,69280.7,43415.41,25865.29,0.0,ECS,FAILED
169,477,2023-05-05,179449.96,94887.83,84562.13,0.0,UPI,POSTED
170,999,2022-09-01,184035.06,154048.4,29986.66,0.0,Cheque,POSTED
171,503,2021-06-21,148249.62,134842.24,13407.38,0.0,ECS,PENDING
172,653,2024-10-31,323152.28,274095.03,49057.25,0.0,ECS,POSTED
173,609,2023-03-08,45019.5,19567.46,25452.04,0.0,IMPS,FAILED
174,692,2022-06-20,244428.58,197747.13,46681.45,0.0,ECS,PENDING
175,97,2018-01-14,35133.74,31645.81,3487.93,0.0,Cash,POSTED
176,7,2023-08-09,9599.24,8218.3,1380.94,0.0,NEFT,POSTED
177,136,2019-04-24,830564.02,653013.9,177550.12,0.0,NEFT,FAILED
178,43,2021-07-29,15261.17,13195.99,2065.18,0.0,ECS,FAILED
179,931,2018-10-07,10453.26,6359.15,4094.11,0.0,IMPS,FAILED
180,603,2019-04-04,1903.37,1580.93,322.44,929.1,Cheque,PENDING
181,864,2018-09-23,57981.19,49941.49,8039.7,0.0,Cheque,PENDING
182,82,2018-12-01,43383.19,22826.27,20556.92,0.0,NEFT,FAILED
183,156,2022-01-26,7539.97,5369.07,2170.9,0.0,NEFT,FAILED
184,960,2021-09-11,131345.52,98130.5,33215.02,0.0,Cash,POSTED
185,112,2018-09-15,31780.78,13057.72,18723.06,0.0,IMPS,PENDING
186,875,2021-05-19,461769.98,283878.31,177891.67,0.0,NEFT,FAILED
187,283,2019-10-04,12968.16,5783.74,7184.42,0.0,NEFT,PENDING
188,854,2020-12-14,1446918.4,996465.25,450453.15,0.0,Cash,PENDING
189,633,2021-09-08,137947.35,129750.84,8196.51,0.0,NEFT,PENDING
190,667,2019-07-21,68697.92,35612.88,33085.04,440.93,ECS,FAILED
191,475,2025-01-21,110223.3,61517.33,48705.97,0.0,ECS,FAILED
192,985,2020-03-06,83546.47,33527.99,50018.48,0.0,ECS,FAILED
193,212,2024-11-26,1582101.9,746185.92,835915.98,0.0,Cheque,PENDING
194,461,2022-10-09,209879.94,174665.28,35214.66,0.0,IMPS,FAILED
195,906,2019-11-16,31662.5,21551.21,10111.29,0.0,ECS,PENDING
196,934,2020-03-10,294216.75,127684.06,166532.69,1807.12,Cheque,PENDING
197,236,2018-05-09,845196.3,607049.96,238146.34,0.0,Cash,PENDING
198,776,2022-11-25,32313.32,23013.94,9299.38,0.0,NEFT,FAILED
199,624,2022-11-14,63257.04,36153.78,27103.26,0.0,ECS,FAILED
200,43,2020-11-18,61044.7,40961.94,20082.76,665.83,Cheque,PENDING
201,886,2020-11-18,207207.84,155586.67,51621.17,0.0,UPI,PENDING
202,932,2022-07-26,525034.78,345092.66,179942.12,0.0,ECS,POSTED
203,705,2025-02-06,180357.7,83179.76,97177.94,0.0,NEFT,PENDING
204,515,2024-07-11,34913.13,26170.42,8742.71,0.0,Cash,POSTED
205,150,2019-12-12,136999.6,112631.58,24368.02,0.0,IMPS,PENDING
206,775,2023-12-29,672830.3,376275.09,296555.21,0.0,IMPS,FAILED
207,789,2021-04-01,476633.81,371167.24,105466.57,0.0,IMPS,FAILED
208,61,2020-02-14,177664.54,74003.96,103660.58,0.0,UPI,POSTED
209,871,2021-05-14,279100.0,170700.52,108399.48,0.0,Cheque,PENDING
210,368,2020-04-04,165910.72,156708.68,9202.04,0.0,NEFT,POSTED
211,255,2021-06-05,519124.81,414149.58,104975.23,0.0,Cash,PENDING
212,528,2019-10-26,233976.1,193218.88,40757.22,0.0,UPI,PENDING
213,836,2022-02-03,42002.75,32298.63,9704.12,0.0,UPI,POSTED
214,681,2018-01-22,8720.14,7522.88,1197.26,0.0,ECS,POSTED
215,207,2020-08-11,182291.72,119710.86,62580.86,0.0,Cheque,POSTED
216,922,2022-02-05,93139.52,60662.97,32476.55,288.67,IMPS,POSTED
217,118,2018-11-20,68467.41,55580.62,12886.79,0.0,UPI,PENDING
218,858,2019-09-22,700066.21,306645.43,393420.78,0.0,IMPS,POSTED
219,562,2018-10-28,12836.79,7663.62,5173.17,0.0,UPI,PENDING
220,346,2018-06-09,508308.99,420208.96,88100.03,0.0,Cheque,PENDING
221,902,2025-02-24,127667.58,52659.56,75008.02,0.0,UPI,FAILED
222,772,2019-07-16,366801.29,322588.65,44212.64,0.0,ECS,FAILED
223,962,2024-10-08,521271.24,446313.8,74957.44,0.0,UPI,FAILED
224,876,2020-12-20,186954.57,97502.03,89452.54,0.0,Cash,PENDING
225,231,2019-07-21,82116.85,63438.07,18678.78,0.0,Cheque,PENDING
226,150,2023-01-03,273999.2,171848.37,102150.83,0.0,ECS,FAILED
227,539,2019-12-11,86778.62,75925.1,10853.52,1755.54,Cash,PENDING
228,755,2020-07-16,230166.24,173255.07,56911.17,0.0,NEFT,POSTED
229,765,2018-09-09,92412.58,54231.21,38181.37,0.0,Cheque,PENDING
230,81,2021-02-05,109483.55,59818.99,49664.56,453.3,UPI,PENDING
231,138,2024-08-21,95580.89,39848.21,55732.68,0.0,IMPS,FAILED
232,391,2019-04-04,179211.61,164386.3,14825.31,0.0,NEFT,FAILED
233,519,2018-09-17,313480.03,211120.07,102359.96,0.0,NEFT,FAILED
234,554,2024-09-03,70607.63,63515.36,7092.27,0.0,IMPS,FAILED
235,292,2025-05-13,5977.77,3244.5,2733.27,0.0,Cheque,PENDING
236,501,2021-10-08,285601.66,239349.74,46251.92,1020.21,NEFT,FAILED
237,313,2021-09-28,403979.57,263409.5,140570.07,0.0,Cheque,FAILED
238,183,2020-02-06,385568.57,226300.53,159268.04,0.0,ECS,FAILED
239,667,2021-02-19,68697.92,32093.3,36604.62,0.0,IMPS,FAILED
240,606,2024-11-08,463916.56,215790.41,248126.15,0.0,Cash,PENDING
241,540,2021-08-10,36629.21,22141.28,14487.93,0.0,UPI,POSTED
242,739,2021-11-19,132801.83,104502.45,28299.38,0.0,Cash,POSTED
243,1000,2022-11-01,570137.48,283472.02,286665.46,0.0,NEFT,FAILED
244,347,2020-09-15,100834.34,86644.12,14190.22,0.0,UPI,FAILED
245,917,2019-06-08,170974.86,100964.94,70009.92,0.0,NEFT,FAILED
246,343,2025-05-22,169216.78,148317.76,20899.02,0.0,UPI,POSTED
247,466,2023-06-20,177160.12,143586.41,33573.71,0.0,IMPS,POSTED
248,319,2022-01-23,1154758.17,918801.71,235956.46,0.0,ECS,POSTED
249,227,2019-01-25,353582.4,299758.06,53824.34,0.0,IMPS,POSTED
250,503,2020-08-31,296499.24,152232.02,144267.22,0.0,Cash,POSTED
251,914,2021-04-19,216337.39,161731.27,54606.12,0.0,ECS,PENDING
252,440,2024-06-30,145767.62,83277.93,62489.69,0.0,Cheque,PENDING
253,72,2023-02-18,24417.53,12868.99,11548.54,1779.62,NEFT,PENDING
254,918,2025-07-03,2162.53,1674.82,487.71,0.0,ECS,PENDING
255,803,2021-02-15,45755.06,40865.3,4889.76,0.0,NEFT,PENDING
256,444,2019-10-14,163342.7,146965.59,16377.11,0.0,Cash,PENDING
257,204,2025-07-20,15054.46,13106.38,1948.08,0.0,NEFT,POSTED
258,660,2024-09-21,13451.52,6425.25,7026.27,0.0,UPI,FAILED
259,678,2023-05-03,156911.85,88073.47,68838.38,0.0,Cash,PENDING
260,339,2019-02-26,157855.92,82436.77,75419.15,0.0,NEFT,POSTED
261,710,2024-08-13,121479.4,106139.8,15339.6,0.0,IMPS,POSTED
262,847,2022-04-22,18494.48,13663.29,4831.19,0.0,UPI,POSTED
263,751,2024-02-17,27257.97,25382.48,1875.49,0.0,Cheque,PENDING
264,579,2021-02-01,173578.18,76946.63,96631.55,0.0,Cheque,POSTED
265,211,2019-02-11,20716.6,9279.65,11436.95,0.0,UPI,FAILED
266,555,2021-07-25,76427.56,71106.02,5321.54,0.0,UPI,POSTED
267,102,2023-10-23,111267.17,68568.3,42698.87,0.0,ECS,FAILED
268,252,2022-08-02,109340.51,53946.39,55394.12,0.0,UPI,POSTED
269,564,2021-08-25,62835.99,30132.23,32703.76,0.0,Cash,PENDING
270,409,2019-01-18,275363.16,215440.99,59922.17,0.0,Cash,FAILED
271,832,2020-09-11,19804.53,13537.55,6266.98,0.0,UPI,FAILED
272,298,2023-09-25,202317.79,156773.69,45544.1,685.05,NEFT,POSTED
273,5,2023-03-17,150812.94,84566.56,66246.38,0.0,UPI,PENDING
274,756,2023-06-25,94962.21,86050.4,8911.81,0.0,IMPS,PENDING
275,842,2021-11-19,76074.93,51410.26,24664.67,0.0,NEFT,POSTED
276,776,2019-12-18,32313.32,16865.29,15448.03,0.0,NEFT,FAILED
277,444,2020-03-17,40835.68,23802.51,17033.17,0.0,Cash,FAILED
278,518,2022-04-05,130445.96,114938.34,15507.62,0.0,ECS,POSTED
279,848,2021-10-10,184199.86,119926.26,64273.6,912.6,ECS,PENDING
280,590,2025-03-09,126999.44,75744.75,51254.69,0.0,IMPS,FAILED
281,152,2022-10-14,99395.99,91614.73,7781.26,0.0,Cheque,PENDING
282,382,2021-11-18,105840.94,54513.55,51327.39,0.0,IMPS,PENDING
283,278,2019-03-16,235779.46,186271.95,49507.51,0.0,UPI,PENDING
284,15,2025-07-25,74925.43,38026.3,36899.13,0.0,IMPS,FAILED
285,865,2020-05-11,184005.39,132610.32,51395.07,0.0,ECS,POSTED
286,6,2018-10-03,157164.95,119924.42,37240.53,0.0,Cheque,PENDING
287,109,2022-05-07,342369.58,177758.98,164610.6,0.0,ECS,FAILED
288,221,2025-08-05,8446.44,6311.79,2134.65,0.0,ECS,FAILED
289,98,2023-09-04,24745.57,17733.56,7012.01,0.0,ECS,FAILED
290,548,2023-05-12,170050.46,80045.55,90004.91,0.0,ECS,POSTED
291,869,2023-11-20,314218.27,206110.25,108108.02,0.0,Cash,FAILED
292,9,2019-02-25,247120.26,103195.43,143924.83,0.0,UPI,PENDING
293,701,2021-08-01,172003.02,80638.14,91364.88,0.0,IMPS,FAILED
294,802,2018-12-21,15415.14,7257.18,8157.96,0.0,NEFT,POSTED
295,523,2019-03-16,91623.86,80607.63,11016.23,0.0,UPI,POSTED
296,500,2023-06-27,155982.05,69058.4,86923.65,0.0,Cheque,PENDING
297,923,2021-04-01,653862.43,350004.32,303858.11,0.0,NEFT,FAILED
298,995,2023-06-26,256450.78,236601.24,19849.54,0.0,IMPS,PENDING
299,632,2020-10-08,19671.86,12446.2,7225.66,0.0,ECS,FAILED
300,900,2019-06-07,26848.8,17196.97,9651.83,0.0,UPI,PENDING
301,113,2022-04-20,158279.44,115207.84,43071.6,0.0,Cash,POSTED
302,786,2021-09-12,60447.81,41959.3,18488.51,0.0,NEFT,FAILED
303,96,2020-03-10,150445.54,70230.4,80215.14,0.0,ECS,POSTED
304,207,2021-03-06,91145.86,37078.72,54067.14,0.0,Cheque,PENDING
305,866,2025-02-12,118402.56,76078.14,42324.42,0.0,UPI,FAILED
306,303,2022-10-19,279240.7,160121.33,119119.37,0.0,Cheque,POSTED
307,118,2023-10-12,68467.41,35583.82,32883.59,1353.1,ECS,POSTED
308,916,2021-09-13,48844.45,33241.43,15603.02,1920.97,IMPS,POSTED
309,922,2021-12-10,23284.88,12105.03,11179.85,0.0,ECS,POSTED
310,318,2025-06-18,74713.38,45229.92,29483.46,0.0,UPI,PENDING
311,331,2022-09-09,33146.4,23516.09,9630.31,0.0,UPI,POSTED
312,559,2023-07-02,190624.98,106985.5,83639.48,0.0,ECS,POSTED
313,316,2018-12-22,54326.34,31873.54,22452.8,0.0,Cheque,FAILED
314,945,2025-03-06,65375.9,35629.34,29746.56,0.0,ECS,PENDING
315,378,2023-02-22,338216.72,248921.57,89295.15,0.0,Cheque,PENDING
316,432,2022-04-16,166055.34,104945.9,61109.44,0.0,UPI,POSTED
317,898,2022-09-21,347268.07,259574.29,87693.78,0.0,Cheque,POSTED
318,220,2022-03-20,72168.08,62802.65,9365.43,0.0,IMPS,PENDING
319,868,2019-01-24,220278.86,192586.38,27692.48,0.0,UPI,FAILED
320,258,2020-04-11,64804.92,42642.68,22162.24,0.0,ECS,FAILED
321,191,2018-08-14,64878.74,33724.6,31154.14,623.19,Cheque,FAILED
322,252,2021-10-05,218681.02,178315.43,40365.59,0.0,UPI,FAILED
323,117,2023-06-13,3605.83,2805.75,800.08,1649.52,ECS,POSTED
324,82,2025-06-14,21691.6,13891.92,7799.68,0.0,Cash,FAILED
325,369,2019-01-31,173376.45,158232.43,15144.02,0.0,Cheque,PENDING
326,734,2025-03-16,263714.29,173221.16,90493.13,0.0,IMPS,PENDING
327,875,2023-08-13,615693.3,484856.66,130836.64,0.0,UPI,PENDING
328,477,2024-07-07,89724.98,40099.55,49625.43,0.0,Cheque,POSTED
329,470,2024-09-30,102263.01,64344.4,37918.61,0.0,Cheque,POSTED
330,954,2022-03-19,106148.8,83821.54,22327.26,1619.84,UPI,FAILED
331,585,2021-12-22,72196.87,29702.74,42494.13,0.0,UPI,FAILED
332,934,2020-04-16,196144.5,160653.86,35490.64,0.0,Cash,PENDING
333,533,2022-10-10,66085.9,61733.57,4352.33,1185.47,IMPS,POSTED
334,19,2018-03-27,105277.58,52955.31,52322.27,0.0,IMPS,POSTED
335,657,2020-07-24,34370.23,30349.84,4020.39,596.9,ECS,PENDING
336,774,2019-11-21,157355.36,126495.38,30859.98,810.45,ECS,POSTED
337,222,2021-10-13,152600.68,131470.88,21129.8,0.0,IMPS,PENDING
338,448,2018-08-06,61198.12,48444.35,12753.77,0.0,Cheque,PENDING
339,884,2018-10-17,93197.27,64955.54,28241.73,0.0,UPI,FAILED
340,581,2019-11-06,417844.16,302863.18,114980.98,0.0,IMPS,POSTED
341,535,2022-10-04,95235.88,61362.5,33873.38,0.0,UPI,FAILED
342,460,2022-08-12,369768.73,224528.19,145240.54,0.0,UPI,POSTED
343,344,2021-05-13,57072.68,32901.04,24171.64,0.0,IMPS,FAILED
344,233,2019-05-09,137995.32,111440.92,26554.4,1840.65,UPI,POSTED
345,701,2021-05-30,129002.26,110001.35,19000.91,0.0,Cheque,FAILED
346,887,2022-01-25,89692.67,84214.53,5478.14,0.0,ECS,POSTED
347,533,2021-09-20,66085.9,59969.17,6116.73,0.0,ECS,POSTED
348,287,2019-03-02,6038.32,3913.68,2124.64,0.0,UPI,PENDING
349,188,2020-09-24,112795.34,89960.98,22834.36,0.0,NEFT,PENDING
350,837,2025-02-07,828447.84,473231.57,355216.27,0.0,UPI,PENDING
351,127,2023-10-01,193600.95,173124.25,20476.7,0.0,Cash,POSTED
352,866,2018-11-03,78935.04,65596.23,13338.81,0.0,UPI,FAILED
353,745,2021-04-20,171593.62,81954.89,89638.73,1258.43,ECS,POSTED
354,836,2019-03-01,42002.75,19937.96,22064.79,0.0,Cheque,POSTED
355,83,2021-10-27,72673.6,65159.54,7514.06,0.0,ECS,FAILED
356,956,2023-07-02,272689.5,194178.74,78510.76,0.0,NEFT,POSTED
357,281,2018-09-05,142467.36,124871.61,17595.75,1214.89,ECS,FAILED
358,922,2022-09-16,93139.52,70239.35,22900.17,0.0,ECS,FAILED
359,406,2022-05-26,65844.39,43772.22,22072.17,0.0,Cash,POSTED
360,435,2021-07-20,1408822.32,975198.94,433623.38,0.0,Cheque,PENDING
361,167,2020-05-27,204686.72,139460.34,65226.38,0.0,Cash,PENDING
362,99,2025-08-01,23158.46,10829.78,12328.68,0.0,Cheque,FAILED
363,991,2020-03-09,59572.1,45313.66,14258.44,0.0,ECS,PENDING
364,389,2023-05-14,49325.1,37793.97,11531.13,0.0,Cash,FAILED
365,12,2018-01-06,124581.14,61567.32,63013.82,0.0,Cash,POSTED
366,755,2021-02-07,115083.12,67353.37,47729.75,0.0,IMPS,POSTED
367,1,2018-02-13,35602.28,26115.66,9486.62,0.0,UPI,POSTED
368,431,2021-03-20,47132.45,42133.92,4998.53,0.0,Cheque,PENDING
369,756,2024-09-10,47481.11,36193.82,11287.29,0.0,Cash,FAILED
370,662,2021-05-30,979968.8,742933.92,237034.88,0.0,IMPS,FAILED
371,728,2020-03-03,6046.0,3011.69,3034.31,0.0,Cheque,POSTED
372,171,2022-03-29,57370.47,50052.16,7318.31,0.0,Cash,POSTED
373,664,2020-04-27,10959.63,6596.35,4363.28,1501.99,Cash,FAILED
374,377,2021-03-21,392082.11,261229.14,130852.97,0.0,Cash,PENDING
375,220,2018-01-18,108252.12,51833.44,56418.68,0.0,Cash,PENDING
376,211,2018-03-15,62149.8,28675.52,33474.28,0.0,NEFT,PENDING
377,472,2022-02-27,93842.71,50888.68,42954.03,0.0,Cash,PENDING
378,314,2020-09-04,155609.84,130519.8,25090.04,0.0,ECS,FAILED
379,288,2021-07-15,113132.13,105465.71,7666.42,0.0,Cash,POSTED
380,101,2021-03-19,123470.45,59621.48,63848.97,901.59,NEFT,FAILED
381,260,2023-07-06,21141.91,13439.04,7702.87,0.0,Cheque,POSTED
382,825,2025-08-18,55129.54,23852.55,31276.99,215.64,NEFT,PENDING
383,324,2023-11-23,506809.86,349951.01,156858.85,0.0,IMPS,POSTED
384,645,2023-02-27,418521.54,302651.87,115869.67,0.0,Cash,FAILED
385,490,2024-10-06,273801.36,208614.91,65186.45,0.0,UPI,POSTED
386,774,2024-11-15,314710.71,168425.02,146285.69,0.0,NEFT,FAILED
387,457,2022-10-26,378482.76,258050.55,120432.21,0.0,Cash,FAILED
388,595,2023-12-09,73076.94,43117.14,29959.8,0.0,Cash,POSTED
389,571,2022-11-12,766318.71,349727.12,416591.59,762.33,UPI,POSTED
390,256,2021-09-24,45061.4,30197.24,14864.16,0.0,Cheque,FAILED
391,647,2024-11-26,119026.85,79028.75,39998.1,542.4,UPI,PENDING
392,137,2019-04-12,564296.66,413064.06,151232.6,0.0,Cheque,PENDING
393,946,2024-09-10,12617.63,5258.58,7359.05,0.0,NEFT,PENDING
394,181,2024-08-31,130035.57,103844.4,26191.17,0.0,Cash,PENDING
395,158,2019-09-24,89215.68,68202.39,21013.29,0.0,Cheque,POSTED
396,920,2018-08-20,172532.67,107364.93,65167.74,0.0,Cash,FAILED
397,874,2022-08-20,166842.68,128281.8,38560.88,0.0,Cheque,PENDING
398,78,2023-12-23,86592.0,81466.87,5125.13,0.0,UPI,FAILED
399,449,2020-12-20,811202.51,548176.26,263026.25,0.0,Cheque,POSTED
400,223,2018-05-16,69557.69,36068.65,33489.04,0.0,ECS,FAILED
401,435,2019-10-09,704411.16,336114.88,368296.28,0.0,UPI,POSTED
402,248,2019-09-13,79825.43,75128.23,4697.2,0.0,Cash,POSTED
403,399,2021-12-05,32049.3,22129.51,9919.79,0.0,Cheque,POSTED
404,629,2024-01-07,687067.6,559864.83,127202.77,0.0,NEFT,FAILED
405,309,2018-03-29,85767.63,45544.32,40223.31,0.0,Cash,POSTED
406,271,2023-03-29,201495.88,174629.0,26866.88,0.0,IMPS,PENDING
407,784,2019-08-27,66928.51,51085.6,15842.91,0.0,ECS,POSTED
408,477,2019-07-27,134587.47,122583.84,12003.63,0.0,NEFT,FAILED
409,664,2021-12-24,16439.44,13581.09,2858.35,0.0,ECS,FAILED
410,637,2024-08-08,102016.53,64862.56,37153.97,0.0,UPI,FAILED
411,165,2021-01-01,204864.88,171794.17,33070.71,1411.16,IMPS,POSTED
412,893,2020-12-30,82038.32,34110.46,47927.86,0.0,Cash,FAILED
413,229,2021-11-13,317810.7,233288.27,84522.43,0.0,NEFT,PENDING
414,975,2021-08-10,27094.26,25611.37,1482.89,0.0,Cheque,FAILED
415,402,2019-02-15,1062376.5,460884.68,601491.82,0.0,Cheque,FAILED
416,652,2022-12-27,422967.41,202318.36,220649.05,0.0,UPI,PENDING
417,315,2022-04-01,51206.02,39491.62,11714.4,0.0,IMPS,POSTED
418,243,2018-05-20,261877.98,126033.44,135844.54,0.0,Cash,PENDING
419,760,2018-09-03,58958.14,50898.81,8059.33,0.0,Cheque,PENDING
420,783,2022-11-25,323658.72,229684.82,93973.9,0.0,UPI,POSTED
421,919,2021-07-31,16651.47,8969.8,7681.67,0.0,Cheque,PENDING
422,665,2024-08-31,323746.28,131238.09,192508.19,1079.87,ECS,POSTED
423,780,2018-06-03,51157.23,30086.72,21070.51,0.0,ECS,PENDING
424,627,2024-12-05,481922.22,214206.12,267716.1,0.0,Cheque,PENDING
425,951,2024-05-17,62989.97,55219.76,7770.21,0.0,NEFT,POSTED
426,888,2020-11-24,720813.68,414720.35,306093.33,743.56,NEFT,POSTED
427,131,2019-01-28,140055.13,113260.76,26794.37,0.0,Cheque,PENDING
428,287,2018-12-10,3019.16,2240.35,778.81,0.0,Cheque,PENDING
429,672,2018-12-16,456633.73,283621.84,173011.89,0.0,NEFT,POSTED
430,245,2024-03-09,28513.13,16373.87,12139.26,0.0,Cheque,POSTED
431,494,2018-02-24,116741.54,94082.53,22659.01,0.0,Cash,FAILED
432,379,2018-09-24,26179.19,22558.96,3620.23,0.0,NEFT,PENDING
433,926,2019-04-04,156299.62,130025.67,26273.95,0.0,Cheque,PENDING
434,299,2018-06-18,93722.58,79083.73,14638.85,0.0,ECS,PENDING
435,848,2020-02-21,184199.86,143263.23,40936.63,0.0,Cheque,POSTED
436,853,2023-12-13,110523.88,48419.1,62104.78,0.0,Cheque,PENDING
437,911,2023-10-29,84575.44,61856.22,22719.22,0.0,Cheque,PENDING
438,139,2023-09-01,292091.28,271345.37,20745.91,0.0,UPI,POSTED
439,566,2021-03-21,5980.98,3578.66,2402.32,0.0,IMPS,POSTED
440,329,2022-04-20,9211.42,6519.83,2691.59,0.0,ECS,FAILED
441,99,2019-09-06,46316.92,28930.32,17386.6,0.0,UPI,FAILED
442,363,2023-12-04,241365.15,152439.28,88925.87,0.0,Cheque,POSTED
443,562,2021-01-18,25673.58,23843.88,1829.7,0.0,NEFT,FAILED
444,967,2022-10-19,248355.27,234579.34,13775.93,0.0,Cheque,POSTED
445,927,2023-08-09,649559.92,561511.26,88048.66,0.0,IMPS,PENDING
446,523,2023-02-17,91623.86,63332.13,28291.73,0.0,Cash,PENDING
447,157,2020-07-10,28967.17,25254.89,3712.28,189.87,IMPS,PENDING
448,7,2024-07-21,38396.96,36461.72,1935.24,0.0,Cash,POSTED
449,370,2018-02-13,52977.34,25227.31,27750.03,0.0,UPI,FAILED
450,227,2021-10-02,88395.6,55634.2,32761.4,0.0,Cash,PENDING
451,857,2018-08-15,43780.31,18212.68,25567.63,0.0,ECS,FAILED
452,874,2022-01-17,333685.36,201858.57,131826.79,0.0,IMPS,PENDING
453,551,2024-06-11,629079.96,537450.68,91629.28,0.0,UPI,POSTED
454,598,2019-01-30,81941.68,46674.84,35266.84,0.0,Cash,POSTED
455,898,2024-05-11,520902.1,220298.29,300603.81,0.0,NEFT,POSTED
456,711,2024-05-09,529444.74,481990.79,47453.95,0.0,ECS,FAILED
457,128,2018-04-21,122134.35,79456.09,42678.26,616.78,ECS,PENDING
458,192,2020-10-25,371950.58,282226.21,89724.37,0.0,ECS,POSTED
459,833,2025-02-03,123867.08,52897.45,70969.63,0.0,Cash,FAILED
460,137,2020-08-18,376197.77,243591.77,132606.0,1870.43,ECS,POSTED
461,972,2020-10-18,53368.3,39313.19,14055.11,562.4,IMPS,PENDING
462,167,2020-10-20,204686.72,141992.44,62694.28,0.0,ECS,POSTED
463,317,2022-04-30,88977.69,74751.22,14226.47,0.0,NEFT,FAILED
464,454,2020-12-18,87203.44,42239.2,44964.24,0.0,IMPS,PENDING
465,988,2024-03-12,202751.68,127259.59,75492.09,0.0,UPI,FAILED
466,982,2021-09-28,376013.23,158829.74,217183.49,0.0,IMPS,FAILED
467,590,2025-05-17,63499.72,57556.77,5942.95,0.0,NEFT,FAILED
468,119,2021-09-03,139309.63,119485.21,19824.42,0.0,ECS,POSTED
469,874,2021-07-10,166842.68,87005.01,79837.67,0.0,UPI,FAILED
470,825,2021-09-26,36753.03,25626.08,11126.95,0.0,ECS,PENDING
471,465,2024-12-18,84276.04,70801.67,13474.37,0.0,UPI,POSTED
472,819,2021-03-01,452284.64,424663.3,27621.34,0.0,ECS,PENDING
473,686,2025-02-12,40554.51,37526.82,3027.69,0.0,Cash,POSTED
474,910,2024-09-09,323247.14,234888.62,88358.52,0.0,Cash,POSTED
475,37,2018-01-16,12582.4,11390.73,1191.67,0.0,NEFT,PENDING
476,401,2022-10-20,108280.93,76262.97,32017.96,0.0,IMPS,FAILED
477,341,2020-08-20,233178.84,181119.12,52059.72,0.0,Cash,PENDING
478,444,2022-01-16,122507.03,90826.2,31680.83,0.0,Cheque,POSTED
479,173,2025-06-07,52444.83,28925.56,23519.27,1615.31,NEFT,FAILED
480,105,2022-10-19,20093.75,10077.06,10016.69,0.0,IMPS,FAILED
481,867,2021-06-22,168145.5,127021.19,41124.31,0.0,Cash,POSTED
482,320,2022-04-26,48769.87,34225.08,14544.79,0.0,NEFT,FAILED
483,344,2024-01-11,14268.17,10880.39,3387.78,0.0,NEFT,POSTED
484,675,2022-01-17,268344.96,200311.87,68033.09,0.0,NEFT,PENDING
485,442,2019-04-11,23592.01,21714.85,1877.16,0.0,NEFT,PENDING
486,519,2021-03-31,313480.03,157747.17,155732.86,0.0,Cheque,POSTED
487,457,2019-12-01,504643.68,250626.81,254016.87,0.0,UPI,POSTED
488,495,2022-04-07,365044.18,268520.09,96524.09,873.9,NEFT,POSTED
489,355,2023-11-10,1150311.44,675944.65,474366.79,1979.4,IMPS,FAILED
490,202,2019-05-08,247463.86,185356.46,62107.4,0.0,UPI,FAILED
491,698,2023-07-23,79490.28,32456.56,47033.72,0.0,Cash,PENDING
492,29,2023-01-24,278494.02,204844.63,73649.39,0.0,UPI,PENDING
493,107,2023-06-19,214859.69,134078.78,80780.91,0.0,Cheque,FAILED
494,830,2018-08-16,309851.31,145192.59,164658.72,0.0,UPI,PENDING
495,269,2019-09-04,73261.76,34314.14,38947.62,0.0,Cheque,PENDING
496,267,2021-09-29,156095.97,69128.72,86967.25,0.0,UPI,POSTED
497,297,2019-03-04,149954.74,136014.78,13939.96,0.0,Cash,POSTED
498,319,2024-02-20,769838.78,310503.19,459335.59,1705.3,ECS,FAILED
499,463,2018-07-16,469282.2,359998.03,109284.17,0.0,ECS,PENDING
500,314,2021-08-25,77804.92,73886.03,3918.89,0.0,IMPS,POSTED
501,21,2019-01-30,70237.89,42820.07,27417.82,0.0,Cash,FAILED
502,112,2022-04-04,63561.56,58464.27,5097.29,766.34,Cash,POSTED
503,193,2023-05-01,7352.6,6562.66,789.94,0.0,ECS,FAILED
504,634,2018-12-30,45572.76,24924.72,20648.04,0.0,Cheque,POSTED
505,16,2024-12-08,3288.61,2196.23,1092.38,0.0,Cash,FAILED
506,105,2025-05-15,20093.75,18023.85,2069.9,0.0,Cheque,PENDING
507,102,2021-02-19,333801.51,290885.74,42915.77,0.0,IMPS,FAILED
508,794,2020-02-15,186785.26,124676.37,62108.89,0.0,Cheque,POSTED
509,979,2023-03-28,42759.93,31091.68,11668.25,0.0,ECS,FAILED
510,51,2024-01-01,143047.24,76198.99,66848.25,0.0,ECS,PENDING
511,848,2024-01-25,368399.71,254639.57,113760.14,0.0,UPI,POSTED
512,201,2025-04-25,93527.1,79755.15,13771.95,0.0,Cash,POSTED
513,807,2021-06-30,356406.92,326244.32,30162.6,0.0,IMPS,POSTED
514,242,2018-03-31,23710.6,9573.63,14136.97,0.0,IMPS,PENDING
515,731,2019-05-25,150485.54,110699.27,39786.27,0.0,ECS,FAILED
516,491,2020-08-03,234196.61,100474.48,133722.13,0.0,UPI,PENDING
517,245,2019-07-23,57026.27,28560.98,28465.29,0.0,Cash,POSTED
518,853,2022-10-14,165785.82,144467.2,21318.62,0.0,NEFT,POSTED
519,939,2025-04-12,70145.86,62418.1,7727.76,0.0,ECS,PENDING
520,476,2020-08-15,31255.5,16126.72,15128.78,0.0,NEFT,PENDING
521,776,2025-05-14,32313.32,17549.26,14764.06,0.0,IMPS,POSTED
522,985,2024-04-26,83546.47,74251.45,9295.02,0.0,IMPS,POSTED
523,200,2025-08-05,380120.76,224535.84,155584.92,0.0,Cash,PENDING
524,149,2022-09-20,56238.77,42089.13,14149.64,0.0,UPI,POSTED
525,625,2024-04-19,302977.26,238935.03,64042.23,0.0,IMPS,POSTED
526,718,2021-07-11,79426.93,43057.4,36369.53,0.0,ECS,PENDING
527,298,2019-01-09,101158.9,74291.69,26867.21,0.0,UPI,POSTED
528,445,2022-02-12,96241.6,54930.75,41310.85,0.0,UPI,POSTED
529,715,2022-01-17,88939.19,78877.57,10061.62,0.0,ECS,POSTED
530,423,2019-06-05,61834.6,50324.78,11509.82,0.0,NEFT,POSTED
531,194,2023-11-03,183116.39,93756.53,89359.86,0.0,Cheque,FAILED
532,193,2024-01-12,14705.2,10709.77,3995.43,671.16,Cheque,FAILED
533,172,2019-09-30,5911.33,2571.95,3339.38,0.0,Cash,PENDING
534,181,2024-09-09,86690.38,64364.95,22325.43,0.0,Cash,PENDING
535,323,2019-02-23,174443.21,119180.01,55263.2,0.0,Cheque,FAILED
536,909,2024-12-06,261954.72,152777.56,109177.16,0.0,Cheque,POSTED
537,439,2023-07-02,87336.48,55273.71,32062.77,0.0,ECS,POSTED
538,83,2018-01-14,72673.6,35770.57,36903.03,0.0,NEFT,POSTED
539,660,2023-10-14,8967.68,5345.1,3622.58,0.0,UPI,PENDING
540,183,2018-10-29,385568.57,215141.04,170427.53,0.0,IMPS,PENDING
541,693,2021-09-20,45520.33,25432.04,20088.29,0.0,UPI,FAILED
542,237,2024-12-08,34609.5,30700.84,3908.66,1167.66,NEFT,PENDING
543,155,2022-03-03,294358.04,152572.13,141785.91,0.0,NEFT,PENDING
544,706,2020-10-16,73315.95,36297.53,37018.42,0.0,ECS,PENDING
545,201,2025-08-18,187054.2,156071.37,30982.83,0.0,ECS,PENDING
546,976,2023-12-22,72066.14,51578.1,20488.04,0.0,UPI,FAILED
547,156,2020-11-13,15079.93,6878.01,8201.92,0.0,IMPS,PENDING
548,913,2019-03-08,387264.38,271103.87,116160.51,0.0,ECS,POSTED
549,821,2020-05-23,67414.49,32984.84,34429.65,0.0,UPI,POSTED
550,215,2024-07-12,65915.24,61212.0,4703.24,0.0,ECS,PENDING
551,611,2023-09-29,94482.24,44880.86,49601.38,0.0,IMPS,PENDING
552,102,2020-12-08,222534.34,203510.64,19023.7,0.0,NEFT,FAILED
553,137,2022-08-17,752395.54,714418.88,37976.66,0.0,IMPS,PENDING
554,328,2020-04-11,73975.77,33919.49,40056.28,0.0,IMPS,PENDING
555,128,2024-12-05,122134.35,81668.16,40466.19,0.0,Cash,FAILED
556,513,2018-05-13,22607.74,17485.88,5121.86,0.0,Cheque,POSTED
557,214,2020-01-02,7715.82,5364.06,2351.76,0.0,NEFT,FAILED
558,703,2022-05-30,255122.5,149433.23,105689.27,0.0,Cash,FAILED
559,697,2018-06-16,49550.42,25059.62,24490.8,0.0,UPI,FAILED
560,723,2020-02-11,44696.49,18741.4,25955.09,0.0,IMPS,PENDING
561,85,2024-05-13,357840.38,191816.01,166024.37,0.0,Cheque,POSTED
562,363,2021-04-16,160910.1,94325.59,66584.51,0.0,Cheque,FAILED
563,481,2022-11-26,54508.36,45133.31,9375.05,0.0,ECS,POSTED
564,900,2020-05-31,26848.8,17081.92,9766.88,0.0,UPI,FAILED
565,239,2018-03-01,69135.74,50923.79,18211.95,0.0,Cash,FAILED
566,622,2018-11-17,57958.27,46270.54,11687.73,0.0,UPI,FAILED
567,448,2023-07-23,91797.18,86763.04,5034.14,0.0,Cheque,FAILED
568,223,2025-06-28,104336.54,96290.62,8045.92,1996.56,ECS,FAILED
569,582,2021-04-04,835097.3,779578.22,55519.08,974.23,Cash,POSTED
570,178,2020-08-18,401548.44,179054.18,222494.26,0.0,ECS,POSTED
571,146,2021-03-30,5776.52,3461.62,2314.9,0.0,IMPS,FAILED
572,779,2022-06-12,114478.97,102373.55,12105.42,500.41,NEFT,POSTED
573,170,2023-04-24,61353.54,28947.27,32406.27,0.0,Cheque,FAILED
574,412,2022-07-31,190229.13,128574.43,61654.7,0.0,Cheque,PENDING
575,833,2024-01-19,165156.1,90459.37,74696.73,0.0,Cash,POSTED
576,936,2018-10-02,40045.32,31708.48,8336.84,0.0,IMPS,POSTED
577,313,2024-11-27,269319.71,232505.21,36814.5,0.0,Cheque,PENDING
578,752,2022-01-29,128986.2,107670.14,21316.06,0.0,ECS,POSTED
579,349,2021-12-19,191767.78,128944.35,62823.43,0.0,NEFT,FAILED
580,57,2025-06-01,54103.51,35357.83,18745.68,0.0,ECS,FAILED
581,943,2025-01-22,137921.31,130243.09,7678.22,0.0,Cheque,PENDING
582,625,2023-01-23,302977.26,152694.09,150283.17,0.0,Cheque,PENDING
583,209,2020-11-13,112352.42,56579.25,55773.17,0.0,IMPS,PENDING
584,172,2019-02-20,5911.33,3488.21,2423.12,0.0,Cheque,PENDING
585,47,2022-10-04,140288.7,105705.16,34583.54,0.0,Cheque,FAILED
586,111,2024-03-09,169262.23,131207.1,38055.13,0.0,Cheque,FAILED
587,747,2024-12-09,130181.55,60337.73,69843.82,0.0,IMPS,FAILED
588,107,2021-04-10,107429.85,64141.02,43288.83,0.0,IMPS,POSTED
589,682,2018-11-21,14279.18,7613.3,6665.88,0.0,UPI,PENDING
590,733,2019-10-24,472449.73,367767.53,104682.2,1588.84,IMPS,POSTED
591,911,2020-01-19,56383.63,47478.43,8905.2,0.0,NEFT,PENDING
592,709,2020-12-29,58407.02,30404.68,28002.34,0.0,NEFT,PENDING
593,349,2020-05-17,287651.67,261907.69,25743.98,0.0,IMPS,POSTED
594,260,2018-04-18,31712.86,29331.13,2381.73,0.0,UPI,FAILED
595,284,2019-07-21,122992.76,94702.26,28290.5,1428.66,UPI,PENDING
596,541,2025-04-21,50444.31,41026.75,9417.56,0.0,Cash,FAILED
597,877,2019-12-26,57156.07,40730.26,16425.81,0.0,Cheque,POSTED
598,170,2019-09-17,122707.09,101949.89,20757.2,0.0,Cash,POSTED
599,959,2020-11-29,390889.03,323905.92,66983.11,0.0,Cheque,PENDING
600,2,2019-10-24,51500.95,37821.74,13679.21,0.0,Cheque,FAILED
601,16,2024-10-23,6577.22,5069.35,1507.87,0.0,ECS,FAILED
602,326,2024-12-25,44196.43,19496.84,24699.59,0.0,NEFT,POSTED
603,121,2022-12-07,27231.4,12918.61,14312.79,0.0,NEFT,POSTED
604,511,2024-09-17,442912.72,177580.23,265332.49,0.0,IMPS,FAILED
605,242,2023-03-31,11855.3,10747.62,1107.68,0.0,NEFT,PENDING
606,204,2023-03-29,7527.23,5049.18,2478.05,0.0,ECS,PENDING
607,236,2020-09-10,422598.15,174806.33,247791.82,0.0,NEFT,PENDING
608,974,2022-04-17,117552.2,106032.15,11520.05,0.0,Cash,PENDING
609,939,2018-10-03,70145.86,63704.91,6440.95,0.0,ECS,PENDING
610,94,2024-09-02,240056.94,162454.67,77602.27,0.0,Cheque,FAILED
611,309,2019-10-09,85767.63,53753.91,32013.72,0.0,ECS,PENDING
612,310,2020-05-19,7690.12,5584.21,2105.91,0.0,ECS,POSTED
613,658,2025-04-29,184235.57,143755.57,40480.0,0.0,ECS,PENDING
614,841,2022-04-10,61875.8,36410.16,25465.64,0.0,UPI,PENDING
615,443,2023-07-26,36570.89,18795.08,17775.81,0.0,UPI,POSTED
616,337,2018-12-08,169871.4,154630.59,15240.81,0.0,NEFT,FAILED
617,773,2025-03-01,382386.5,197655.14,184731.36,0.0,UPI,POSTED
618,851,2021-06-18,104530.71,79753.99,24776.72,0.0,UPI,FAILED
619,458,2024-11-13,69005.38,35637.78,33367.6,0.0,Cash,PENDING
620,997,2022-11-30,39169.96,22460.3,16709.66,0.0,UPI,POSTED
621,355,2019-12-24,383437.15,294465.99,88971.16,0.0,UPI,PENDING
622,302,2018-01-27,67311.06,37602.2,29708.86,0.0,UPI,FAILED
623,657,2018-11-09,68740.46,38115.85,30624.61,0.0,IMPS,PENDING
624,516,2020-04-17,123082.93,109043.29,14039.64,0.0,IMPS,POSTED
625,110,2022-06-26,423798.6,202557.32,221241.28,0.0,NEFT,FAILED
626,276,2024-05-28,46106.44,24850.48,21255.96,0.0,UPI,PENDING
627,129,2022-04-08,136634.36,101887.48,34746.88,0.0,Cash,PENDING
628,172,2023-03-18,5911.33,4739.09,1172.24,0.0,Cash,PENDING
629,701,2021-07-07,86001.51,43988.44,42013.07,0.0,Cheque,FAILED
630,968,2023-05-25,39786.96,36840.21,2946.75,0.0,IMPS,PENDING
631,491,2025-01-22,234196.61,143450.2,90746.41,0.0,UPI,POSTED
632,5,2018-12-31,150812.94,79607.45,71205.49,0.0,Cash,FAILED
633,794,2024-04-16,249047.02,209531.14,39515.88,0.0,NEFT,POSTED
634,850,2023-01-27,218741.23,108070.99,110670.24,1365.95,Cash,POSTED
635,618,2024-05-10,1604.86,704.18,900.68,0.0,IMPS,FAILED
636,97,2024-01-22,23422.49,10910.1,12512.39,0.0,IMPS,PENDING
637,974,2019-05-20,78368.13,63200.69,15167.44,0.0,Cheque,PENDING
638,598,2021-08-29,109255.58,52729.88,56525.7,0.0,Cash,FAILED
639,902,2020-01-24,127667.58,119226.24,8441.34,0.0,IMPS,FAILED
640,414,2018-10-21,151441.44,125434.75,26006.69,0.0,Cheque,PENDING
641,392,2018-10-14,1418073.14,1296967.19,121105.95,0.0,Cheque,POSTED
642,162,2021-10-13,52571.76,36290.57,16281.19,0.0,Cheque,FAILED
643,344,2018-06-27,28536.34,20336.42,8199.92,0.0,UPI,POSTED
644,293,2023-05-31,173134.3,148951.1,24183.2,0.0,UPI,POSTED
645,81,2020-01-24,109483.55,52062.22,57421.33,0.0,UPI,POSTED
646,926,2020-08-17,117224.71,87206.85,30017.86,1313.02,IMPS,FAILED
647,894,2019-02-03,1598989.66,1243832.25,355157.41,0.0,NEFT,POSTED
648,476,2019-09-17,31255.5,15888.76,15366.74,0.0,NEFT,PENDING
649,754,2024-03-16,117147.19,61200.43,55946.76,0.0,Cheque,FAILED
650,368,2018-10-04,55303.57,43374.98,11928.59,1290.3,Cheque,FAILED
651,510,2023-04-08,44190.3,30826.76,13363.54,0.0,Cheque,POSTED
652,450,2024-03-08,67603.08,41542.9,26060.18,0.0,Cheque,POSTED
653,252,2022-05-23,54670.25,40956.16,13714.09,0.0,NEFT,POSTED
654,608,2022-04-19,61942.52,35986.68,25955.84,0.0,UPI,PENDING
655,816,2023-09-16,58540.52,34324.9,24215.62,0.0,ECS,PENDING
656,159,2018-04-06,160020.17,110463.52,49556.65,0.0,UPI,FAILED
657,652,2021-05-08,634451.11,468175.82,166275.29,0.0,Cheque,FAILED
658,450,2019-08-02,33801.54,16740.11,17061.43,0.0,ECS,POSTED
659,214,2018-02-11,3857.91,2641.69,1216.22,0.0,UPI,POSTED
660,600,2019-05-06,37545.19,33570.5,3974.69,0.0,Cheque,POSTED
661,773,2018-11-06,764773.0,709750.62,55022.38,0.0,Cash,POSTED
662,915,2020-03-09,30797.78,22916.84,7880.94,1997.49,IMPS,FAILED
663,983,2021-10-23,25740.53,22584.86,3155.67,0.0,NEFT,PENDING
664,100,2024-08-16,555112.73,396189.25,158923.48,0.0,ECS,POSTED
665,724,2023-11-01,244386.05,229003.08,15382.97,0.0,ECS,PENDING
666,89,2025-07-24,178405.43,129441.43,48964.0,1926.97,NEFT,PENDING
667,851,2018-08-27,104530.71,84412.46,20118.25,0.0,ECS,FAILED
668,668,2022-10-19,4905.14,2320.1,2585.04,0.0,NEFT,PENDING
669,15,2021-08-04,74925.43,59307.83,15617.6,0.0,ECS,POSTED
670,488,2022-08-11,392219.13,194684.59,197534.54,0.0,IMPS,FAILED
671,275,2019-05-16,164303.58,95208.4,69095.18,0.0,Cheque,POSTED
672,540,2021-12-04,18314.6,15409.19,2905.41,0.0,Cash,FAILED
673,76,2019-05-01,181324.31,100740.04,80584.27,0.0,UPI,PENDING
674,421,2023-08-12,67862.53,57225.27,10637.26,0.0,NEFT,POSTED
675,702,2024-12-13,50805.16,42461.27,8343.89,0.0,ECS,POSTED
676,853,2024-10-09,221047.76,100698.4,120349.36,0.0,UPI,PENDING
677,702,2019-05-10,50805.16,35716.15,15089.01,0.0,ECS,POSTED
678,97,2021-03-14,23422.49,9956.97,13465.52,0.0,UPI,PENDING
679,256,2021-10-15,180245.6,149961.92,30283.68,1067.81,Cheque,FAILED
680,16,2019-02-03,6577.22,6110.33,466.89,0.0,NEFT,FAILED
681,249,2021-10-10,372606.19,195727.51,176878.68,0.0,Cash,PENDING
682,405,2018-07-20,826026.52,536210.31,289816.21,0.0,Cheque,POSTED
683,475,2023-12-06,220446.6,155439.74,65006.86,0.0,Cash,FAILED
684,790,2023-02-27,40488.66,28338.22,12150.44,0.0,NEFT,FAILED
685,236,2021-06-12,422598.15,324649.03,97949.12,0.0,ECS,PENDING
686,999,2018-12-30,61345.02,46414.93,14930.09,0.0,UPI,PENDING
687,486,2020-08-10,61947.02,58504.14,3442.88,0.0,NEFT,FAILED
688,169,2019-01-22,75914.49,35114.63,40799.86,0.0,IMPS,FAILED
689,177,2021-06-28,176357.42,156478.03,19879.39,0.0,UPI,PENDING
690,756,2020-08-16,47481.11,26148.62,21332.49,0.0,Cash,FAILED
691,476,2023-12-22,62511.0,45244.55,17266.45,0.0,IMPS,FAILED
692,423,2020-06-24,41223.07,29631.26,11591.81,0.0,ECS,POSTED
693,953,2019-01-10,248837.84,161340.43,87497.41,0.0,UPI,FAILED
694,232,2020-10-07,202972.43,121344.23,81628.2,0.0,ECS,FAILED
695,373,2019-01-01,49009.94,21939.65,27070.29,0.0,NEFT,POSTED
696,454,2022-05-13,43601.72,19132.19,24469.53,0.0,UPI,POSTED
697,398,2022-07-05,49718.29,39950.87,9767.42,0.0,IMPS,FAILED
698,552,2025-07-25,119540.68,100145.48,19395.2,1869.15,Cheque,PENDING
699,130,2023-12-15,22475.22,18488.23,3986.99,1782.18,Cheque,POSTED
700,548,2022-05-14,170050.46,104794.91,65255.55,0.0,IMPS,PENDING
701,919,2020-11-14,16651.47,9651.4,7000.07,0.0,IMPS,PENDING
702,775,2023-03-05,336415.15,149912.65,186502.5,0.0,Cheque,PENDING
703,874,2020-03-13,333685.36,310589.0,23096.36,0.0,UPI,FAILED
704,77,2022-07-30,34273.8,31623.92,2649.88,1210.01,IMPS,POSTED
705,489,2019-10-08,17126.6,7493.74,9632.86,0.0,ECS,PENDING
706,58,2022-05-18,188479.23,177879.31,10599.92,0.0,Cash,POSTED
707,838,2022-11-29,36842.94,16760.91,20082.03,0.0,IMPS,FAILED
708,590,2020-06-01,63499.72,43337.2,20162.52,0.0,UPI,FAILED
709,53,2021-06-02,1008.42,425.22,583.2,0.0,IMPS,FAILED
710,468,2018-12-28,153687.38,131777.12,21910.26,0.0,IMPS,PENDING
711,878,2021-02-13,85388.62,66118.47,19270.15,0.0,Cash,PENDING
712,469,2019-01-25,125200.3,81644.64,43555.66,0.0,ECS,POSTED
713,842,2019-05-02,152149.86,64121.97,88027.89,0.0,ECS,FAILED
714,706,2025-05-15,36657.97,28627.05,8030.92,0.0,Cheque,POSTED
715,784,2022-02-13,100392.76,63500.35,36892.41,0.0,NEFT,PENDING
716,187,2022-01-20,434711.0,382227.78,52483.22,0.0,Cash,PENDING
717,81,2021-12-02,109483.55,86632.3,22851.25,1976.66,NEFT,POSTED
718,356,2024-10-23,8620.42,5881.67,2738.75,0.0,ECS,FAILED
719,428,2018-09-26,76793.17,48925.93,27867.24,0.0,UPI,FAILED
720,529,2020-02-23,346250.24,294492.21,51758.03,0.0,NEFT,POSTED
721,607,2024-10-05,320757.88,276655.47,44102.41,0.0,NEFT,POSTED
722,847,2019-05-23,36988.96,28831.54,8157.42,0.0,NEFT,POSTED
723,923,2024-07-15,653862.43,464818.3,189044.13,0.0,Cheque,POSTED
724,288,2018-01-31,56566.07,30319.58,26246.49,1762.48,IMPS,FAILED
725,317,2025-05-12,133466.54,101937.01,31529.53,0.0,IMPS,POSTED
726,897,2021-10-21,67978.84,39635.44,28343.4,0.0,IMPS,PENDING
727,562,2023-06-24,12836.79,9883.24,2953.55,0.0,Cheque,POSTED
728,626,2021-08-23,111932.85,48239.53,63693.32,0.0,Cash,FAILED
729,617,2024-04-27,9837.77,5402.69,4435.08,0.0,Cheque,POSTED
730,797,2024-09-02,153463.24,138226.91,15236.33,0.0,NEFT,FAILED
731,431,2020-12-28,70698.67,57605.04,13093.63,0.0,NEFT,PENDING
732,601,2022-08-26,106426.9,66746.5,39680.4,0.0,Cash,FAILED
733,990,2023-04-30,14256.08,9273.28,4982.8,0.0,IMPS,POSTED
734,613,2022-08-11,72175.82,65507.89,6667.93,0.0,IMPS,FAILED
735,808,2020-01-07,594890.22,363835.8,231054.42,0.0,IMPS,FAILED
736,554,2025-02-03,105911.45,69284.77,36626.68,0.0,UPI,POSTED
737,688,2025-02-20,178695.23,80941.62,97753.61,0.0,IMPS,POSTED
738,815,2022-12-27,64204.98,26933.72,37271.26,0.0,Cheque,PENDING
739,346,2021-10-16,169436.33,97791.63,71644.7,0.0,IMPS,FAILED
740,83,2024-02-05,290694.4,268560.36,22134.04,0.0,UPI,FAILED
741,546,2025-05-24,155736.99,100146.23,55590.76,1459.69,ECS,POSTED
742,232,2024-06-09,101486.21,91954.51,9531.7,0.0,Cash,POSTED
743,449,2021-02-14,1622405.02,720965.78,901439.24,0.0,ECS,POSTED
744,247,2021-02-06,266930.65,226505.57,40425.08,0.0,IMPS,POSTED
745,566,2019-12-16,17942.95,13727.48,4215.47,1877.66,IMPS,POSTED
746,300,2022-05-19,12290.11,7024.76,5265.35,0.0,UPI,FAILED
747,201,2022-01-05,187054.2,170190.12,16864.08,0.0,Cash,FAILED
748,167,2023-05-27,204686.72,108060.49,96626.23,0.0,Cheque,POSTED
749,248,2021-06-06,79825.43,66024.6,13800.83,0.0,UPI,FAILED
750,291,2020-10-16,99306.35,85334.45,13971.9,1889.13,ECS,FAILED
751,330,2021-04-27,270096.12,165533.25,104562.87,0.0,Cash,PENDING
752,822,2025-06-18,132356.78,57109.43,75247.35,1175.92,ECS,FAILED
753,636,2018-11-08,23484.4,20635.84,2848.56,0.0,UPI,FAILED
754,668,2023-08-14,4905.14,3032.54,1872.6,0.0,Cash,POSTED
755,612,2024-06-10,128790.33,59881.87,68908.46,0.0,NEFT,FAILED
756,861,2021-12-09,45533.72,36472.35,9061.37,0.0,Cash,FAILED
757,408,2019-06-29,7935.15,3421.75,4513.4,1289.09,ECS,POSTED
758,540,2018-04-16,36629.21,23790.58,12838.63,1221.63,UPI,PENDING
759,383,2018-04-06,31377.32,26428.52,4948.8,0.0,IMPS,PENDING
760,76,2021-11-11,181324.31,157443.07,23881.24,0.0,Cash,FAILED
761,244,2018-06-19,404747.68,323752.9,80994.78,0.0,Cash,PENDING
762,445,2019-09-26,96241.6,39647.53,56594.07,0.0,IMPS,FAILED
763,582,2020-01-03,835097.3,431463.07,403634.23,0.0,IMPS,POSTED
764,471,2018-04-30,1448.9,1172.68,276.22,0.0,UPI,PENDING
765,720,2018-04-29,737425.74,480076.86,257348.88,0.0,NEFT,POSTED
766,913,2021-02-17,1161793.14,1091164.67,70628.47,0.0,NEFT,POSTED
767,664,2023-03-22,10959.63,9908.77,1050.86,0.0,Cash,FAILED
768,947,2021-01-14,405429.27,248683.11,156746.16,0.0,NEFT,POSTED
769,284,2019-04-24,122992.76,83382.04,39610.72,0.0,UPI,FAILED
770,619,2023-09-13,166738.89,133472.69,33266.2,0.0,Cash,PENDING
771,488,2025-02-08,392219.13,251203.46,141015.67,0.0,IMPS,FAILED
772,768,2022-12-04,474779.34,286977.5,187801.84,0.0,IMPS,POSTED
773,795,2024-07-10,144579.94,79861.75,64718.19,0.0,NEFT,PENDING
774,396,2024-01-14,273572.1,128604.02,144968.08,0.0,UPI,FAILED
775,976,2022-01-27,18016.53,11155.51,6861.02,0.0,UPI,FAILED
776,503,2020-05-01,148249.62,68094.94,80154.68,0.0,Cash,FAILED
777,403,2020-09-12,30464.68,28838.68,1626.0,0.0,IMPS,FAILED
778,924,2023-05-14,243617.92,162461.87,81156.05,0.0,Cash,POSTED
779,599,2022-12-31,102764.58,81860.52,20904.06,1995.55,NEFT,POSTED
780,537,2024-01-09,9088.77,7897.33,1191.44,1912.82,NEFT,PENDING
781,499,2024-05-17,68982.61,64343.4,4639.21,0.0,UPI,FAILED
782,518,2023-11-08,260891.92,159172.89,101719.03,0.0,IMPS,FAILED
783,942,2019-12-17,165321.98,96181.21,69140.77,0.0,UPI,PENDING
784,482,2024-01-01,42193.65,26239.89,15953.76,0.0,ECS,PENDING
785,215,2020-12-08,65915.24,38346.36,27568.88,0.0,Cash,PENDING
786,791,2019-04-10,191649.43,101189.77,90459.66,0.0,IMPS,POSTED
787,693,2020-08-14,91040.66,62517.34,28523.32,0.0,Cheque,FAILED
788,862,2023-06-07,733558.21,312344.19,421214.02,0.0,UPI,PENDING
789,677,2023-09-16,74547.34,42731.24,31816.1,0.0,UPI,PENDING
790,448,2022-08-06,30599.06,25422.74,5176.32,0.0,ECS,FAILED
791,359,2024-05-10,35583.99,26251.93,9332.06,0.0,ECS,FAILED
792,343,2022-02-22,338433.56,296767.1,41666.46,0.0,IMPS,POSTED
793,756,2019-07-02,94962.21,89947.25,5014.96,810.71,NEFT,FAILED
794,674,2024-09-28,23698.45,18841.32,4857.13,0.0,NEFT,PENDING
795,118,2022-04-03,102701.12,54551.36,48149.76,0.0,NEFT,POSTED
796,818,2023-03-12,842422.88,394579.22,447843.66,0.0,ECS,FAILED
797,52,2018-09-03,328753.21,146375.74,182377.47,0.0,Cheque,POSTED
798,33,2023-12-26,650135.48,418403.55,231731.93,0.0,IMPS,PENDING
799,458,2023-06-14,46003.59,25741.87,20261.72,0.0,NEFT,FAILED
800,185,2020-07-26,253449.87,110899.64,142550.23,0.0,UPI,FAILED
801,68,2024-03-01,91575.24,48770.66,42804.58,0.0,UPI,PENDING
802,639,2023-10-21,242894.66,145027.58,97867.08,0.0,ECS,FAILED
803,279,2022-05-17,143920.51,98408.7,45511.81,0.0,NEFT,POSTED
804,592,2023-01-31,27025.6,18397.98,8627.62,0.0,Cash,POSTED
805,486,2019-03-15,247788.08,124948.95,122839.13,0.0,NEFT,PENDING
806,937,2021-05-09,107081.85,92853.46,14228.39,0.0,IMPS,FAILED
807,555,2024-11-21,152855.12,63588.9,89266.22,0.0,Cash,POSTED
808,588,2021-05-01,160273.37,110340.51,49932.86,1651.12,NEFT,PENDING
809,298,2022-07-19,404635.58,381014.92,23620.66,0.0,Cheque,FAILED
810,605,2024-03-16,59365.01,29539.73,29825.28,0.0,IMPS,PENDING
811,930,2020-09-20,31601.19,15113.9,16487.29,0.0,IMPS,POSTED
812,704,2018-06-25,128942.38,118725.82,10216.56,0.0,Cheque,POSTED
813,702,2024-05-11,50805.16,36777.36,14027.8,0.0,ECS,POSTED
814,142,2018-06-05,243302.44,225458.76,17843.68,0.0,UPI,POSTED
815,142,2025-03-28,486604.88,330548.38,156056.5,0.0,Cash,FAILED
816,286,2018-05-12,139229.46,77949.07,61280.39,0.0,Cash,FAILED
817,340,2019-11-08,369693.2,247215.76,122477.44,0.0,Cheque,PENDING
818,511,2023-05-05,442912.72,195997.36,246915.36,0.0,ECS,POSTED
819,181,2019-10-11,173380.76,110443.78,62936.98,0.0,IMPS,PENDING
820,522,2021-03-21,299464.52,146264.6,153199.92,0.0,IMPS,FAILED
821,318,2022-09-26,74713.38,70835.55,3877.83,0.0,ECS,POSTED
822,144,2020-06-13,67304.46,47087.37,20217.09,0.0,IMPS,PENDING
823,249,2023-01-04,745212.38,476241.52,268970.86,0.0,NEFT,POSTED
824,765,2021-12-27,138618.87,81586.89,57031.98,0.0,Cheque,PENDING
825,907,2021-02-11,318786.5,233154.98,85631.52,0.0,Cheque,POSTED
826,142,2021-01-16,243302.44,109789.21,133513.23,0.0,UPI,POSTED
827,153,2021-12-28,203778.44,187095.45,16682.99,0.0,Cheque,POSTED
828,754,2024-12-01,117147.19,91272.51,25874.68,0.0,Cheque,POSTED
829,274,2019-03-31,108898.16,98849.48,10048.68,0.0,Cash,POSTED
830,679,2022-08-17,11776.29,10559.22,1217.07,0.0,Cheque,FAILED
831,691,2025-04-24,186686.9,93820.01,92866.89,0.0,IMPS,FAILED
832,838,2021-11-08,36842.94,29653.8,7189.14,719.17,Cheque,PENDING
833,72,2019-02-27,48835.06,42086.39,6748.67,0.0,UPI,PENDING
834,820,2023-11-27,7059.24,3642.49,3416.75,0.0,NEFT,PENDING
835,162,2022-05-05,52571.76,30203.07,22368.69,0.0,Cash,POSTED
836,586,2021-02-19,97207.06,67128.93,30078.13,0.0,NEFT,FAILED
837,102,2018-02-21,333801.51,136194.21,197607.3,0.0,Cheque,FAILED
838,354,2023-08-25,326892.16,216379.04,110513.12,0.0,UPI,POSTED
839,712,2023-04-24,165186.95,69206.04,95980.91,0.0,UPI,POSTED
840,621,2019-09-26,113600.48,64540.14,49060.34,0.0,ECS,POSTED
841,241,2024-03-01,114711.07,97246.63,17464.44,1080.96,Cheque,POSTED
842,501,2020-10-18,285601.66,267529.46,18072.2,1792.62,UPI,FAILED
843,315,2024-05-20,25603.01,10830.61,14772.4,0.0,IMPS,FAILED
844,728,2024-12-16,1511.5,1209.93,301.57,0.0,ECS,FAILED
845,842,2022-07-16,304299.72,227258.57,77041.15,0.0,UPI,FAILED
846,729,2020-09-08,10397.93,6527.05,3870.88,0.0,IMPS,POSTED
847,177,2018-10-27,44089.36,38539.54,5549.82,0.0,Cheque,PENDING
848,6,2018-06-30,52388.32,22110.42,30277.9,0.0,NEFT,POSTED
849,57,2022-01-10,54103.51,25547.21,28556.3,0.0,Cheque,FAILED
850,241,2024-06-16,229422.14,137113.69,92308.45,193.67,Cheque,FAILED
851,32,2021-04-08,85573.4,52254.09,33319.31,0.0,ECS,POSTED
852,886,2019-01-13,207207.84,136464.98,70742.86,0.0,IMPS,PENDING
853,845,2021-12-14,280760.57,207093.78,73666.79,0.0,ECS,PENDING
854,197,2024-05-14,113194.61,94494.81,18699.8,0.0,ECS,FAILED
855,413,2023-10-11,1087000.67,811198.97,275801.7,0.0,Cash,FAILED
856,440,2018-06-08,145767.62,95574.65,50192.97,330.13,ECS,POSTED
857,850,2021-11-27,218741.23,105991.34,112749.89,0.0,IMPS,POSTED
858,404,2020-03-27,703067.29,568145.35,134921.94,0.0,ECS,FAILED
859,712,2025-07-16,165186.95,80110.0,85076.95,1838.29,UPI,PENDING
860,624,2020-11-19,63257.04,51159.03,12098.01,0.0,IMPS,PENDING
861,550,2022-08-30,185941.95,122116.44,63825.51,0.0,UPI,FAILED
862,729,2020-11-07,10397.93,7670.7,2727.23,628.3,UPI,FAILED
863,313,2018-02-04,134659.86,54237.75,80422.11,125.68,UPI,POSTED
864,217,2022-12-22,358335.26,181049.14,177286.12,0.0,Cash,FAILED
865,100,2018-03-12,555112.73,295396.66,259716.07,0.0,NEFT,POSTED
866,151,2021-08-24,285782.02,262303.71,23478.31,0.0,UPI,POSTED
867,229,2023-05-24,158905.35,131766.94,27138.41,1320.18,NEFT,POSTED
868,738,2020-08-21,138357.61,80417.1,57940.51,0.0,IMPS,POSTED
869,483,2023-07-16,684742.21,412894.68,271847.53,0.0,Cash,PENDING
870,81,2018-06-23,437934.22,332094.32,105839.9,0.0,IMPS,FAILED
871,89,2019-05-18,267608.15,239099.38,28508.77,0.0,UPI,PENDING
872,512,2024-10-27,113099.77,84002.82,29096.95,0.0,NEFT,PENDING
873,521,2025-06-15,47454.18,21206.47,26247.71,0.0,Cash,FAILED
874,658,2025-07-28,184235.57,171354.51,12881.06,0.0,ECS,PENDING
875,994,2021-11-24,174471.68,103468.76,71002.92,0.0,UPI,POSTED
876,516,2023-05-24,246165.86,165928.57,80237.29,0.0,IMPS,POSTED
877,970,2020-05-18,28996.17,19715.41,9280.76,0.0,UPI,FAILED
878,565,2019-07-11,142943.8,95795.55,47148.25,0.0,Cheque,PENDING
879,282,2020-11-15,101286.7,70373.65,30913.05,0.0,ECS,POSTED
880,684,2020-03-22,501785.2,350206.16,151579.04,0.0,IMPS,FAILED
881,928,2025-08-02,141371.78,122843.13,18528.65,0.0,IMPS,POSTED
882,631,2020-07-13,158976.68,146752.08,12224.6,0.0,IMPS,PENDING
883,48,2018-09-27,32916.48,28768.68,4147.8,1926.62,NEFT,POSTED
884,862,2023-06-19,978077.62,411680.82,566396.8,0.0,IMPS,POSTED
885,412,2018-07-01,190229.13,106905.85,83323.28,0.0,Cheque,PENDING
886,85,2020-01-24,357840.38,256815.58,101024.8,0.0,ECS,FAILED
887,160,2022-05-09,262359.07,198345.16,64013.91,0.0,IMPS,PENDING
888,870,2024-09-14,75254.26,59224.51,16029.75,0.0,Cash,FAILED
889,23,2021-05-16,95296.07,64609.7,30686.37,0.0,Cash,POSTED
890,626,2022-01-12,74621.9,46385.75,28236.15,0.0,ECS,FAILED
891,881,2024-03-27,148259.34,104205.32,44054.02,0.0,ECS,FAILED
892,18,2023-05-24,348000.4,235409.9,112590.5,0.0,IMPS,FAILED
893,829,2020-08-30,11622.48,8389.55,3232.93,0.0,NEFT,FAILED
894,387,2020-03-22,79719.33,73881.69,5837.64,0.0,NEFT,FAILED
895,645,2024-08-20,209260.77,197473.22,11787.55,0.0,UPI,PENDING
896,123,2025-05-24,182735.47,105231.97,77503.5,0.0,Cash,POSTED
897,257,2021-07-23,28908.92,15933.82,12975.1,0.0,Cash,PENDING
898,684,2019-11-26,250892.6,104310.5,146582.1,0.0,Cheque,FAILED
899,681,2019-09-20,8720.14,7199.06,1521.08,0.0,NEFT,POSTED
900,12,2020-03-22,124581.14,86470.03,38111.11,0.0,UPI,FAILED
901,796,2023-02-28,86230.56,53734.02,32496.54,566.66,UPI,PENDING
902,632,2019-02-01,39343.72,34276.61,5067.11,0.0,Cheque,PENDING
903,864,2020-08-10,115962.39,108953.24,7009.15,556.0,ECS,FAILED
904,854,2020-02-03,723459.2,577763.85,145695.35,0.0,Cash,PENDING
905,519,2020-05-08,313480.03,133509.8,179970.23,0.0,UPI,FAILED
906,830,2020-02-09,309851.31,284090.11,25761.2,0.0,Cheque,POSTED
907,396,2025-06-05,136786.05,61186.4,75599.65,958.64,ECS,POSTED
908,7,2020-07-14,19198.48,8138.29,11060.19,0.0,Cash,POSTED
909,448,2018-09-28,61198.12,34943.93,26254.19,0.0,IMPS,POSTED
910,486,2025-01-10,185841.06,81118.5,104722.56,0.0,Cheque,POSTED
911,19,2018-09-12,52638.79,42817.24,9821.55,0.0,ECS,POSTED
912,245,2018-08-30,114052.54,85653.61,28398.93,0.0,IMPS,FAILED
913,603,2018-03-17,3806.74,3439.92,366.82,0.0,UPI,POSTED
914,855,2025-03-16,49535.31,24218.59,25316.72,0.0,UPI,FAILED
915,886,2018-11-16,310811.76,149965.92,160845.84,0.0,NEFT,PENDING
916,296,2020-10-20,655460.9,423794.14,231666.76,0.0,IMPS,PENDING
917,387,2018-11-06,239157.99,191873.47,47284.52,0.0,IMPS,PENDING
918,575,2024-06-06,152692.43,92427.33,60265.1,0.0,Cheque,FAILED
919,849,2020-03-14,152218.46,137248.91,14969.55,1279.97,Cash,PENDING
920,500,2018-07-02,311964.1,289965.51,21998.59,0.0,Cheque,PENDING
921,760,2019-05-02,88437.21,44379.33,44057.88,0.0,ECS,FAILED
922,808,2020-07-07,297445.11,273266.57,24178.54,0.0,UPI,PENDING
923,356,2022-09-25,2155.11,1533.6,621.51,0.0,Cheque,PENDING
924,557,2018-10-16,30500.55,18524.45,11976.1,0.0,Cheque,FAILED
925,122,2022-04-27,216756.92,187538.03,29218.89,0.0,NEFT,FAILED
926,735,2023-02-18,174402.86,134417.74,39985.12,0.0,Cheque,FAILED
927,435,2022-03-24,704411.16,458411.87,245999.29,663.25,Cheque,FAILED
928,435,2022-03-01,1056616.74,684112.31,372504.43,0.0,IMPS,FAILED
929,931,2023-03-16,5226.63,3337.34,1889.29,0.0,UPI,FAILED
930,520,2018-03-06,103677.91,92931.41,10746.5,0.0,UPI,PENDING
931,538,2019-06-30,691260.25,525780.02,165480.23,0.0,Cash,POSTED
932,858,2020-07-06,1050099.31,557961.88,492137.43,0.0,IMPS,FAILED
933,96,2025-06-13,300891.08,149435.11,151455.97,0.0,Cheque,PENDING
934,836,2021-10-15,42002.75,18006.93,23995.82,0.0,Cheque,PENDING
935,268,2022-07-08,38108.25,30834.68,7273.57,0.0,NEFT,POSTED
936,997,2023-02-27,39169.96,18582.78,20587.18,0.0,ECS,FAILED
937,341,2023-10-07,116589.42,90268.38,26321.04,0.0,UPI,FAILED
938,538,2018-03-03,691260.25,650303.72,40956.53,0.0,NEFT,FAILED
939,673,2021-11-20,293666.76,243000.49,50666.27,0.0,Cash,PENDING
940,634,2020-06-11,22786.38,15532.04,7254.34,0.0,Cash,FAILED
941,33,2022-12-02,975203.22,782654.34,192548.88,0.0,UPI,FAILED
942,616,2018-02-11,292176.19,137342.82,154833.37,0.0,UPI,POSTED
943,355,2021-03-01,766874.29,632756.57,134117.72,0.0,ECS,FAILED
944,847,2023-07-09,18494.48,16480.46,2014.02,0.0,UPI,FAILED
945,995,2021-03-14,192338.08,155487.96,36850.12,0.0,ECS,FAILED
946,451,2019-10-11,55311.29,40670.74,14640.55,0.0,Cheque,PENDING
947,246,2020-11-14,11694.31,7395.15,4299.16,0.0,UPI,POSTED
948,994,2024-12-02,87235.84,39901.95,47333.89,1299.17,UPI,PENDING
949,988,2023-02-08,202751.68,110762.87,91988.81,0.0,Cash,POSTED
950,574,2025-06-15,692762.5,298749.35,394013.15,0.0,NEFT,POSTED
951,868,2019-02-18,440557.71,388131.65,52426.06,0.0,Cash,POSTED
952,65,2025-08-04,420533.66,185935.91,234597.75,0.0,Cash,POSTED
953,8,2021-01-01,361954.76,287282.28,74672.48,0.0,Cheque,POSTED
954,734,2018-07-04,175809.53,148644.29,27165.24,1746.18,Cheque,FAILED
955,23,2019-09-06,190592.14,84493.96,106098.18,0.0,Cheque,FAILED
956,664,2022-06-17,5479.81,3135.82,2343.99,0.0,IMPS,PENDING
957,112,2025-02-09,15890.39,10496.0,5394.39,0.0,Cash,FAILED
958,263,2018-12-27,115215.25,71921.72,43293.53,792.01,IMPS,POSTED
959,826,2020-01-21,193051.31,168467.81,24583.5,746.5,Cheque,POSTED
960,425,2021-05-20,1493865.08,1106706.78,387158.3,0.0,Cash,PENDING
961,199,2018-04-07,502228.22,255141.48,247086.74,0.0,Cheque,PENDING
962,733,2021-06-14,472449.73,292819.21,179630.52,0.0,Cash,PENDING
963,269,2020-05-05,73261.76,36531.78,36729.98,0.0,UPI,POSTED
964,66,2024-05-10,19680.31,12344.9,7335.41,0.0,IMPS,PENDING
965,21,2022-05-29,140475.78,89811.57,50664.21,0.0,UPI,FAILED
966,492,2023-06-12,127579.15,94891.51,32687.64,0.0,NEFT,PENDING
967,67,2021-06-19,255656.62,123312.68,132343.94,623.38,Cash,PENDING
968,790,2024-07-19,40488.66,31451.28,9037.38,0.0,IMPS,POSTED
969,585,2018-03-12,288787.48,157683.13,131104.35,1496.26,ECS,FAILED
970,284,2018-06-10,122992.76,112664.36,10328.4,0.0,Cheque,FAILED
971,264,2025-02-22,397774.24,247501.31,150272.93,0.0,NEFT,POSTED
972,940,2023-02-10,260356.54,111182.91,149173.63,0.0,UPI,FAILED
973,107,2019-12-10,214859.69,176455.18,38404.51,1577.35,NEFT,FAILED
974,272,2023-04-18,282254.02,116918.53,165335.49,0.0,ECS,FAILED
975,821,2019-10-11,269657.98,110412.91,159245.07,0.0,Cheque,POSTED
976,393,2020-05-15,13550.42,9642.51,3907.91,0.0,NEFT,FAILED
977,250,2022-05-21,83123.6,47780.03,35343.57,354.78,Cheque,PENDING
978,370,2023-06-29,211909.36,176296.86,35612.5,0.0,UPI,FAILED
979,173,2021-04-15,78667.24,63625.63,15041.61,0.0,UPI,POSTED
980,3,2018-04-19,9812.38,4859.62,4952.76,0.0,Cheque,POSTED
981,525,2020-05-17,42474.66,31534.38,10940.28,0.0,ECS,PENDING
982,506,2024-05-25,15107.67,10144.16,4963.51,0.0,UPI,FAILED
983,587,2022-11-24,202731.07,135890.56,66840.51,0.0,ECS,PENDING
984,145,2024-11-15,28208.23,14962.48,13245.75,1436.0,Cheque,POSTED
985,255,2020-05-08,519124.81,266540.53,252584.28,569.75,Cash,POSTED
986,729,2024-02-04,10397.93,8274.07,2123.86,0.0,IMPS,FAILED
987,849,2025-02-08,76109.23,62735.51,13373.72,0.0,UPI,POSTED
988,589,2020-11-05,3701.82,2023.24,1678.58,0.0,Cash,POSTED
989,775,2022-10-24,504622.73,247863.44,256759.29,0.0,Cheque,POSTED
990,80,2024-01-06,6083.22,2863.51,3219.71,0.0,Cheque,POSTED
991,833,2019-02-01,82578.05,41869.14,40708.91,0.0,Cash,POSTED
992,218,2023-11-13,110036.76,95655.07,14381.69,0.0,UPI,FAILED
993,655,2025-03-13,165580.71,146204.79,19375.92,0.0,UPI,POSTED
994,223,2019-07-24,69557.69,37471.45,32086.24,0.0,NEFT,PENDING
995,892,2024-03-28,147218.48,76282.89,70935.59,0.0,ECS,POSTED
996,349,2020-10-26,95883.89,53837.34,42046.55,1874.34,Cash,FAILED
997,287,2023-05-08,3019.16,2222.29,796.87,0.0,Cash,PENDING
998,714,2019-01-05,108212.03,68535.24,39676.79,0.0,IMPS,POSTED
999,4,2021-11-10,21150.81,15279.8,5871.01,0.0,ECS,PENDING
1000,708,2021-08-10,40055.21,32669.58,7385.63,0.0,Cheque,POSTED
